Workbook

Sheet Form responses 1
A1: Timestamp | B1: Nomor Tiket (Kode Loket/No Antrian/ddmmyy/No urut berkas) | C1: Nama Pemohon | D1: Nomor Telpon (pastikan nomor tlpn aktif) | E1: Jenis Permohonan | F1: Nomor Hak Sebelum Gandes (jika ada) *Format (Jenis Hak.Nomor Hak/Kelurahan-Sekarang;Jenis Hak.Nomor Hak/Kelurahan-Dahulu) *Jika tanpa Sertipikat beri "-" | G1: Nama Petugas Loket | H1: Pembetulan Berkas ke.... | I1: Kelurahan Sekarang | J1: Nomor Hak Sebelum Gandes (jika ada) *Format ( Jenis Hak.Nomor Hak/Kelurahan-Sekarang) *Jika tanpa Sertipikat beri atau tidak gandes beri tanda "-" | L1: Combine
A4: 45579.361 | B4: L/1/141024/1 | C4: CHAIRUL ANWAR SATAR | D4: 082175406622 | E4: ROYA | F4: HM 9463/GEDUNG MENENG | G4: Deby | H4: P0 | I4: GEDUNG MENENG
A5: 45579.377 | B5: L/2/141024/1 | C5: RIRIN OKTARINA | D5: 089632241202 | E5: ROYA | F5: HM 17565/SUKARAME I | G5: Deby | H5: P0 | I5: SUKARAME I
A6: 45579.399 | B6: K/3/141024/1 | C6: GURUH SAMODRA AJI, ST.MT/WAHYUDIN | D6: 082371259997 | E6: PTPGT | F6: - | G6: Baynur | H6: P0 | I6: WAY LAGA
A7: 45579.401 | B7: K/4/141024/2 | C7: GURUH SAMODRA AJI, ST.MT/WAHYUDIN | D7: 082371259997 | E7: PTPGT | F7: - | G7: Baynur | H7: P0 | I7: WAY LAGA
A8: 45579.403 | B8: L/5/141024/1 | C8: SITI NAZROH | D8: 08117208600 | E8: ROYA | F8: M.9974/TANJUNG BARU | G8: Nuraini | H8: P0 | I8: TANJUNG BARU
A9: 45579.405 | B9: L/6/141024/1 | C9: EMY MARSINEM | D9: 081272529928 | E9: PLOT SERTIPIKAT HILANG | F9: HM 154/SUSUNAN BARU | G9: Deby | H9: P0 | I9: SUSUNAN BARU
A10: 45579.41 | B10: K/7/141024/1 | C10: IKE FEBRINA, S.IP | D10: 081927983379 | E10: ANGKAT SITA | F10: M. 631/Pahoman- sekarang; M. 631/Pahoman-Dahulu | G10: Hananda | H10: P0 | I10: PAHOMAN
A11: 45579.416 | B11: L/8/141024/1 | C11: JUNAIDI | D11: 082377111476 | E11: HAPUS BPHTB | F11: M.1134/GULAK GALIK | G11: Nuraini | H11: P0 | I11: GULAK GALIK
A12: 45579.424 | B12: K/9/141024/1 | C12: LEOSA AUGDETA/LINGGA AYU B | D12: 082175944544 | E12: ROYA | F12: M.11980/JAGABAYA II | G12: Baynur | H12: P0 | I12: JAGABAYA II
A13: 45579.435 | B13: L/11/141024/1 | C13: HENNY INDRIYANI | D13: 081369690601 | E13: ROYA | F13: HM 1505 LABUHAN DALAM & HM 1506 LABUHAN DALAM | G13: Deby | H13: P0 | I13: LABUHAN DALAM
A14: 45579.445 | B14: K/10/141024/2 | C14: ANTONI SINULINGGA /LINGGA A | D14: 082175944544 | E14: GANDES | F14: - | G14: Baynur | H14: P0 | I14: TANJUNG SENENG
A15: 45579.446 | B15: K/12/141024/1 | C15: META ARIDHOTU PRANATA /PANARY SITOPU | D15: 081361444098 | E15: ROYA | F15: M.3326/LANGKAPURA | G15: Baynur | H15: P0 | I15: LANGKAPURA
... A1505: 45613.434 | B1505: L/1/171125/1 | C1505: MOH SOCHIB HIDAYATULLAH | D1505: 085378788988 | E1505: SKPT INFORMASI | F1505: B. 1356/TANJUNG SENENG | G1505: Hananda | H1505: P0 | I1505: TANJUNG SENENG
L1506: =if(A1506="","", CONCATENATE("Sekarang;",F1506," Dahulu;",J1506))
L1507: =if(A1507="","", CONCATENATE("Sekarang;",F1507," Dahulu;",J1507))
L1508: =if(A1508="","", CONCATENATE("Sekarang;",F1508," Dahulu;",J1508))
L1509: =if(A1509="","", CONCATENATE("Sekarang;",F1509," Dahulu;",J1509))
L1510: =if(A1510="","", CONCATENATE("Sekarang;",F1510," Dahulu;",J1510))
L1511: =if(A1511="","", CONCATENATE("Sekarang;",F1511," Dahulu;",J1511))
L1512: =if(A1512="","", CONCATENATE("Sekarang;",F1512," Dahulu;",J1512))
L1513: =if(A1513="","", CONCATENATE("Sekarang;",F1513," Dahulu;",J1513))
L1514: =if(A1514="","", CONCATENATE("Sekarang;",F1514," Dahulu;",J1514))
L1515: =if(A1515="","", CONCATENATE("Sekarang;",F1515," Dahulu;",J1515))
L1516: =if(A1516="","", CONCATENATE("Sekarang;",F1516," Dahulu;",J1516))
L1517: =if(A1517="","", CONCATENATE("Sekarang;",F1517," Dahulu;",J1517))
... L2604: =if(A2604="","", CONCATENATE("Sekarang;",F2604," Dahulu;",J2604))

Sheet Verifikator
A1: ` | B1: kf | C1: 2 | D1: =C1+1 -> 3 | E1: =D1+1 -> 4 | F1: =E1+1 -> 5 | G1: =F1+1 -> 6 | H1: =G1+1 -> 7 | J1: =H1+1 -> 8 | K1: =J1+1 -> 9 | L1: =K1+1 -> 10 | M1: =L1+1 -> 11 | N1: =M1+1 -> 12 | O1: =N1+1 -> 13 | P1: =O1+1 -> 14 | Q1: =P1+1 -> 15 | R1: =Q1+1 -> 16 | ... V1: =U1+1 -> 20 | X1: =V1+1 -> 21 | Y1: =X1+1 -> 22
B3: Nomor Tiket | C3: Tanggal Pemohonan Masuk | D3: Combine | E3: Nama Pemohon | F3: Nomor Telpon | G3: Jenis Permohonan | H3: Nomor Hak | I3: Kelurahan | J3: Nama Petugas Loket | K3: Nama Verifikator | L3: Tanggal Terima Berkas (Verifikator) | M3: Catatan 1 | N3: Catatan 2 | O3: Catatan 3 | P3: Catatan 4 | Q3: Catatan 5 | R3: Catatan 6 | S3: Catatan 7 | T3: Catatan 8 | U3: Catatan 9 | V3: Catatan 10 | W3: Status Berkas | X3: Tanggal Selesai Verifikasi | Y3: Cetak Form Perbaikan | Z3: Kolom sajian Perbaiakan | AA3: TANGGAL DIKEMBALIKAN | AB3: catatan
B4: L/17/141024/1 | C4: {=IF(B4="","",_xlfn.XLOOKUP(B4,'Form responses 1'!$B$2:$B$2604,'Form responses 1'!$A$2:$A$2604,""))} -> 45579.478 | D4: =if(and(B4="",C4=""),"",CONCATENATE(B4,"_",C4)) -> L/17/141024/1_45579.4777229977 | E4: {=IF(B4="","",_xlfn.XLOOKUP(B4,'Form responses 1'!$B$2:$B$2604,'Form responses 1'!$C$2:$C$2604,""))} -> SARIFUDDIN HUTAGALUNG | F4: {=IF(B4="","",_xlfn.XLOOKUP(B4,'Form responses 1'!$B$2:$B$2604,'Form responses 1'!$D$2:$D$2604,""))} -> 081369303456 | G4: {=IF(B4="","",_xlfn.XLOOKUP(B4,'Form responses 1'!$B$2:$B$2604,'Form responses 1'!$E$2:$E$2604,""))} -> ROYA | H4: {=IF(B4="","",_xlfn.XLOOKUP(B4,'Form responses 1'!$B$2:$B$2604,'Form responses 1'!$F$2:$F$2604,""))} -> HM 2144/WAY KANDIS | I4: {=IF(B4="","",_xlfn.XLOOKUP(B4,'Form responses 1'!$B$2:$B$2604,'Form responses 1'!$I$2:$I$2604,""))} -> WAY KANDIS | J4: {=IF(B4="","",_xlfn.XLOOKUP(B4,'Form responses 1'!$B$2:$B$2604,'Form responses 1'!$G$2:$G$2604,""))} -> Deby | K4: Fikka | L4: =IF(K4<>"",IF(L4<>"",L4,NOW()),"") -> 45579.712 | M4: PLOTING + VALBID | N4: BEDA NAMA PEMILIK ANTARA SERTIPIKAT DAN KTP | W4: PERBAIKAN | X4: =IF(W4<>"",IF(X4<>"",X4,NOW()),"") -> 45579.697 | Y4: Cetak | Z4: =COUNTA(M4:V4) -> 2
B5: K/41/141024/1 | C5: {=IF(B5="","",_xlfn.XLOOKUP(B5,'Form responses 1'!$B$2:$B$2604,'Form responses 1'!$A$2:$A$2604,""))} -> 45579.616 | D5: =if(and(B5="",C5=""),"",CONCATENATE(B5,"_",C5)) -> K/41/141024/1_45579.6163003704 | E5: {=IF(B5="","",_xlfn.XLOOKUP(B5,'Form responses 1'!$B$2:$B$2604,'Form responses 1'!$C$2:$C$2604,""))} -> RAHMADIYANTI | F5: {=IF(B5="","",_xlfn.XLOOKUP(B5,'Form responses 1'!$B$2:$B$2604,'Form responses 1'!$D$2:$D$2604,""))} -> 082182090051 | G5: {=IF(B5="","",_xlfn.XLOOKUP(B5,'Form responses 1'!$B$2:$B$2604,'Form responses 1'!$E$2:$E$2604,""))} -> ROYA | H5: {=IF(B5="","",_xlfn.XLOOKUP(B5,'Form responses 1'!$B$2:$B$2604,'Form responses 1'!$F$2:$F$2604,""))} -> M. 2283/ GEDONG AIR | I5: {=IF(B5="","",_xlfn.XLOOKUP(B5,'Form responses 1'!$B$2:$B$2604,'Form responses 1'!$I$2:$I$2604,""))} -> GEDONG AIR | J5: {=IF(B5="","",_xlfn.XLOOKUP(B5,'Form responses 1'!$B$2:$B$2604,'Form responses 1'!$G$2:$G$2604,""))} -> Hananda | K5: Ila Nofri | L5: =IF(K5<>"",IF(L5<>"",L5,NOW()),"") -> 45579.712 | M5: Validator (Tanggal lahir berbeda pada sertipikat dan kkp) (15-10-2024) | W5: SELESAI (LENGKAP) | X5: =IF(W5<>"",IF(X5<>"",X5,NOW()),"") -> 45580.626 | Y5: Cetak | Z5: =COUNTA(M5:V5) -> 1 | AB5: validator
B6: K/9/141024/1 | C6: {=IF(B6="","",_xlfn.XLOOKUP(B6,'Form responses 1'!$B$2:$B$2604,'Form responses 1'!$A$2:$A$2604,""))} -> 45579.424 | D6: =if(and(B6="",C6=""),"",CONCATENATE(B6,"_",C6)) -> K/9/141024/1_45579.4239733565 | E6: {=IF(B6="","",_xlfn.XLOOKUP(B6,'Form responses 1'!$B$2:$B$2604,'Form responses 1'!$C$2:$C$2604,""))} -> LEOSA AUGDETA/LINGGA AYU B | F6: {=IF(B6="","",_xlfn.XLOOKUP(B6,'Form responses 1'!$B$2:$B$2604,'Form responses 1'!$D$2:$D$2604,""))} -> 082175944544 | G6: {=IF(B6="","",_xlfn.XLOOKUP(B6,'Form responses 1'!$B$2:$B$2604,'Form responses 1'!$E$2:$E$2604,""))} -> ROYA | H6: {=IF(B6="","",_xlfn.XLOOKUP(B6,'Form responses 1'!$B$2:$B$2604,'Form responses 1'!$F$2:$F$2604,""))} -> M.11980/JAGABAYA II | I6: {=IF(B6="","",_xlfn.XLOOKUP(B6,'Form responses 1'!$B$2:$B$2604,'Form responses 1'!$I$2:$I$2604,""))} -> JAGABAYA II | J6: {=IF(B6="","",_xlfn.XLOOKUP(B6,'Form responses 1'!$B$2:$B$2604,'Form responses 1'!$G$2:$G$2604,""))} -> Baynur | K6: Ila Nofri | L6: =IF(K6<>"",IF(L6<>"",L6,NOW()),"") -> 45579.712 | M6: Validasi bidang /TT (15-10-2024) | N6: Legalisir KTP kreditur | W6: PERBAIKAN | X6: =IF(W6<>"",IF(X6<>"",X6,NOW()),"") -> 45580.583 | Y6: Cetak | Z6: =COUNTA(M6:V6) -> 2 | AB6: validator
B7: K/30/141024/1 | C7: {=IF(B7="","",_xlfn.XLOOKUP(B7,'Form responses 1'!$B$2:$B$2604,'Form responses 1'!$A$2:$A$2604,""))} -> 45579.58 | D7: =if(and(B7="",C7=""),"",CONCATENATE(B7,"_",C7)) -> K/30/141024/1_45579.5802127199 | E7: {=IF(B7="","",_xlfn.XLOOKUP(B7,'Form responses 1'!$B$2:$B$2604,'Form responses 1'!$C$2:$C$2604,""))} -> SUHARTONO/KRISTINA SIAHAAN | F7: {=IF(B7="","",_xlfn.XLOOKUP(B7,'Form responses 1'!$B$2:$B$2604,'Form responses 1'!$D$2:$D$2604,""))} -> 085359481748 | G7: {=IF(B7="","",_xlfn.XLOOKUP(B7,'Form responses 1'!$B$2:$B$2604,'Form responses 1'!$E$2:$E$2604,""))} -> ROYA | H7: {=IF(B7="","",_xlfn.XLOOKUP(B7,'Form responses 1'!$B$2:$B$2604,'Form responses 1'!$F$2:$F$2604,""))} -> M.2617/WAY KANDIS | I7: {=IF(B7="","",_xlfn.XLOOKUP(B7,'Form responses 1'!$B$2:$B$2604,'Form responses 1'!$I$2:$I$2604,""))} -> WAY KANDIS | J7: {=IF(B7="","",_xlfn.XLOOKUP(B7,'Form responses 1'!$B$2:$B$2604,'Form responses 1'!$G$2:$G$2604,""))} -> Baynur | K7: Ila Nofri | M7: ACC TGL 22-10-2024 | W7: SELESAI (LENGKAP) | X7: =IF(W7<>"",IF(X7<>"",X7,NOW()),"") -> 45583.598 | Y7: Cetak | Z7: =COUNTA(M7:V7) -> 1
B8: L/8/141024/1 | C8: {=IF(B8="","",_xlfn.XLOOKUP(B8,'Form responses 1'!$B$2:$B$2604,'Form responses 1'!$A$2:$A$2604,""))} -> 45579.416 | D8: =if(and(B8="",C8=""),"",CONCATENATE(B8,"_",C8)) -> L/8/141024/1_45579.4161745139 | E8: {=IF(B8="","",_xlfn.XLOOKUP(B8,'Form responses 1'!$B$2:$B$2604,'Form responses 1'!$C$2:$C$2604,""))} -> JUNAIDI | F8: {=IF(B8="","",_xlfn.XLOOKUP(B8,'Form responses 1'!$B$2:$B$2604,'Form responses 1'!$D$2:$D$2604,""))} -> 082377111476 | G8: {=IF(B8="","",_xlfn.XLOOKUP(B8,'Form responses 1'!$B$2:$B$2604,'Form responses 1'!$E$2:$E$2604,""))} -> HAPUS BPHTB | H8: {=IF(B8="","",_xlfn.XLOOKUP(B8,'Form responses 1'!$B$2:$B$2604,'Form responses 1'!$F$2:$F$2604,""))} -> M.1134/GULAK GALIK | I8: {=IF(B8="","",_xlfn.XLOOKUP(B8,'Form responses 1'!$B$2:$B$2604,'Form responses 1'!$I$2:$I$2604,""))} -> GULAK GALIK | J8: {=IF(B8="","",_xlfn.XLOOKUP(B8,'Form responses 1'!$B$2:$B$2604,'Form responses 1'!$G$2:$G$2604,""))} -> Nuraini | K8: Ila Nofri | L8: =IF(K8<>"",IF(L8<>"",L8,NOW()),"") -> 45579.712 | M8: ACC TGL15-10-2024 | W8: SELESAI (LENGKAP) | X8: =IF(W8<>"",IF(X8<>"",X8,NOW()),"") -> 45580.617 | Y8: Cetak | Z8: =COUNTA(M8:V8) -> 1
B9: K/36/141024/1 | C9: {=IF(B9="","",_xlfn.XLOOKUP(B9,'Form responses 1'!$B$2:$B$2604,'Form responses 1'!$A$2:$A$2604,""))} -> 45579.598 | D9: =if(and(B9="",C9=""),"",CONCATENATE(B9,"_",C9)) -> K/36/141024/1_45579.5983292708 | E9: {=IF(B9="","",_xlfn.XLOOKUP(B9,'Form responses 1'!$B$2:$B$2604,'Form responses 1'!$C$2:$C$2604,""))} -> YUDA SAPUTRA/I MADE RETUG | F9: {=IF(B9="","",_xlfn.XLOOKUP(B9,'Form responses 1'!$B$2:$B$2604,'Form responses 1'!$D$2:$D$2604,""))} -> 0853-8479-7293 | G9: {=IF(B9="","",_xlfn.XLOOKUP(B9,'Form responses 1'!$B$2:$B$2604,'Form responses 1'!$E$2:$E$2604,""))} -> PERALIHAN JUAL BELI | H9: {=IF(B9="","",_xlfn.XLOOKUP(B9,'Form responses 1'!$B$2:$B$2604,'Form responses 1'!$F$2:$F$2604,""))} -> M.250/LANGKAPURA BARU | I9: {=IF(B9="","",_xlfn.XLOOKUP(B9,'Form responses 1'!$B$2:$B$2604,'Form responses 1'!$I$2:$I$2604,""))} -> LANGKAPURA BARU | J9: {=IF(B9="","",_xlfn.XLOOKUP(B9,'Form responses 1'!$B$2:$B$2604,'Form responses 1'!$G$2:$G$2604,""))} -> Baynur | K9: Ila Nofri | L9: =IF(K9<>"",IF(L9<>"",L9,NOW()),"") -> 45579.713 | M9: Lampirkan fotokopi KTP penerima kuasa (15-10-2024) | N9: Tanda tangan pembeli berbeda pada KTP, akta, surat kuasa, surat pernyataan | W9: PERBAIKAN | X9: =IF(W9<>"",IF(X9<>"",X9,NOW()),"") -> 45580.626 | Y9: Cetak | Z9: =COUNTA(M9:V9) -> 2
B10: K/22/141024/1 | C10: {=IF(B10="","",_xlfn.XLOOKUP(B10,'Form responses 1'!$B$2:$B$2604,'Form responses 1'!$A$2:$A$2604,""))} -> 45579.497 | D10: =if(and(B10="",C10=""),"",CONCATENATE(B10,"_",C10)) -> K/22/141024/1_45579.4967951736 | E10: {=IF(B10="","",_xlfn.XLOOKUP(B10,'Form responses 1'!$B$2:$B$2604,'Form responses 1'!$C$2:$C$2604,""))} -> MURSALIN | F10: {=IF(B10="","",_xlfn.XLOOKUP(B10,'Form responses 1'!$B$2:$B$2604,'Form responses 1'!$D$2:$D$2604,""))} -> 085383885939 | G10: {=IF(B10="","",_xlfn.XLOOKUP(B10,'Form responses 1'!$B$2:$B$2604,'Form responses 1'!$E$2:$E$2604,""))} -> PERALIHAN JUAL BELI | H10: {=IF(B10="","",_xlfn.XLOOKUP(B10,'Form responses 1'!$B$2:$B$2604,'Form responses 1'!$F$2:$F$2604,""))} -> M. 6977/ TANJUNG SENANG | I10: {=IF(B10="","",_xlfn.XLOOKUP(B10,'Form responses 1'!$B$2:$B$2604,'Form responses 1'!$I$2:$I$2604,""))} -> TANJUNG SENANG | J10: {=IF(B10="","",_xlfn.XLOOKUP(B10,'Form responses 1'!$B$2:$B$2604,'Form responses 1'!$G$2:$G$2604,""))} -> Hananda | K10: Ila Nofri | L10: =IF(K10<>"",IF(L10<>"",L10,NOW()),"") -> 45579.713 | M10: Lampirkan PJB No.3 tgl. 2-8-2024 (15-10-2024) | N10: Kalimat penutup akta agar dilengkapi | O10: Lampirkan bukti Bayar BPHTB yang terbaca | P10: Nama pembeli pada SP BPHTB M. Ismunadi | Q10: Nama pembeli pada SP keterlambatan pendaftaran yusuf hasyim | R10: acc | W10: SELESAI (LENGKAP) | X10: =IF(W10<>"",IF(X10<>"",X10,NOW()),"") -> 45589.42 | Y10: Cetak | Z10: =COUNTA(M10:V10) -> 6
B11: L/21/141024/1 | C11: {=IF(B11="","",_xlfn.XLOOKUP(B11,'Form responses 1'!$B$2:$B$2604,'Form responses 1'!$A$2:$A$2604,""))} -> 45579.493 | D11: =if(and(B11="",C11=""),"",CONCATENATE(B11,"_",C11)) -> L/21/141024/1_45579.4926688773 | E11: {=IF(B11="","",_xlfn.XLOOKUP(B11,'Form responses 1'!$B$2:$B$2604,'Form responses 1'!$C$2:$C$2604,""))} -> DWI ASTANTO | F11: {=IF(B11="","",_xlfn.XLOOKUP(B11,'Form responses 1'!$B$2:$B$2604,'Form responses 1'!$D$2:$D$2604,""))} -> 081369408334 | G11: {=IF(B11="","",_xlfn.XLOOKUP(B11,'Form responses 1'!$B$2:$B$2604,'Form responses 1'!$E$2:$E$2604,""))} -> ROYA | H11: {=IF(B11="","",_xlfn.XLOOKUP(B11,'Form responses 1'!$B$2:$B$2604,'Form responses 1'!$F$2:$F$2604,""))} -> HM 1812/TANJUNG SENANG | I11: {=IF(B11="","",_xlfn.XLOOKUP(B11,'Form responses 1'!$B$2:$B$2604,'Form responses 1'!$I$2:$I$2604,""))} -> TANJUNG SENANG | J11: {=IF(B11="","",_xlfn.XLOOKUP(B11,'Form responses 1'!$B$2:$B$2604,'Form responses 1'!$G$2:$G$2604,""))} -> Deby | K11: Ginta Monita | L11: =IF(K11<>"",IF(L11<>"",L11,NOW()),"") -> 45580.372 | W11: SELESAI (LENGKAP) | X11: =IF(W11<>"",IF(X11<>"",X11,NOW()),"") -> 45580.433 | Y11: Cetak | Z11: =COUNTA(M11:V11) -> 0
B12: L/2/141024/1 | C12: {=IF(B12="","",_xlfn.XLOOKUP(B12,'Form responses 1'!$B$2:$B$2604,'Form responses 1'!$A$2:$A$2604,""))} -> 45579.377 | D12: =if(and(B12="",C12=""),"",CONCATENATE(B12,"_",C12)) -> L/2/141024/1_45579.3769424653 | E12: {=IF(B12="","",_xlfn.XLOOKUP(B12,'Form responses 1'!$B$2:$B$2604,'Form responses 1'!$C$2:$C$2604,""))} -> RIRIN OKTARINA | F12: {=IF(B12="","",_xlfn.XLOOKUP(B12,'Form responses 1'!$B$2:$B$2604,'Form responses 1'!$D$2:$D$2604,""))} -> 089632241202 | G12: {=IF(B12="","",_xlfn.XLOOKUP(B12,'Form responses 1'!$B$2:$B$2604,'Form responses 1'!$E$2:$E$2604,""))} -> ROYA | H12: {=IF(B12="","",_xlfn.XLOOKUP(B12,'Form responses 1'!$B$2:$B$2604,'Form responses 1'!$F$2:$F$2604,""))} -> HM 17565/SUKARAME I | I12: {=IF(B12="","",_xlfn.XLOOKUP(B12,'Form responses 1'!$B$2:$B$2604,'Form responses 1'!$I$2:$I$2604,""))} -> SUKARAME I | J12: {=IF(B12="","",_xlfn.XLOOKUP(B12,'Form responses 1'!$B$2:$B$2604,'Form responses 1'!$G$2:$G$2604,""))} -> Deby | K12: Ginta Monita | L12: =IF(K12<>"",IF(L12<>"",L12,NOW()),"") -> 45580.373 | W12: SELESAI (LENGKAP) | X12: =IF(W12<>"",IF(X12<>"",X12,NOW()),"") -> 45580.426 | Y12: Cetak | Z12: =COUNTA(M12:V12) -> 0
B13: L/35/141024/1 | C13: {=IF(B13="","",_xlfn.XLOOKUP(B13,'Form responses 1'!$B$2:$B$2604,'Form responses 1'!$A$2:$A$2604,""))} -> 45579.596 | D13: =if(and(B13="",C13=""),"",CONCATENATE(B13,"_",C13)) -> L/35/141024/1_45579.5956670602 | E13: {=IF(B13="","",_xlfn.XLOOKUP(B13,'Form responses 1'!$B$2:$B$2604,'Form responses 1'!$C$2:$C$2604,""))} -> DEBY JULISDA | F13: {=IF(B13="","",_xlfn.XLOOKUP(B13,'Form responses 1'!$B$2:$B$2604,'Form responses 1'!$D$2:$D$2604,""))} -> 088276777557 | G13: {=IF(B13="","",_xlfn.XLOOKUP(B13,'Form responses 1'!$B$2:$B$2604,'Form responses 1'!$E$2:$E$2604,""))} -> ROYA LELANG | H13: {=IF(B13="","",_xlfn.XLOOKUP(B13,'Form responses 1'!$B$2:$B$2604,'Form responses 1'!$F$2:$F$2604,""))} -> M.676/SAWAH BREBES | I13: {=IF(B13="","",_xlfn.XLOOKUP(B13,'Form responses 1'!$B$2:$B$2604,'Form responses 1'!$I$2:$I$2604,""))} -> SAWAH BREBES | J13: {=IF(B13="","",_xlfn.XLOOKUP(B13,'Form responses 1'!$B$2:$B$2604,'Form responses 1'!$G$2:$G$2604,""))} -> Nuraini | K13: Ginta Monita | L13: =IF(K13<>"",IF(L13<>"",L13,NOW()),"") -> 45580.374 | W13: SELESAI (LENGKAP) | X13: =IF(W13<>"",IF(X13<>"",X13,NOW()),"") -> 45580.437 | Y13: Cetak | Z13: =COUNTA(M13:V13) -> 0
B14: K/37/141024/1 | C14: {=IF(B14="","",_xlfn.XLOOKUP(B14,'Form responses 1'!$B$2:$B$2604,'Form responses 1'!$A$2:$A$2604,""))} -> 45579.601 | D14: =if(and(B14="",C14=""),"",CONCATENATE(B14,"_",C14)) -> K/37/141024/1_45579.600917419 | E14: {=IF(B14="","",_xlfn.XLOOKUP(B14,'Form responses 1'!$B$2:$B$2604,'Form responses 1'!$C$2:$C$2604,""))} -> PT KEONG NUSANTARA ABADI/KHRESNA DJUAINI | F14: {=IF(B14="","",_xlfn.XLOOKUP(B14,'Form responses 1'!$B$2:$B$2604,'Form responses 1'!$D$2:$D$2604,""))} -> 081369381711 | G14: {=IF(B14="","",_xlfn.XLOOKUP(B14,'Form responses 1'!$B$2:$B$2604,'Form responses 1'!$E$2:$E$2604,""))} -> PERALIHAN JUAL BELI | H14: {=IF(B14="","",_xlfn.XLOOKUP(B14,'Form responses 1'!$B$2:$B$2604,'Form responses 1'!$F$2:$F$2604,""))} -> - | I14: {=IF(B14="","",_xlfn.XLOOKUP(B14,'Form responses 1'!$B$2:$B$2604,'Form responses 1'!$I$2:$I$2604,""))} -> TELUK BETUNG | J14: {=IF(B14="","",_xlfn.XLOOKUP(B14,'Form responses 1'!$B$2:$B$2604,'Form responses 1'!$G$2:$G$2604,""))} -> Baynur | K14: Ginta Monita | L14: =IF(K14<>"",IF(L14<>"",L14,NOW()),"") -> 45580.374 | M14: ktp susy marduli | N14: PKKPR | W14: SELESAI (LENGKAP) | X14: =IF(W14<>"",IF(X14<>"",X14,NOW()),"") -> 45590.486 | Y14: Cetak | Z14: =COUNTA(M14:V14) -> 2
B15: K/15/141024/4 | C15: {=IF(B15="","",_xlfn.XLOOKUP(B15,'Form responses 1'!$B$2:$B$2604,'Form responses 1'!$A$2:$A$2604,""))} -> 45579.451 | D15: =if(and(B15="",C15=""),"",CONCATENATE(B15,"_",C15)) -> K/15/141024/4_45579.4505724884 | E15: {=IF(B15="","",_xlfn.XLOOKUP(B15,'Form responses 1'!$B$2:$B$2604,'Form responses 1'!$C$2:$C$2604,""))} -> PANGGARA PAGARISI/PANARY SITOPU | F15: {=IF(B15="","",_xlfn.XLOOKUP(B15,'Form responses 1'!$B$2:$B$2604,'Form responses 1'!$D$2:$D$2604,""))} -> 081361444098 | G15: {=IF(B15="","",_xlfn.XLOOKUP(B15,'Form responses 1'!$B$2:$B$2604,'Form responses 1'!$E$2:$E$2604,""))} -> PENINGKATAN HAK | H15: {=IF(B15="","",_xlfn.XLOOKUP(B15,'Form responses 1'!$B$2:$B$2604,'Form responses 1'!$F$2:$F$2604,""))} -> - | I15: {=IF(B15="","",_xlfn.XLOOKUP(B15,'Form responses 1'!$B$2:$B$2604,'Form responses 1'!$I$2:$I$2604,""))} -> NEGERI OLOK GADING | J15: {=IF(B15="","",_xlfn.XLOOKUP(B15,'Form responses 1'!$B$2:$B$2604,'Form responses 1'!$G$2:$G$2604,""))} -> Baynur | K15: Ginta Monita | L15: =IF(K15<>"",IF(L15<>"",L15,NOW()),"") -> 45580.374 | M15: Alamat di PBB dan IMB berbeda | N15: IMB nya ruko? | W15: SELESAI (LENGKAP) | X15: =IF(W15<>"",IF(X15<>"",X15,NOW()),"") -> 45580.401 | Y15: Cetak | Z15: =COUNTA(M15:V15) -> 2 | AA15: ACC TGL 22 OKT 24
B16: K/27/141024/4 | C16: {=IF(B16="","",_xlfn.XLOOKUP(B16,'Form responses 1'!$B$2:$B$2604,'Form responses 1'!$A$2:$A$2604,""))} -> 45579.57 | D16: =if(and(B16="",C16=""),"",CONCATENATE(B16,"_",C16)) -> K/27/141024/4_45579.5701433218 | E16: {=IF(B16="","",_xlfn.XLOOKUP(B16,'Form responses 1'!$B$2:$B$2604,'Form responses 1'!$C$2:$C$2604,""))} -> MURSALIN | F16: {=IF(B16="","",_xlfn.XLOOKUP(B16,'Form responses 1'!$B$2:$B$2604,'Form responses 1'!$D$2:$D$2604,""))} -> 085383885939 | G16: {=IF(B16="","",_xlfn.XLOOKUP(B16,'Form responses 1'!$B$2:$B$2604,'Form responses 1'!$E$2:$E$2604,""))} -> PERALIHAN JUAL BELI | H16: {=IF(B16="","",_xlfn.XLOOKUP(B16,'Form responses 1'!$B$2:$B$2604,'Form responses 1'!$F$2:$F$2604,""))} -> M. 13414/ SUKABUMI | I16: {=IF(B16="","",_xlfn.XLOOKUP(B16,'Form responses 1'!$B$2:$B$2604,'Form responses 1'!$I$2:$I$2604,""))} -> SUKABUMI | J16: {=IF(B16="","",_xlfn.XLOOKUP(B16,'Form responses 1'!$B$2:$B$2604,'Form responses 1'!$G$2:$G$2604,""))} -> Hananda | K16: Ginta Monita | L16: =IF(K16<>"",IF(L16<>"",L16,NOW()),"") -> 45580.374 | M16: Renvoi pekerjaan Henny Dewi (belum direnvoi) | W16: SELESAI (LENGKAP) | X16: =IF(W16<>"",IF(X16<>"",X16,NOW()),"") -> 45595.359 | Y16: Cetak | Z16: =COUNTA(M16:V16) -> 1
B17: K/25/141024/3 | C17: {=IF(B17="","",_xlfn.XLOOKUP(B17,'Form responses 1'!$B$2:$B$2604,'Form responses 1'!$A$2:$A$2604,""))} -> 45579.56 | D17: =if(and(B17="",C17=""),"",CONCATENATE(B17,"_",C17)) -> K/25/141024/3_45579.5598141551 | E17: {=IF(B17="","",_xlfn.XLOOKUP(B17,'Form responses 1'!$B$2:$B$2604,'Form responses 1'!$C$2:$C$2604,""))} -> MURSALIN | F17: {=IF(B17="","",_xlfn.XLOOKUP(B17,'Form responses 1'!$B$2:$B$2604,'Form responses 1'!$D$2:$D$2604,""))} -> 085383885939 | G17: {=IF(B17="","",_xlfn.XLOOKUP(B17,'Form responses 1'!$B$2:$B$2604,'Form responses 1'!$E$2:$E$2604,""))} -> PERALIHAN JUAL BELI | H17: {=IF(B17="","",_xlfn.XLOOKUP(B17,'Form responses 1'!$B$2:$B$2604,'Form responses 1'!$F$2:$F$2604,""))} -> M. 133/ SUKARAME BARU- SEKARANG; B. 144/ SUKARAME BARU-DAHULU; B. 4605/SUKARAME I-DAHULU | I17: {=IF(B17="","",_xlfn.XLOOKUP(B17,'Form responses 1'!$B$2:$B$2604,'Form responses 1'!$I$2:$I$2604,""))} -> SUKARAME BARU | J17: {=IF(B17="","",_xlfn.XLOOKUP(B17,'Form responses 1'!$B$2:$B$2604,'Form responses 1'!$G$2:$G$2604,""))} -> Hananda | K17: Ginta Monita | L17: =IF(K17<>"",IF(L17<>"",L17,NOW()),"") -> 45580.375 | M17: Renvoi NIB di AJB (15-10-2024) | W17: SELESAI (LENGKAP) | X17: =IF(W17<>"",IF(X17<>"",X17,NOW()),"") -> 45593.436 | Y17: Cetak | Z17: =COUNTA(M17:V17) -> 1
B18: L/33/141024/1 | C18: {=IF(B18="","",_xlfn.XLOOKUP(B18,'Form responses 1'!$B$2:$B$2604,'Form responses 1'!$A$2:$A$2604,""))} -> 45579.592 | D18: =if(and(B18="",C18=""),"",CONCATENATE(B18,"_",C18)) -> L/33/141024/1_45579.5919665972 | E18: {=IF(B18="","",_xlfn.XLOOKUP(B18,'Form responses 1'!$B$2:$B$2604,'Form responses 1'!$C$2:$C$2604,""))} -> MOCHAMAD MA'RUF | F18: {=IF(B18="","",_xlfn.XLOOKUP(B18,'Form responses 1'!$B$2:$B$2604,'Form responses 1'!$D$2:$D$2604,""))} -> 081369994969 | G18: {=IF(B18="","",_xlfn.XLOOKUP(B18,'Form responses 1'!$B$2:$B$2604,'Form responses 1'!$E$2:$E$2604,""))} -> ROYA | H18: {=IF(B18="","",_xlfn.XLOOKUP(B18,'Form responses 1'!$B$2:$B$2604,'Form responses 1'!$F$2:$F$2604,""))} -> M.1540/GUNUNG TERANG;B.17/GU TERANG-DAHULU | I18: {=IF(B18="","",_xlfn.XLOOKUP(B18,'Form responses 1'!$B$2:$B$2604,'Form responses 1'!$I$2:$I$2604,""))} -> GUNUNG TERANG | J18: {=IF(B18="","",_xlfn.XLOOKUP(B18,'Form responses 1'!$B$2:$B$2604,'Form responses 1'!$G$2:$G$2604,""))} -> Nuraini | K18: Fikka | L18: =IF(K18<>"",IF(L18<>"",L18,NOW()),"") -> 45580.375 | M18: VALBID | N18: KENAPA SHT PERINGKAT I TIDAK DI ROYA ? | W18: SELESAI (LENGKAP) | X18: =IF(W18<>"",IF(X18<>"",X18,NOW()),"") -> 45580.411 | Y18: Cetak | Z18: =COUNTA(M18:V18) -> 2
B19: K/14/141024/3 | C19: {=IF(B19="","",_xlfn.XLOOKUP(B19,'Form responses 1'!$B$2:$B$2604,'Form responses 1'!$A$2:$A$2604,""))} -> 45579.449 | D19: =if(and(B19="",C19=""),"",CONCATENATE(B19,"_",C19)) -> K/14/141024/3_45579.4491384607 | E19: {=IF(B19="","",_xlfn.XLOOKUP(B19,'Form responses 1'!$B$2:$B$2604,'Form responses 1'!$C$2:$C$2604,""))} -> APRILIA/PANARY SITOPU | F19: {=IF(B19="","",_xlfn.XLOOKUP(B19,'Form responses 1'!$B$2:$B$2604,'Form responses 1'!$D$2:$D$2604,""))} -> 081361444098 | G19: {=IF(B19="","",_xlfn.XLOOKUP(B19,'Form responses 1'!$B$2:$B$2604,'Form responses 1'!$E$2:$E$2604,""))} -> ROYA | H19: {=IF(B19="","",_xlfn.XLOOKUP(B19,'Form responses 1'!$B$2:$B$2604,'Form responses 1'!$F$2:$F$2604,""))} -> M.988/NEGERI OLOK GADING-SEKARANG;B.1050/NEGERI OLOK GADING-DAHULU | I19: {=IF(B19="","",_xlfn.XLOOKUP(B19,'Form responses 1'!$B$2:$B$2604,'Form responses 1'!$I$2:$I$2604,""))} -> NEGERI OLOK GADING | J19: {=IF(B19="","",_xlfn.XLOOKUP(B19,'Form responses 1'!$B$2:$B$2604,'Form responses 1'!$G$2:$G$2604,""))} -> Baynur | K19: Fikka | L19: =IF(K19<>"",IF(L19<>"",L19,NOW()),"") -> 45580.376 | W19: SELESAI (LENGKAP) | X19: =IF(W19<>"",IF(X19<>"",X19,NOW()),"") -> 45580.419 | Y19: Cetak | Z19: =COUNTA(M19:V19) -> 0
B20: L/18/141024/1 | C20: {=IF(B20="","",_xlfn.XLOOKUP(B20,'Form responses 1'!$B$2:$B$2604,'Form responses 1'!$A$2:$A$2604,""))} -> 45579.484 | D20: =if(and(B20="",C20=""),"",CONCATENATE(B20,"_",C20)) -> L/18/141024/1_45579.4840388426 | E20: {=IF(B20="","",_xlfn.XLOOKUP(B20,'Form responses 1'!$B$2:$B$2604,'Form responses 1'!$C$2:$C$2604,""))} -> SUNILA HAKI | F20: {=IF(B20="","",_xlfn.XLOOKUP(B20,'Form responses 1'!$B$2:$B$2604,'Form responses 1'!$D$2:$D$2604,""))} -> 082279144608 | G20: {=IF(B20="","",_xlfn.XLOOKUP(B20,'Form responses 1'!$B$2:$B$2604,'Form responses 1'!$E$2:$E$2604,""))} -> BLOKIR | H20: {=IF(B20="","",_xlfn.XLOOKUP(B20,'Form responses 1'!$B$2:$B$2604,'Form responses 1'!$F$2:$F$2604,""))} -> M.331/NUSANTARA PERMAI;B.389/CAMPANG RAYA-DAHULU | I20: {=IF(B20="","",_xlfn.XLOOKUP(B20,'Form responses 1'!$B$2:$B$2604,'Form responses 1'!$I$2:$I$2604,""))} -> NUSANTARA PERMAI | J20: {=IF(B20="","",_xlfn.XLOOKUP(B20,'Form responses 1'!$B$2:$B$2604,'Form responses 1'!$G$2:$G$2604,""))} -> Nuraini | K20: Fikka | L20: =IF(K20<>"",IF(L20<>"",L20,NOW()),"") -> 45580.376 | W20: SELESAI (LENGKAP) | X20: =IF(W20<>"",IF(X20<>"",X20,NOW()),"") -> 45580.57 | Y20: Cetak | Z20: =COUNTA(M20:V20) -> 0
B21: K/7/141024/1 | C21: {=IF(B21="","",_xlfn.XLOOKUP(B21,'Form responses 1'!$B$2:$B$2604,'Form responses 1'!$A$2:$A$2604,""))} -> 45579.41 | D21: =if(and(B21="",C21=""),"",CONCATENATE(B21,"_",C21)) -> K/7/141024/1_45579.4099811806 | E21: {=IF(B21="","",_xlfn.XLOOKUP(B21,'Form responses 1'!$B$2:$B$2604,'Form responses 1'!$C$2:$C$2604,""))} -> IKE FEBRINA, S.IP | F21: {=IF(B21="","",_xlfn.XLOOKUP(B21,'Form responses 1'!$B$2:$B$2604,'Form responses 1'!$D$2:$D$2604,""))} -> 081927983379 | G21: {=IF(B21="","",_xlfn.XLOOKUP(B21,'Form responses 1'!$B$2:$B$2604,'Form responses 1'!$E$2:$E$2604,""))} -> ANGKAT SITA | H21: {=IF(B21="","",_xlfn.XLOOKUP(B21,'Form responses 1'!$B$2:$B$2604,'Form responses 1'!$F$2:$F$2604,""))} -> M. 631/Pahoman- sekarang; M. 631/Pahoman-Dahulu | I21: {=IF(B21="","",_xlfn.XLOOKUP(B21,'Form responses 1'!$B$2:$B$2604,'Form responses 1'!$I$2:$I$2604,""))} -> PAHOMAN | J21: {=IF(B21="","",_xlfn.XLOOKUP(B21,'Form responses 1'!$B$2:$B$2604,'Form responses 1'!$G$2:$G$2604,""))} -> Hananda | K21: Fikka | L21: =IF(K21<>"",IF(L21<>"",L21,NOW()),"") -> 45580.376 | W21: SELESAI (LENGKAP) | X21: =IF(W21<>"",IF(X21<>"",X21,NOW()),"") -> 45580.571 | Y21: Cetak | Z21: =COUNTA(M21:V21) -> 0
B22: K/26/141024/1 | C22: {=IF(B22="","",_xlfn.XLOOKUP(B22,'Form responses 1'!$B$2:$B$2604,'Form responses 1'!$A$2:$A$2604,""))} -> 45579.566 | D22: =if(and(B22="",C22=""),"",CONCATENATE(B22,"_",C22)) -> K/26/141024/1_45579.5656653125 | E22: {=IF(B22="","",_xlfn.XLOOKUP(B22,'Form responses 1'!$B$2:$B$2604,'Form responses 1'!$C$2:$C$2604,""))} -> KHARISMA MANISHA CECILIYA/ILANUR | F22: {=IF(B22="","",_xlfn.XLOOKUP(B22,'Form responses 1'!$B$2:$B$2604,'Form responses 1'!$D$2:$D$2604,""))} -> 081295653816 | G22: {=IF(B22="","",_xlfn.XLOOKUP(B22,'Form responses 1'!$B$2:$B$2604,'Form responses 1'!$E$2:$E$2604,""))} -> PERALIHAN JUAL BELI | H22: {=IF(B22="","",_xlfn.XLOOKUP(B22,'Form responses 1'!$B$2:$B$2604,'Form responses 1'!$F$2:$F$2604,""))} -> M.2094/CAMPANG JAYA | I22: {=IF(B22="","",_xlfn.XLOOKUP(B22,'Form responses 1'!$B$2:$B$2604,'Form responses 1'!$I$2:$I$2604,""))} -> CAMPANG JAYA | J22: {=IF(B22="","",_xlfn.XLOOKUP(B22,'Form responses 1'!$B$2:$B$2604,'Form responses 1'!$G$2:$G$2604,""))} -> Baynur | K22: Fikka | L22: =IF(K22<>"",IF(L22<>"",L22,NOW()),"") -> 45580.376 | M22: PERBAIKI KELURAHAN PADA KUITANSI | W22: SELESAI (LENGKAP) | X22: =IF(W22<>"",IF(X22<>"",X22,NOW()),"") -> 45580.449 | Y22: Cetak | Z22: =COUNTA(M22:V22) -> 1
B23: K/19/141024/1 | C23: {=IF(B23="","",_xlfn.XLOOKUP(B23,'Form responses 1'!$B$2:$B$2604,'Form responses 1'!$A$2:$A$2604,""))} -> 45579.484 | D23: =if(and(B23="",C23=""),"",CONCATENATE(B23,"_",C23)) -> K/19/141024/1_45579.4839514005 | E23: {=IF(B23="","",_xlfn.XLOOKUP(B23,'Form responses 1'!$B$2:$B$2604,'Form responses 1'!$C$2:$C$2604,""))} -> ROSIDA LINGSA KENCANA/RAHMADIYANTI | F23: {=IF(B23="","",_xlfn.XLOOKUP(B23,'Form responses 1'!$B$2:$B$2604,'Form responses 1'!$D$2:$D$2604,""))} -> 082182090051 | G23: {=IF(B23="","",_xlfn.XLOOKUP(B23,'Form responses 1'!$B$2:$B$2604,'Form responses 1'!$E$2:$E$2604,""))} -> PERALIHAN JUAL BELI | H23: {=IF(B23="","",_xlfn.XLOOKUP(B23,'Form responses 1'!$B$2:$B$2604,'Form responses 1'!$F$2:$F$2604,""))} -> M.16678/SUKABUMI | I23: {=IF(B23="","",_xlfn.XLOOKUP(B23,'Form responses 1'!$B$2:$B$2604,'Form responses 1'!$I$2:$I$2604,""))} -> SUKABUMI | J23: {=IF(B23="","",_xlfn.XLOOKUP(B23,'Form responses 1'!$B$2:$B$2604,'Form responses 1'!$G$2:$G$2604,""))} -> Baynur | K23: Fikka | L23: =IF(K23<>"",IF(L23<>"",L23,NOW()),"") -> 45580.376 | W23: SELESAI (LENGKAP) | X23: =IF(W23<>"",IF(X23<>"",X23,NOW()),"") -> 45580.435 | Y23: Cetak | Z23: =COUNTA(M23:V23) -> 0
B24: K/16/141024/1 | C24: {=IF(B24="","",_xlfn.XLOOKUP(B24,'Form responses 1'!$B$2:$B$2604,'Form responses 1'!$A$2:$A$2604,""))} -> 45579.464 | D24: =if(and(B24="",C24=""),"",CONCATENATE(B24,"_",C24)) -> K/16/141024/1_45579.4638286343 | E24: {=IF(B24="","",_xlfn.XLOOKUP(B24,'Form responses 1'!$B$2:$B$2604,'Form responses 1'!$C$2:$C$2604,""))} -> TITIK WIJAYANTI/SENDI DINI HARIYATI | F24: {=IF(B24="","",_xlfn.XLOOKUP(B24,'Form responses 1'!$B$2:$B$2604,'Form responses 1'!$D$2:$D$2604,""))} -> 089618401409 | G24: {=IF(B24="","",_xlfn.XLOOKUP(B24,'Form responses 1'!$B$2:$B$2604,'Form responses 1'!$E$2:$E$2604,""))} -> SKPT | H24: {=IF(B24="","",_xlfn.XLOOKUP(B24,'Form responses 1'!$B$2:$B$2604,'Form responses 1'!$F$2:$F$2604,""))} -> M.9137/GEDONG MENENG | I24: {=IF(B24="","",_xlfn.XLOOKUP(B24,'Form responses 1'!$B$2:$B$2604,'Form responses 1'!$I$2:$I$2604,""))} -> GEDONG MENENG | J24: {=IF(B24="","",_xlfn.XLOOKUP(B24,'Form responses 1'!$B$2:$B$2604,'Form responses 1'!$G$2:$G$2604,""))} -> Baynur | K24: Kholfa | L24: =IF(K24<>"",IF(L24<>"",L24,NOW()),"") -> 45580.377 | M24: Beda nama pemilik SHAT pada Surat Permohonan KPKNL dengan Fc SHAT terlampir | N24: Kurang input data pemilik SHAT di KKP | W24: SELESAI (LENGKAP) | X24: =IF(W24<>"",IF(X24<>"",X24,NOW()),"") -> 45580.406 | Y24: Cetak | Z24: =COUNTA(M24:V24) -> 2
B25: L/5/141024/1 | C25: {=IF(B25="","",_xlfn.XLOOKUP(B25,'Form responses 1'!$B$2:$B$2604,'Form responses 1'!$A$2:$A$2604,""))} -> 45579.403 | D25: =if(and(B25="",C25=""),"",CONCATENATE(B25,"_",C25)) -> L/5/141024/1_45579.403285787 | E25: {=IF(B25="","",_xlfn.XLOOKUP(B25,'Form responses 1'!$B$2:$B$2604,'Form responses 1'!$C$2:$C$2604,""))} -> SITI NAZROH | F25: {=IF(B25="","",_xlfn.XLOOKUP(B25,'Form responses 1'!$B$2:$B$2604,'Form responses 1'!$D$2:$D$2604,""))} -> 08117208600 | G25: {=IF(B25="","",_xlfn.XLOOKUP(B25,'Form responses 1'!$B$2:$B$2604,'Form responses 1'!$E$2:$E$2604,""))} -> ROYA | H25: {=IF(B25="","",_xlfn.XLOOKUP(B25,'Form responses 1'!$B$2:$B$2604,'Form responses 1'!$F$2:$F$2604,""))} -> M.9974/TANJUNG BARU | I25: {=IF(B25="","",_xlfn.XLOOKUP(B25,'Form responses 1'!$B$2:$B$2604,'Form responses 1'!$I$2:$I$2604,""))} -> TANJUNG BARU | J25: {=IF(B25="","",_xlfn.XLOOKUP(B25,'Form responses 1'!$B$2:$B$2604,'Form responses 1'!$G$2:$G$2604,""))} -> Nuraini | K25: Kholfa | L25: =IF(K25<>"",IF(L25<>"",L25,NOW()),"") -> 45580.377 | M25: Beda tgl lahir pemilik pada SHAT dengan Fc KTP terlampir | W25: SELESAI (LENGKAP) | X25: =IF(W25<>"",IF(X25<>"",X25,NOW()),"") -> 45580.43 | Y25: Cetak | Z25: =COUNTA(M25:V25) -> 1 | AA25: acc 22/10/2024
B26: K/12/141024/1 | C26: {=IF(B26="","",_xlfn.XLOOKUP(B26,'Form responses 1'!$B$2:$B$2604,'Form responses 1'!$A$2:$A$2604,""))} -> 45579.446 | D26: =if(and(B26="",C26=""),"",CONCATENATE(B26,"_",C26)) -> K/12/141024/1_45579.4464756366 | E26: {=IF(B26="","",_xlfn.XLOOKUP(B26,'Form responses 1'!$B$2:$B$2604,'Form responses 1'!$C$2:$C$2604,""))} -> META ARIDHOTU PRANATA /PANARY SITOPU | F26: {=IF(B26="","",_xlfn.XLOOKUP(B26,'Form responses 1'!$B$2:$B$2604,'Form responses 1'!$D$2:$D$2604,""))} -> 081361444098 | G26: {=IF(B26="","",_xlfn.XLOOKUP(B26,'Form responses 1'!$B$2:$B$2604,'Form responses 1'!$E$2:$E$2604,""))} -> ROYA | H26: {=IF(B26="","",_xlfn.XLOOKUP(B26,'Form responses 1'!$B$2:$B$2604,'Form responses 1'!$F$2:$F$2604,""))} -> M.3326/LANGKAPURA | I26: {=IF(B26="","",_xlfn.XLOOKUP(B26,'Form responses 1'!$B$2:$B$2604,'Form responses 1'!$I$2:$I$2604,""))} -> LANGKAPURA | J26: {=IF(B26="","",_xlfn.XLOOKUP(B26,'Form responses 1'!$B$2:$B$2604,'Form responses 1'!$G$2:$G$2604,""))} -> Baynur | K26: Kholfa | L26: =IF(K26<>"",IF(L26<>"",L26,NOW()),"") -> 45580.377 | W26: SELESAI (LENGKAP) | X26: =IF(W26<>"",IF(X26<>"",X26,NOW()),"") -> 45580.43 | Y26: Cetak | Z26: =COUNTA(M26:V26) -> 0
B27: K/38/141024/1 | C27: {=IF(B27="","",_xlfn.XLOOKUP(B27,'Form responses 1'!$B$2:$B$2604,'Form responses 1'!$A$2:$A$2604,""))} -> 45579.601 | D27: =if(and(B27="",C27=""),"",CONCATENATE(B27,"_",C27)) -> K/38/141024/1_45579.6011142245 | E27: {=IF(B27="","",_xlfn.XLOOKUP(B27,'Form responses 1'!$B$2:$B$2604,'Form responses 1'!$C$2:$C$2604,""))} -> ISMARINA | F27: {=IF(B27="","",_xlfn.XLOOKUP(B27,'Form responses 1'!$B$2:$B$2604,'Form responses 1'!$D$2:$D$2604,""))} -> 081377641549 | G27: {=IF(B27="","",_xlfn.XLOOKUP(B27,'Form responses 1'!$B$2:$B$2604,'Form responses 1'!$E$2:$E$2604,""))} -> PERALIHAN HAK JUAL BELI | H27: {=IF(B27="","",_xlfn.XLOOKUP(B27,'Form responses 1'!$B$2:$B$2604,'Form responses 1'!$F$2:$F$2604,""))} -> M. 3157/ LABUHAN DALAM | I27: {=IF(B27="","",_xlfn.XLOOKUP(B27,'Form responses 1'!$B$2:$B$2604,'Form responses 1'!$I$2:$I$2604,""))} -> LABUHAN DALAM | J27: {=IF(B27="","",_xlfn.XLOOKUP(B27,'Form responses 1'!$B$2:$B$2604,'Form responses 1'!$G$2:$G$2604,""))} -> Hananda | K27: Kholfa | L27: =IF(K27<>"",IF(L27<>"",L27,NOW()),"") -> 45580.377 | M27: Surat Pernyataan Kuasa Jual masih berlaku dari pemberi kuasa | W27: SELESAI (LENGKAP) | X27: =IF(W27<>"",IF(X27<>"",X27,NOW()),"") -> 45580.435 | Y27: Cetak | Z27: =COUNTA(M27:V27) -> 1
B28: K/28/141024/1 | C28: {=IF(B28="","",_xlfn.XLOOKUP(B28,'Form responses 1'!$B$2:$B$2604,'Form responses 1'!$A$2:$A$2604,""))} -> 45579.573 | D28: =if(and(B28="",C28=""),"",CONCATENATE(B28,"_",C28)) -> K/28/141024/1_45579.5727725694 | E28: {=IF(B28="","",_xlfn.XLOOKUP(B28,'Form responses 1'!$B$2:$B$2604,'Form responses 1'!$C$2:$C$2604,""))} -> ADE HERDIANYAH/WHINDA YULIANTI | F28: {=IF(B28="","",_xlfn.XLOOKUP(B28,'Form responses 1'!$B$2:$B$2604,'Form responses 1'!$D$2:$D$2604,""))} -> 081255572168 | G28: {=IF(B28="","",_xlfn.XLOOKUP(B28,'Form responses 1'!$B$2:$B$2604,'Form responses 1'!$E$2:$E$2604,""))} -> PERALIHAN JUAL BELI | H28: {=IF(B28="","",_xlfn.XLOOKUP(B28,'Form responses 1'!$B$2:$B$2604,'Form responses 1'!$F$2:$F$2604,""))} -> B.895/BERINGIN JAYA | I28: {=IF(B28="","",_xlfn.XLOOKUP(B28,'Form responses 1'!$B$2:$B$2604,'Form responses 1'!$I$2:$I$2604,""))} -> BERINGIN JAYA | J28: {=IF(B28="","",_xlfn.XLOOKUP(B28,'Form responses 1'!$B$2:$B$2604,'Form responses 1'!$G$2:$G$2604,""))} -> Baynur | K28: Kholfa | L28: =IF(K28<>"",IF(L28<>"",L28,NOW()),"") -> 45580.377 | W28: SELESAI (LENGKAP) | X28: =IF(W28<>"",IF(X28<>"",X28,NOW()),"") -> 45580.448 | Y28: Cetak | Z28: =COUNTA(M28:V28) -> 0
B29: K/3/141024/1 | C29: {=IF(B29="","",_xlfn.XLOOKUP(B29,'Form responses 1'!$B$2:$B$2604,'Form responses 1'!$A$2:$A$2604,""))} -> 45579.399 | D29: =if(and(B29="",C29=""),"",CONCATENATE(B29,"_",C29)) -> K/3/141024/1_45579.3993955903 | E29: {=IF(B29="","",_xlfn.XLOOKUP(B29,'Form responses 1'!$B$2:$B$2604,'Form responses 1'!$C$2:$C$2604,""))} -> GURUH SAMODRA AJI, ST.MT/WAHYUDIN | F29: {=IF(B29="","",_xlfn.XLOOKUP(B29,'Form responses 1'!$B$2:$B$2604,'Form responses 1'!$D$2:$D$2604,""))} -> 082371259997 | G29: {=IF(B29="","",_xlfn.XLOOKUP(B29,'Form responses 1'!$B$2:$B$2604,'Form responses 1'!$E$2:$E$2604,""))} -> PTPGT | H29: {=IF(B29="","",_xlfn.XLOOKUP(B29,'Form responses 1'!$B$2:$B$2604,'Form responses 1'!$F$2:$F$2604,""))} -> - | I29: {=IF(B29="","",_xlfn.XLOOKUP(B29,'Form responses 1'!$B$2:$B$2604,'Form responses 1'!$I$2:$I$2604,""))} -> WAY LAGA | J29: {=IF(B29="","",_xlfn.XLOOKUP(B29,'Form responses 1'!$B$2:$B$2604,'Form responses 1'!$G$2:$G$2604,""))} -> Baynur | K29: Kholfa | L29: =IF(K29<>"",IF(L29<>"",L29,NOW()),"") -> 45580.377 | W29: SELESAI (LENGKAP) | X29: =IF(W29<>"",IF(X29<>"",X29,NOW()),"") -> 45580.456 | Y29: Cetak | Z29: =COUNTA(M29:V29) -> 0
B30: K/29/141024/1 | C30: {=IF(B30="","",_xlfn.XLOOKUP(B30,'Form responses 1'!$B$2:$B$2604,'Form responses 1'!$A$2:$A$2604,""))} -> 45579.578 | D30: =if(and(B30="",C30=""),"",CONCATENATE(B30,"_",C30)) -> K/29/141024/1_45579.5779375116 | E30: {=IF(B30="","",_xlfn.XLOOKUP(B30,'Form responses 1'!$B$2:$B$2604,'Form responses 1'!$C$2:$C$2604,""))} -> GUNAWAN | F30: {=IF(B30="","",_xlfn.XLOOKUP(B30,'Form responses 1'!$B$2:$B$2604,'Form responses 1'!$D$2:$D$2604,""))} -> 085273192152 | G30: {=IF(B30="","",_xlfn.XLOOKUP(B30,'Form responses 1'!$B$2:$B$2604,'Form responses 1'!$E$2:$E$2604,""))} -> PTPGT PEMECAHAN | H30: {=IF(B30="","",_xlfn.XLOOKUP(B30,'Form responses 1'!$B$2:$B$2604,'Form responses 1'!$F$2:$F$2604,""))} -> M. 2445/ SUKADANA HAM | I30: {=IF(B30="","",_xlfn.XLOOKUP(B30,'Form responses 1'!$B$2:$B$2604,'Form responses 1'!$I$2:$I$2604,""))} -> SUKADANA HAM | J30: {=IF(B30="","",_xlfn.XLOOKUP(B30,'Form responses 1'!$B$2:$B$2604,'Form responses 1'!$G$2:$G$2604,""))} -> Hananda | K30: Maharani | L30: =IF(K30<>"",IF(L30<>"",L30,NOW()),"") -> 45580.381 | M30: Beda nama antara KTP (Caecilia Sri Uji Hardiyanti) dan Sertipikat (Sri Uji Hardiyanti) terlalu jauh. Berkas sudah pernah masuk di loket 1 tgl 16/07/2024, lengkapi perbaikan sesuai catatan | W30: SELESAI (LENGKAP) | X30: =IF(W30<>"",IF(X30<>"",X30,NOW()),"") -> 45594.362 | Y30: Cetak | Z30: =COUNTA(M30:V30) -> 1
B31: K/31/141024/1 | C31: {=IF(B31="","",_xlfn.XLOOKUP(B31,'Form responses 1'!$B$2:$B$2604,'Form responses 1'!$A$2:$A$2604,""))} -> 45579.585 | D31: =if(and(B31="",C31=""),"",CONCATENATE(B31,"_",C31)) -> K/31/141024/1_45579.584890625 | E31: {=IF(B31="","",_xlfn.XLOOKUP(B31,'Form responses 1'!$B$2:$B$2604,'Form responses 1'!$C$2:$C$2604,""))} -> APRILLIYANI | F31: {=IF(B31="","",_xlfn.XLOOKUP(B31,'Form responses 1'!$B$2:$B$2604,'Form responses 1'!$D$2:$D$2604,""))} -> 081367846284 | G31: {=IF(B31="","",_xlfn.XLOOKUP(B31,'Form responses 1'!$B$2:$B$2604,'Form responses 1'!$E$2:$E$2604,""))} -> PERUBAHAN HAK | H31: {=IF(B31="","",_xlfn.XLOOKUP(B31,'Form responses 1'!$B$2:$B$2604,'Form responses 1'!$F$2:$F$2604,""))} -> NIBEL 1691/ SUKABUMI INDAH | I31: {=IF(B31="","",_xlfn.XLOOKUP(B31,'Form responses 1'!$B$2:$B$2604,'Form responses 1'!$I$2:$I$2604,""))} -> SUKABUMI INDAH | J31: {=IF(B31="","",_xlfn.XLOOKUP(B31,'Form responses 1'!$B$2:$B$2604,'Form responses 1'!$G$2:$G$2604,""))} -> Hananda | K31: Maharani | L31: =IF(K31<>"",IF(L31<>"",L31,NOW()),"") -> 45580.382 | M31: Data tidak di temukan di KKP dan TT | W31: SELESAI (LENGKAP) | X31: =IF(W31<>"",IF(X31<>"",X31,NOW()),"") -> 45580.46 | Y31: Cetak | Z31: =COUNTA(M31:V31) -> 1
B32: L/11/141024/1 | C32: {=IF(B32="","",_xlfn.XLOOKUP(B32,'Form responses 1'!$B$2:$B$2604,'Form responses 1'!$A$2:$A$2604,""))} -> 45579.435 | D32: =if(and(B32="",C32=""),"",CONCATENATE(B32,"_",C32)) -> L/11/141024/1_45579.4347999884 | E32: {=IF(B32="","",_xlfn.XLOOKUP(B32,'Form responses 1'!$B$2:$B$2604,'Form responses 1'!$C$2:$C$2604,""))} -> HENNY INDRIYANI | F32: {=IF(B32="","",_xlfn.XLOOKUP(B32,'Form responses 1'!$B$2:$B$2604,'Form responses 1'!$D$2:$D$2604,""))} -> 081369690601 | G32: {=IF(B32="","",_xlfn.XLOOKUP(B32,'Form responses 1'!$B$2:$B$2604,'Form responses 1'!$E$2:$E$2604,""))} -> ROYA | H32: {=IF(B32="","",_xlfn.XLOOKUP(B32,'Form responses 1'!$B$2:$B$2604,'Form responses 1'!$F$2:$F$2604,""))} -> HM 1505 LABUHAN DALAM & HM 1506 LABUHAN DALAM | I32: {=IF(B32="","",_xlfn.XLOOKUP(B32,'Form responses 1'!$B$2:$B$2604,'Form responses 1'!$I$2:$I$2604,""))} -> LABUHAN DALAM | J32: {=IF(B32="","",_xlfn.XLOOKUP(B32,'Form responses 1'!$B$2:$B$2604,'Form responses 1'!$G$2:$G$2604,""))} -> Deby | K32: Maharani | L32: =IF(K32<>"",IF(L32<>"",L32,NOW()),"") -> 45580.383 | W32: SELESAI (LENGKAP) | X32: =IF(W32<>"",IF(X32<>"",X32,NOW()),"") -> 45580.489 | Y32: Cetak | Z32: =COUNTA(M32:V32) -> 0
B33: L/24/141024/1 | C33: {=IF(B33="","",_xlfn.XLOOKUP(B33,'Form responses 1'!$B$2:$B$2604,'Form responses 1'!$A$2:$A$2604,""))} -> 45579.5 | D33: =if(and(B33="",C33=""),"",CONCATENATE(B33,"_",C33)) -> L/24/141024/1_45579.5003502199 | E33: {=IF(B33="","",_xlfn.XLOOKUP(B33,'Form responses 1'!$B$2:$B$2604,'Form responses 1'!$C$2:$C$2604,""))} -> DEWI YULIANA | F33: {=IF(B33="","",_xlfn.XLOOKUP(B33,'Form responses 1'!$B$2:$B$2604,'Form responses 1'!$D$2:$D$2604,""))} -> 082269444244 | G33: {=IF(B33="","",_xlfn.XLOOKUP(B33,'Form responses 1'!$B$2:$B$2604,'Form responses 1'!$E$2:$E$2604,""))} -> ROYA | H33: {=IF(B33="","",_xlfn.XLOOKUP(B33,'Form responses 1'!$B$2:$B$2604,'Form responses 1'!$F$2:$F$2604,""))} -> M.2064/GUNUNG TERANG | I33: {=IF(B33="","",_xlfn.XLOOKUP(B33,'Form responses 1'!$B$2:$B$2604,'Form responses 1'!$I$2:$I$2604,""))} -> GUNUNG TERANG | J33: {=IF(B33="","",_xlfn.XLOOKUP(B33,'Form responses 1'!$B$2:$B$2604,'Form responses 1'!$G$2:$G$2604,""))} -> Nuraini | K33: Maharani | L33: =IF(K33<>"",IF(L33<>"",L33,NOW()),"") -> 45580.383 | W33: SELESAI (LENGKAP) | X33: =IF(W33<>"",IF(X33<>"",X33,NOW()),"") -> 45580.46 | Y33: Cetak | Z33: =COUNTA(M33:V33) -> 0
B34: K/40/141024/5 | C34: {=IF(B34="","",_xlfn.XLOOKUP(B34,'Form responses 1'!$B$2:$B$2604,'Form responses 1'!$A$2:$A$2604,""))} -> 45579.608 | D34: =if(and(B34="",C34=""),"",CONCATENATE(B34,"_",C34)) -> K/40/141024/5_45579.6084455787 | E34: {=IF(B34="","",_xlfn.XLOOKUP(B34,'Form responses 1'!$B$2:$B$2604,'Form responses 1'!$C$2:$C$2604,""))} -> MURSALIN | F34: {=IF(B34="","",_xlfn.XLOOKUP(B34,'Form responses 1'!$B$2:$B$2604,'Form responses 1'!$D$2:$D$2604,""))} -> 085383885939 | G34: {=IF(B34="","",_xlfn.XLOOKUP(B34,'Form responses 1'!$B$2:$B$2604,'Form responses 1'!$E$2:$E$2604,""))} -> PERALIHAN JUAL BELI | H34: {=IF(B34="","",_xlfn.XLOOKUP(B34,'Form responses 1'!$B$2:$B$2604,'Form responses 1'!$F$2:$F$2604,""))} -> NIBEL 2507/ SUMUR BATU | I34: {=IF(B34="","",_xlfn.XLOOKUP(B34,'Form responses 1'!$B$2:$B$2604,'Form responses 1'!$I$2:$I$2604,""))} -> SUMUR BATU | J34: {=IF(B34="","",_xlfn.XLOOKUP(B34,'Form responses 1'!$B$2:$B$2604,'Form responses 1'!$G$2:$G$2604,""))} -> Hananda | K34: Maharani | L34: =IF(K34<>"",IF(L34<>"",L34,NOW()),"") -> 45580.384 | M34: Pada Surat Permohonan, Surat Kuasa, Surat Pernyataan Absentee, dan Surat Pernyataan BPHTB perbaiki alamat I Made Sukantra | N34: Beda Nama Aya Sophia dan Aya Sofia serta Beda Nama Eddy Mahdi dan Eddi Mahdi | O34: Kenapa di AJB anak Aya Sophia yang bernama Derra Rizka tidak memberi persetujuan ? | P34: AJB hlm 2 perbaiki nomor Akta Kematian, AJB hlm. 3 perbaiki tgl lahir I Made Sukantra dan Nomor NIBEL | Q34: Di AJB saksi bernama Cori Anggraini tetapi yang ttd saksinya bernama Selvi Meilinda ? | R34: Perbaikan ke dua : Poin 2 belum dipenuhi dan AJB setiap hlm kurang paraf | W34: SELESAI (LENGKAP) | X34: =IF(W34<>"",IF(X34<>"",X34,NOW()),"") -> 45607.417 | Y34: Cetak | Z34: =COUNTA(M34:V34) -> 6
B35: K/4/141024/2 | C35: {=IF(B35="","",_xlfn.XLOOKUP(B35,'Form responses 1'!$B$2:$B$2604,'Form responses 1'!$A$2:$A$2604,""))} -> 45579.401 | D35: =if(and(B35="",C35=""),"",CONCATENATE(B35,"_",C35)) -> K/4/141024/2_45579.400693507 | E35: {=IF(B35="","",_xlfn.XLOOKUP(B35,'Form responses 1'!$B$2:$B$2604,'Form responses 1'!$C$2:$C$2604,""))} -> GURUH SAMODRA AJI, ST.MT/WAHYUDIN | F35: {=IF(B35="","",_xlfn.XLOOKUP(B35,'Form responses 1'!$B$2:$B$2604,'Form responses 1'!$D$2:$D$2604,""))} -> 082371259997 | G35: {=IF(B35="","",_xlfn.XLOOKUP(B35,'Form responses 1'!$B$2:$B$2604,'Form responses 1'!$E$2:$E$2604,""))} -> PTPGT | H35: {=IF(B35="","",_xlfn.XLOOKUP(B35,'Form responses 1'!$B$2:$B$2604,'Form responses 1'!$F$2:$F$2604,""))} -> - | I35: {=IF(B35="","",_xlfn.XLOOKUP(B35,'Form responses 1'!$B$2:$B$2604,'Form responses 1'!$I$2:$I$2604,""))} -> WAY LAGA | J35: {=IF(B35="","",_xlfn.XLOOKUP(B35,'Form responses 1'!$B$2:$B$2604,'Form responses 1'!$G$2:$G$2604,""))} -> Baynur | K35: Maharani | L35: =IF(K35<>"",IF(L35<>"",L35,NOW()),"") -> 45580.384 | W35: SELESAI (LENGKAP) | X35: =IF(W35<>"",IF(X35<>"",X35,NOW()),"") -> 45580.586 | Y35: Cetak | Z35: =COUNTA(M35:V35) -> 0
B36: K/13/141024/2 | C36: {=IF(B36="","",_xlfn.XLOOKUP(B36,'Form responses 1'!$B$2:$B$2604,'Form responses 1'!$A$2:$A$2604,""))} -> 45579.448 | D36: =if(and(B36="",C36=""),"",CONCATENATE(B36,"_",C36)) -> K/13/141024/2_45579.4480105324 | E36: {=IF(B36="","",_xlfn.XLOOKUP(B36,'Form responses 1'!$B$2:$B$2604,'Form responses 1'!$C$2:$C$2604,""))} -> APRILIA/PANARY SITOPU | F36: {=IF(B36="","",_xlfn.XLOOKUP(B36,'Form responses 1'!$B$2:$B$2604,'Form responses 1'!$D$2:$D$2604,""))} -> 081361444098 | G36: {=IF(B36="","",_xlfn.XLOOKUP(B36,'Form responses 1'!$B$2:$B$2604,'Form responses 1'!$E$2:$E$2604,""))} -> ROYA | H36: {=IF(B36="","",_xlfn.XLOOKUP(B36,'Form responses 1'!$B$2:$B$2604,'Form responses 1'!$F$2:$F$2604,""))} -> M.1088/NEGERI OLOK GADING-SEKARANG;B.1201/NEGERI OLOK GADING-DAHULU | I36: {=IF(B36="","",_xlfn.XLOOKUP(B36,'Form responses 1'!$B$2:$B$2604,'Form responses 1'!$I$2:$I$2604,""))} -> NEGERI OLOK GADING | J36: {=IF(B36="","",_xlfn.XLOOKUP(B36,'Form responses 1'!$B$2:$B$2604,'Form responses 1'!$G$2:$G$2604,""))} -> Baynur | K36: Maharani | L36: =IF(K36<>"",IF(L36<>"",L36,NOW()),"") -> 45580.466 | W36: SELESAI (LENGKAP) | X36: =IF(W36<>"",IF(X36<>"",X36,NOW()),"") -> 45580.469 | Y36: Cetak | Z36: =COUNTA(M36:V36) -> 0
B37: L/35/151024/1 | C37: {=IF(B37="","",_xlfn.XLOOKUP(B37,'Form responses 1'!$B$2:$B$2604,'Form responses 1'!$A$2:$A$2604,""))} -> 45580.585 | D37: =if(and(B37="",C37=""),"",CONCATENATE(B37,"_",C37)) -> L/35/151024/1_45580.5852084491 | E37: {=IF(B37="","",_xlfn.XLOOKUP(B37,'Form responses 1'!$B$2:$B$2604,'Form responses 1'!$C$2:$C$2604,""))} -> FIRMANSYAH/CS | F37: {=IF(B37="","",_xlfn.XLOOKUP(B37,'Form responses 1'!$B$2:$B$2604,'Form responses 1'!$D$2:$D$2604,""))} -> 082278291330 | G37: {=IF(B37="","",_xlfn.XLOOKUP(B37,'Form responses 1'!$B$2:$B$2604,'Form responses 1'!$E$2:$E$2604,""))} -> BN PUTUSAN PENGADILAN (AHLI WARIS) | H37: {=IF(B37="","",_xlfn.XLOOKUP(B37,'Form responses 1'!$B$2:$B$2604,'Form responses 1'!$F$2:$F$2604,""))} -> HM 479/HARAPAN JAYA (DAHULU)-HM 49/KORPRI JAYA (SEKARANG) | I37: {=IF(B37="","",_xlfn.XLOOKUP(B37,'Form responses 1'!$B$2:$B$2604,'Form responses 1'!$I$2:$I$2604,""))} -> KORPRI JAYA | J37: {=IF(B37="","",_xlfn.XLOOKUP(B37,'Form responses 1'!$B$2:$B$2604,'Form responses 1'!$G$2:$G$2604,""))} -> Deby | K37: Kholfa | L37: =IF(K37<>"",IF(L37<>"",L37,NOW()),"") -> 45580.666 | M37: NIB 50 BLM VALBID | N37: S.Pernyataan BPHTB blm ditandatangani seluruh ahli waris | O37: Ada catatan Perkara di KKP(terlampir surat keterangan dari PN Tanjungkarang terkait Perkara No.67/Pdt.G/2023/PN.Tjk | P37: Lampirkan Bukti Bayar PBB 2024 | W37: PERBAIKAN | X37: =IF(W37<>"",IF(X37<>"",X37,NOW()),"") -> 45581.67 | Y37: Cetak | Z37: =COUNTA(M37:V37) -> 4
B38: K/47/151024/1 | C38: {=IF(B38="","",_xlfn.XLOOKUP(B38,'Form responses 1'!$B$2:$B$2604,'Form responses 1'!$A$2:$A$2604,""))} -> 45580.6 | D38: =if(and(B38="",C38=""),"",CONCATENATE(B38,"_",C38)) -> K/47/151024/1_45580.6001020602 | E38: {=IF(B38="","",_xlfn.XLOOKUP(B38,'Form responses 1'!$B$2:$B$2604,'Form responses 1'!$C$2:$C$2604,""))} -> NEDI HERYANDI/ YULIA IKA W | F38: {=IF(B38="","",_xlfn.XLOOKUP(B38,'Form responses 1'!$B$2:$B$2604,'Form responses 1'!$D$2:$D$2604,""))} -> 0811721165 | G38: {=IF(B38="","",_xlfn.XLOOKUP(B38,'Form responses 1'!$B$2:$B$2604,'Form responses 1'!$E$2:$E$2604,""))} -> BN JUAL BELI | H38: {=IF(B38="","",_xlfn.XLOOKUP(B38,'Form responses 1'!$B$2:$B$2604,'Form responses 1'!$F$2:$F$2604,""))} -> B. 176/ LABUHAN RATU RAYA | I38: {=IF(B38="","",_xlfn.XLOOKUP(B38,'Form responses 1'!$B$2:$B$2604,'Form responses 1'!$I$2:$I$2604,""))} -> LABUHAN RATU RAYA | J38: {=IF(B38="","",_xlfn.XLOOKUP(B38,'Form responses 1'!$B$2:$B$2604,'Form responses 1'!$G$2:$G$2604,""))} -> Hananda | K38: Kholfa | L38: =IF(K38<>"",IF(L38<>"",L38,NOW()),"") -> 45580.666 | M38: Perbaikan AJB= Alamat Direktur Utama PT, beda dengan Fc KTP terlampir | W38: SELESAI (LENGKAP) | X38: =IF(W38<>"",IF(X38<>"",X38,NOW()),"") -> 45588.391 | Y38: Cetak | Z38: =COUNTA(M38:V38) -> 1
B39: K/23/151024/3 | C39: {=IF(B39="","",_xlfn.XLOOKUP(B39,'Form responses 1'!$B$2:$B$2604,'Form responses 1'!$A$2:$A$2604,""))} -> 45580.48 | D39: =if(and(B39="",C39=""),"",CONCATENATE(B39,"_",C39)) -> K/23/151024/3_45580.4800118287 | E39: {=IF(B39="","",_xlfn.XLOOKUP(B39,'Form responses 1'!$B$2:$B$2604,'Form responses 1'!$C$2:$C$2604,""))} -> RAHMADIYANTI/ SELVI HELINA | F39: {=IF(B39="","",_xlfn.XLOOKUP(B39,'Form responses 1'!$B$2:$B$2604,'Form responses 1'!$D$2:$D$2604,""))} -> +62 821-8209-0051 | G39: {=IF(B39="","",_xlfn.XLOOKUP(B39,'Form responses 1'!$B$2:$B$2604,'Form responses 1'!$E$2:$E$2604,""))} -> BN JUAL BELI | H39: {=IF(B39="","",_xlfn.XLOOKUP(B39,'Form responses 1'!$B$2:$B$2604,'Form responses 1'!$F$2:$F$2604,""))} -> M. 509/ LABUHAN RATU RAYA | I39: {=IF(B39="","",_xlfn.XLOOKUP(B39,'Form responses 1'!$B$2:$B$2604,'Form responses 1'!$I$2:$I$2604,""))} -> LABUHAN RATU RAYA | J39: {=IF(B39="","",_xlfn.XLOOKUP(B39,'Form responses 1'!$B$2:$B$2604,'Form responses 1'!$G$2:$G$2604,""))} -> Hananda | K39: Kholfa | L39: =IF(K39<>"",IF(L39<>"",L39,NOW()),"") -> 45580.667 | W39: SELESAI (LENGKAP) | X39: =IF(W39<>"",IF(X39<>"",X39,NOW()),"") -> 45581.67 | Y39: Cetak | Z39: =COUNTA(M39:V39) -> 0
B40: K/11/151024/1 | C40: {=IF(B40="","",_xlfn.XLOOKUP(B40,'Form responses 1'!$B$2:$B$2604,'Form responses 1'!$A$2:$A$2604,""))} -> 45580.424 | D40: =if(and(B40="",C40=""),"",CONCATENATE(B40,"_",C40)) -> K/11/151024/1_45580.4240903357 | E40: {=IF(B40="","",_xlfn.XLOOKUP(B40,'Form responses 1'!$B$2:$B$2604,'Form responses 1'!$C$2:$C$2604,""))} -> Maryanti Kurniawan/ Suprapti R | F40: {=IF(B40="","",_xlfn.XLOOKUP(B40,'Form responses 1'!$B$2:$B$2604,'Form responses 1'!$D$2:$D$2604,""))} -> +62 811-7212-168 | G40: {=IF(B40="","",_xlfn.XLOOKUP(B40,'Form responses 1'!$B$2:$B$2604,'Form responses 1'!$E$2:$E$2604,""))} -> BN Jual Beli | H40: {=IF(B40="","",_xlfn.XLOOKUP(B40,'Form responses 1'!$B$2:$B$2604,'Form responses 1'!$F$2:$F$2604,""))} -> Nibel. M. 1869/ Sepang Jaya | I40: {=IF(B40="","",_xlfn.XLOOKUP(B40,'Form responses 1'!$B$2:$B$2604,'Form responses 1'!$I$2:$I$2604,""))} -> Sepang Jaya | J40: {=IF(B40="","",_xlfn.XLOOKUP(B40,'Form responses 1'!$B$2:$B$2604,'Form responses 1'!$G$2:$G$2604,""))} -> Rapita | K40: Kholfa | L40: =IF(K40<>"",IF(L40<>"",L40,NOW()),"") -> 45580.667 | W40: SELESAI (LENGKAP) | X40: =IF(W40<>"",IF(X40<>"",X40,NOW()),"") -> 45581.487 | Y40: Cetak | Z40: =COUNTA(M40:V40) -> 0
B41: K/34/151024/2 | C41: {=IF(B41="","",_xlfn.XLOOKUP(B41,'Form responses 1'!$B$2:$B$2604,'Form responses 1'!$A$2:$A$2604,""))} -> 45580.579 | D41: =if(and(B41="",C41=""),"",CONCATENATE(B41,"_",C41)) -> K/34/151024/2_45580.5789332523 | E41: {=IF(B41="","",_xlfn.XLOOKUP(B41,'Form responses 1'!$B$2:$B$2604,'Form responses 1'!$C$2:$C$2604,""))} -> Ayi Ruhiat/ Eri Yulianti | F41: {=IF(B41="","",_xlfn.XLOOKUP(B41,'Form responses 1'!$B$2:$B$2604,'Form responses 1'!$D$2:$D$2604,""))} -> 081272519799 | G41: {=IF(B41="","",_xlfn.XLOOKUP(B41,'Form responses 1'!$B$2:$B$2604,'Form responses 1'!$E$2:$E$2604,""))} -> BN Hibah | H41: {=IF(B41="","",_xlfn.XLOOKUP(B41,'Form responses 1'!$B$2:$B$2604,'Form responses 1'!$F$2:$F$2604,""))} -> M. 1311/ Beringin Jaya; dahulu B. 2093/ Beringin Raya | I41: {=IF(B41="","",_xlfn.XLOOKUP(B41,'Form responses 1'!$B$2:$B$2604,'Form responses 1'!$I$2:$I$2604,""))} -> Beringin Jaya | J41: {=IF(B41="","",_xlfn.XLOOKUP(B41,'Form responses 1'!$B$2:$B$2604,'Form responses 1'!$G$2:$G$2604,""))} -> Rapita | K41: Kholfa | L41: =IF(K41<>"",IF(L41<>"",L41,NOW()),"") -> 45580.667 | M41: Surat Keterlambatan Pendaftaran | W41: SELESAI (LENGKAP) | X41: =IF(W41<>"",IF(X41<>"",X41,NOW()),"") -> 45581.436 | Y41: Cetak | Z41: =COUNTA(M41:V41) -> 1
B42: K/4/151024/1 | C42: {=IF(B42="","",_xlfn.XLOOKUP(B42,'Form responses 1'!$B$2:$B$2604,'Form responses 1'!$A$2:$A$2604,""))} -> 45580.398 | D42: =if(and(B42="",C42=""),"",CONCATENATE(B42,"_",C42)) -> K/4/151024/1_45580.3981238426 | E42: {=IF(B42="","",_xlfn.XLOOKUP(B42,'Form responses 1'!$B$2:$B$2604,'Form responses 1'!$C$2:$C$2604,""))} -> Renaldi Pratama S/ Rahmat Mirzani D | F42: {=IF(B42="","",_xlfn.XLOOKUP(B42,'Form responses 1'!$B$2:$B$2604,'Form responses 1'!$D$2:$D$2604,""))} -> +62 823-7375-9878 | G42: {=IF(B42="","",_xlfn.XLOOKUP(B42,'Form responses 1'!$B$2:$B$2604,'Form responses 1'!$E$2:$E$2604,""))} -> Roya | H42: {=IF(B42="","",_xlfn.XLOOKUP(B42,'Form responses 1'!$B$2:$B$2604,'Form responses 1'!$F$2:$F$2604,""))} -> M. 10315/ Rajabasa | I42: {=IF(B42="","",_xlfn.XLOOKUP(B42,'Form responses 1'!$B$2:$B$2604,'Form responses 1'!$I$2:$I$2604,""))} -> Rajabasa | J42: {=IF(B42="","",_xlfn.XLOOKUP(B42,'Form responses 1'!$B$2:$B$2604,'Form responses 1'!$G$2:$G$2604,""))} -> Rapita | K42: Kholfa | L42: =IF(K42<>"",IF(L42<>"",L42,NOW()),"") -> 45580.667 | M42: Beda nama pemilik SHAT dengan Fc KTP terlampir | W42: SELESAI (LENGKAP) | X42: =IF(W42<>"",IF(X42<>"",X42,NOW()),"") -> 45589.664 | Y42: Cetak | Z42: =COUNTA(M42:V42) -> 1
B43: L/10/151024/1 | C43: {=IF(B43="","",_xlfn.XLOOKUP(B43,'Form responses 1'!$B$2:$B$2604,'Form responses 1'!$A$2:$A$2604,""))} -> 45580.422 | D43: =if(and(B43="",C43=""),"",CONCATENATE(B43,"_",C43)) -> L/10/151024/1_45580.4220031944 | E43: {=IF(B43="","",_xlfn.XLOOKUP(B43,'Form responses 1'!$B$2:$B$2604,'Form responses 1'!$C$2:$C$2604,""))} -> AHMAD SUKRI | F43: {=IF(B43="","",_xlfn.XLOOKUP(B43,'Form responses 1'!$B$2:$B$2604,'Form responses 1'!$D$2:$D$2604,""))} -> 085366776727 | G43: {=IF(B43="","",_xlfn.XLOOKUP(B43,'Form responses 1'!$B$2:$B$2604,'Form responses 1'!$E$2:$E$2604,""))} -> PERUBAHAN HAK | H43: {=IF(B43="","",_xlfn.XLOOKUP(B43,'Form responses 1'!$B$2:$B$2604,'Form responses 1'!$F$2:$F$2604,""))} -> B.561/NUSANTARA PERMAI;B.329/CAMPANG RAYA-DAHULU | I43: {=IF(B43="","",_xlfn.XLOOKUP(B43,'Form responses 1'!$B$2:$B$2604,'Form responses 1'!$I$2:$I$2604,""))} -> NUSANTARA PERMAI | J43: {=IF(B43="","",_xlfn.XLOOKUP(B43,'Form responses 1'!$B$2:$B$2604,'Form responses 1'!$G$2:$G$2604,""))} -> Nuraini | K43: Kholfa | L43: =IF(K43<>"",IF(L43<>"",L43,NOW()),"") -> 45580.668 | W43: SELESAI (LENGKAP) | X43: =IF(W43<>"",IF(X43<>"",X43,NOW()),"") -> 45581.394 | Y43: Cetak | Z43: =COUNTA(M43:V43) -> 0
B44: K/39/151024/1 | C44: {=IF(B44="","",_xlfn.XLOOKUP(B44,'Form responses 1'!$B$2:$B$2604,'Form responses 1'!$A$2:$A$2604,""))} -> 45580.588 | D44: =if(and(B44="",C44=""),"",CONCATENATE(B44,"_",C44)) -> K/39/151024/1_45580.587693206 | E44: {=IF(B44="","",_xlfn.XLOOKUP(B44,'Form responses 1'!$B$2:$B$2604,'Form responses 1'!$C$2:$C$2604,""))} -> SUMIRAT/RINI ANHARI | F44: {=IF(B44="","",_xlfn.XLOOKUP(B44,'Form responses 1'!$B$2:$B$2604,'Form responses 1'!$D$2:$D$2604,""))} -> 085368337655 | G44: {=IF(B44="","",_xlfn.XLOOKUP(B44,'Form responses 1'!$B$2:$B$2604,'Form responses 1'!$E$2:$E$2604,""))} -> PERALIHAN JUAL BELI | H44: {=IF(B44="","",_xlfn.XLOOKUP(B44,'Form responses 1'!$B$2:$B$2604,'Form responses 1'!$F$2:$F$2604,""))} -> M.13978/TANJUNG BARU | I44: {=IF(B44="","",_xlfn.XLOOKUP(B44,'Form responses 1'!$B$2:$B$2604,'Form responses 1'!$I$2:$I$2604,""))} -> TANJUNG BARU | J44: {=IF(B44="","",_xlfn.XLOOKUP(B44,'Form responses 1'!$B$2:$B$2604,'Form responses 1'!$G$2:$G$2604,""))} -> Baynur | K44: Kholfa | L44: =IF(K44<>"",IF(L44<>"",L44,NOW()),"") -> 45580.668 | M44: Perbaiki AJB = Tgl lahir istri penjual salah | N44: Perbaiki AJB= No.Surat Ukur salah | O44: Perbaiki AJB= No.NOP blm ada | W44: SELESAI (LENGKAP) | X44: =IF(W44<>"",IF(X44<>"",X44,NOW()),"") -> 45608.647 | Y44: Cetak | Z44: =COUNTA(M44:V44) -> 3
B45: K/44/151024/1 | C45: {=IF(B45="","",_xlfn.XLOOKUP(B45,'Form responses 1'!$B$2:$B$2604,'Form responses 1'!$A$2:$A$2604,""))} -> 45580.595 | D45: =if(and(B45="",C45=""),"",CONCATENATE(B45,"_",C45)) -> K/44/151024/1_45580.5947333565 | E45: {=IF(B45="","",_xlfn.XLOOKUP(B45,'Form responses 1'!$B$2:$B$2604,'Form responses 1'!$C$2:$C$2604,""))} -> TITIK WIJAYANTI/SENDI DINI H | F45: {=IF(B45="","",_xlfn.XLOOKUP(B45,'Form responses 1'!$B$2:$B$2604,'Form responses 1'!$D$2:$D$2604,""))} -> 089618401409 | G45: {=IF(B45="","",_xlfn.XLOOKUP(B45,'Form responses 1'!$B$2:$B$2604,'Form responses 1'!$E$2:$E$2604,""))} -> SKPT | H45: {=IF(B45="","",_xlfn.XLOOKUP(B45,'Form responses 1'!$B$2:$B$2604,'Form responses 1'!$F$2:$F$2604,""))} -> M.1375/PERUMNAS WAY HALIM-SEKARANG;B.2097/KEDATON-DAHULU | I45: {=IF(B45="","",_xlfn.XLOOKUP(B45,'Form responses 1'!$B$2:$B$2604,'Form responses 1'!$I$2:$I$2604,""))} -> PERUMNAS WAY HALIM | J45: {=IF(B45="","",_xlfn.XLOOKUP(B45,'Form responses 1'!$B$2:$B$2604,'Form responses 1'!$G$2:$G$2604,""))} -> Baynur | K45: Kholfa | L45: =IF(K45<>"",IF(L45<>"",L45,NOW()),"") -> 45580.668 | M45: NIB 930 Blm Validasi Bidang | W45: PERBAIKAN | X45: =IF(W45<>"",IF(X45<>"",X45,NOW()),"") -> 45581.39 | Y45: Cetak | Z45: =COUNTA(M45:V45) -> 1 | AA45: acc 22/10/2024
B46: K/5/151024/2 | C46: {=IF(B46="","",_xlfn.XLOOKUP(B46,'Form responses 1'!$B$2:$B$2604,'Form responses 1'!$A$2:$A$2604,""))} -> 45580.401 | D46: =if(and(B46="",C46=""),"",CONCATENATE(B46,"_",C46)) -> K/5/151024/2_45580.4010908102 | E46: {=IF(B46="","",_xlfn.XLOOKUP(B46,'Form responses 1'!$B$2:$B$2604,'Form responses 1'!$C$2:$C$2604,""))} -> Renaldi Pratama S/ Nurul S | F46: {=IF(B46="","",_xlfn.XLOOKUP(B46,'Form responses 1'!$B$2:$B$2604,'Form responses 1'!$D$2:$D$2604,""))} -> +62 823-7375-9878 | G46: {=IF(B46="","",_xlfn.XLOOKUP(B46,'Form responses 1'!$B$2:$B$2604,'Form responses 1'!$E$2:$E$2604,""))} -> Roya | H46: {=IF(B46="","",_xlfn.XLOOKUP(B46,'Form responses 1'!$B$2:$B$2604,'Form responses 1'!$F$2:$F$2604,""))} -> M. 1952/ Langkapura | I46: {=IF(B46="","",_xlfn.XLOOKUP(B46,'Form responses 1'!$B$2:$B$2604,'Form responses 1'!$I$2:$I$2604,""))} -> Langkapura | J46: {=IF(B46="","",_xlfn.XLOOKUP(B46,'Form responses 1'!$B$2:$B$2604,'Form responses 1'!$G$2:$G$2604,""))} -> Rapita | K46: Fikka | L46: =IF(K46<>"",IF(L46<>"",L46,NOW()),"") -> 45580.671 | M46: NOMOR SHT DAN APHT PADA KKP BEDA DGN SERTIPIKAT | N46: KTP PENERIMA KUASA | W46: SELESAI (LENGKAP) | X46: =IF(W46<>"",IF(X46<>"",X46,NOW()),"") -> 45582.415 | Y46: Cetak | Z46: =COUNTA(M46:V46) -> 2 | AA46: ACC 22/10/2024
B47: K/40/151024/1 | C47: {=IF(B47="","",_xlfn.XLOOKUP(B47,'Form responses 1'!$B$2:$B$2604,'Form responses 1'!$A$2:$A$2604,""))} -> 45580.59 | D47: =if(and(B47="",C47=""),"",CONCATENATE(B47,"_",C47)) -> K/40/151024/1_45580.5901632986 | E47: {=IF(B47="","",_xlfn.XLOOKUP(B47,'Form responses 1'!$B$2:$B$2604,'Form responses 1'!$C$2:$C$2604,""))} -> Fahrul Rozi/ Lela Monika | F47: {=IF(B47="","",_xlfn.XLOOKUP(B47,'Form responses 1'!$B$2:$B$2604,'Form responses 1'!$D$2:$D$2604,""))} -> +62 821-7585-0002 | G47: {=IF(B47="","",_xlfn.XLOOKUP(B47,'Form responses 1'!$B$2:$B$2604,'Form responses 1'!$E$2:$E$2604,""))} -> BN Jual Beli | H47: {=IF(B47="","",_xlfn.XLOOKUP(B47,'Form responses 1'!$B$2:$B$2604,'Form responses 1'!$F$2:$F$2604,""))} -> M. 2800/ Sumber Rejo | I47: {=IF(B47="","",_xlfn.XLOOKUP(B47,'Form responses 1'!$B$2:$B$2604,'Form responses 1'!$I$2:$I$2604,""))} -> Sumber Rejo | J47: {=IF(B47="","",_xlfn.XLOOKUP(B47,'Form responses 1'!$B$2:$B$2604,'Form responses 1'!$G$2:$G$2604,""))} -> Rapita | K47: Fikka | L47: =IF(K47<>"",IF(L47<>"",L47,NOW()),"") -> 45580.671 | M47: RENVOI NOMOR SU PADA AJB | N47: BUKTI BAYAR PBB 2024 | O47: PERBAIKI TGL LAHIR PADA SP ABSENTE | P47: KUITANSI JUAL BELI | W47: SELESAI (LENGKAP) | X47: =IF(W47<>"",IF(X47<>"",X47,NOW()),"") -> 45588.644 | Y47: Cetak | Z47: =COUNTA(M47:V47) -> 4 | AA47: ACC 23/10/2024
B48: K/17/151024/1 | C48: {=IF(B48="","",_xlfn.XLOOKUP(B48,'Form responses 1'!$B$2:$B$2604,'Form responses 1'!$A$2:$A$2604,""))} -> 45580.47 | D48: =if(and(B48="",C48=""),"",CONCATENATE(B48,"_",C48)) -> K/17/151024/1_45580.4698100232 | E48: {=IF(B48="","",_xlfn.XLOOKUP(B48,'Form responses 1'!$B$2:$B$2604,'Form responses 1'!$C$2:$C$2604,""))} -> BAMBANG ABIYONO / EDY | F48: {=IF(B48="","",_xlfn.XLOOKUP(B48,'Form responses 1'!$B$2:$B$2604,'Form responses 1'!$D$2:$D$2604,""))} -> 082269212060 | G48: {=IF(B48="","",_xlfn.XLOOKUP(B48,'Form responses 1'!$B$2:$B$2604,'Form responses 1'!$E$2:$E$2604,""))} -> BN JUAL BELI | H48: {=IF(B48="","",_xlfn.XLOOKUP(B48,'Form responses 1'!$B$2:$B$2604,'Form responses 1'!$F$2:$F$2604,""))} -> M. 13602/ SEGALA MIDER | I48: {=IF(B48="","",_xlfn.XLOOKUP(B48,'Form responses 1'!$B$2:$B$2604,'Form responses 1'!$I$2:$I$2604,""))} -> SEGALA MIDER | J48: {=IF(B48="","",_xlfn.XLOOKUP(B48,'Form responses 1'!$B$2:$B$2604,'Form responses 1'!$G$2:$G$2604,""))} -> Hananda | K48: Fikka | L48: =IF(K48<>"",IF(L48<>"",L48,NOW()),"") -> 45580.672 | W48: SELESAI (LENGKAP) | X48: =IF(W48<>"",IF(X48<>"",X48,NOW()),"") -> 45581.67 | Y48: Cetak | Z48: =COUNTA(M48:V48) -> 0
B49: L/50/151024/1 | C49: {=IF(B49="","",_xlfn.XLOOKUP(B49,'Form responses 1'!$B$2:$B$2604,'Form responses 1'!$A$2:$A$2604,""))} -> 45580.61 | D49: =if(and(B49="",C49=""),"",CONCATENATE(B49,"_",C49)) -> L/50/151024/1_45580.6103155903 | E49: {=IF(B49="","",_xlfn.XLOOKUP(B49,'Form responses 1'!$B$2:$B$2604,'Form responses 1'!$C$2:$C$2604,""))} -> ALDY DIAN SATRIA | F49: {=IF(B49="","",_xlfn.XLOOKUP(B49,'Form responses 1'!$B$2:$B$2604,'Form responses 1'!$D$2:$D$2604,""))} -> 089510529644 | G49: {=IF(B49="","",_xlfn.XLOOKUP(B49,'Form responses 1'!$B$2:$B$2604,'Form responses 1'!$E$2:$E$2604,""))} -> BN JUAL-BELI | H49: {=IF(B49="","",_xlfn.XLOOKUP(B49,'Form responses 1'!$B$2:$B$2604,'Form responses 1'!$F$2:$F$2604,""))} -> HM 1763/RAJABASA NUNYAI | I49: {=IF(B49="","",_xlfn.XLOOKUP(B49,'Form responses 1'!$B$2:$B$2604,'Form responses 1'!$I$2:$I$2604,""))} -> RAJABASA NUNYAI | J49: {=IF(B49="","",_xlfn.XLOOKUP(B49,'Form responses 1'!$B$2:$B$2604,'Form responses 1'!$G$2:$G$2604,""))} -> Deby | K49: Fikka | L49: =IF(K49<>"",IF(L49<>"",L49,NOW()),"") -> 45580.672 | M49: BEDA TAHUN LAHIR ANTARA SERTIPIKAT DAN KTP | W49: SELESAI (LENGKAP) | X49: =IF(W49<>"",IF(X49<>"",X49,NOW()),"") -> 45581.67 | Y49: Cetak | Z49: =COUNTA(M49:V49) -> 1 | AA49: ACC 21/10/2024
B50: K/13/151024/3 | C50: {=IF(B50="","",_xlfn.XLOOKUP(B50,'Form responses 1'!$B$2:$B$2604,'Form responses 1'!$A$2:$A$2604,""))} -> 45580.427 | D50: =if(and(B50="",C50=""),"",CONCATENATE(B50,"_",C50)) -> K/13/151024/3_45580.4272115741 | E50: {=IF(B50="","",_xlfn.XLOOKUP(B50,'Form responses 1'!$B$2:$B$2604,'Form responses 1'!$C$2:$C$2604,""))} -> Maryanti K/ Asri | F50: {=IF(B50="","",_xlfn.XLOOKUP(B50,'Form responses 1'!$B$2:$B$2604,'Form responses 1'!$D$2:$D$2604,""))} -> +62 811-7212-168 | G50: {=IF(B50="","",_xlfn.XLOOKUP(B50,'Form responses 1'!$B$2:$B$2604,'Form responses 1'!$E$2:$E$2604,""))} -> BN Jual Beli | H50: {=IF(B50="","",_xlfn.XLOOKUP(B50,'Form responses 1'!$B$2:$B$2604,'Form responses 1'!$F$2:$F$2604,""))} -> M. 41/ Kota Sepang | I50: {=IF(B50="","",_xlfn.XLOOKUP(B50,'Form responses 1'!$B$2:$B$2604,'Form responses 1'!$I$2:$I$2604,""))} -> Kota Sepang | J50: {=IF(B50="","",_xlfn.XLOOKUP(B50,'Form responses 1'!$B$2:$B$2604,'Form responses 1'!$G$2:$G$2604,""))} -> Rapita | K50: Fikka | L50: =IF(K50<>"",IF(L50<>"",L50,NOW()),"") -> 45580.672 | W50: SELESAI (LENGKAP) | X50: =IF(W50<>"",IF(X50<>"",X50,NOW()),"") -> 45581.67 | Y50: Cetak | Z50: =COUNTA(M50:V50) -> 0
B51: L/26/151024/1 | C51: {=IF(B51="","",_xlfn.XLOOKUP(B51,'Form responses 1'!$B$2:$B$2604,'Form responses 1'!$A$2:$A$2604,""))} -> 45580.474 | D51: =if(and(B51="",C51=""),"",CONCATENATE(B51,"_",C51)) -> L/26/151024/1_45580.4741132523 | E51: {=IF(B51="","",_xlfn.XLOOKUP(B51,'Form responses 1'!$B$2:$B$2604,'Form responses 1'!$C$2:$C$2604,""))} -> MUHAMMAD ROCYCH | F51: {=IF(B51="","",_xlfn.XLOOKUP(B51,'Form responses 1'!$B$2:$B$2604,'Form responses 1'!$D$2:$D$2604,""))} -> 081379031346 | G51: {=IF(B51="","",_xlfn.XLOOKUP(B51,'Form responses 1'!$B$2:$B$2604,'Form responses 1'!$E$2:$E$2604,""))} -> ROYA | H51: {=IF(B51="","",_xlfn.XLOOKUP(B51,'Form responses 1'!$B$2:$B$2604,'Form responses 1'!$F$2:$F$2604,""))} -> HM 401/KALI BALAU KENCANA | I51: {=IF(B51="","",_xlfn.XLOOKUP(B51,'Form responses 1'!$B$2:$B$2604,'Form responses 1'!$I$2:$I$2604,""))} -> KALI BALAU KENCANA | J51: {=IF(B51="","",_xlfn.XLOOKUP(B51,'Form responses 1'!$B$2:$B$2604,'Form responses 1'!$G$2:$G$2604,""))} -> Deby | K51: Fikka | L51: =IF(K51<>"",IF(L51<>"",L51,NOW()),"") -> 45580.672 | M51: BEDA NAMA DAN TANGGAL LAHIR PEMILIK ANTARA KTP DAN SERTIPIKAT | W51: PERBAIKAN | X51: =IF(W51<>"",IF(X51<>"",X51,NOW()),"") -> 45581.487 | Y51: Cetak | Z51: =COUNTA(M51:V51) -> 1
B52: K/32/151024/1 | C52: {=IF(B52="","",_xlfn.XLOOKUP(B52,'Form responses 1'!$B$2:$B$2604,'Form responses 1'!$A$2:$A$2604,""))} -> 45580.576 | D52: =if(and(B52="",C52=""),"",CONCATENATE(B52,"_",C52)) -> K/32/151024/1_45580.575810787 | E52: {=IF(B52="","",_xlfn.XLOOKUP(B52,'Form responses 1'!$B$2:$B$2604,'Form responses 1'!$C$2:$C$2604,""))} -> Junaidi saptopo/ Yohanes Herman | F52: {=IF(B52="","",_xlfn.XLOOKUP(B52,'Form responses 1'!$B$2:$B$2604,'Form responses 1'!$D$2:$D$2604,""))} -> +62 821-3710-5199 | G52: {=IF(B52="","",_xlfn.XLOOKUP(B52,'Form responses 1'!$B$2:$B$2604,'Form responses 1'!$E$2:$E$2604,""))} -> Cabut Blokir | H52: {=IF(B52="","",_xlfn.XLOOKUP(B52,'Form responses 1'!$B$2:$B$2604,'Form responses 1'!$F$2:$F$2604,""))} -> M. 11169/ Tanjung Baru | I52: {=IF(B52="","",_xlfn.XLOOKUP(B52,'Form responses 1'!$B$2:$B$2604,'Form responses 1'!$I$2:$I$2604,""))} -> Tanjung Baru | J52: {=IF(B52="","",_xlfn.XLOOKUP(B52,'Form responses 1'!$B$2:$B$2604,'Form responses 1'!$G$2:$G$2604,""))} -> Rapita | K52: Fikka | L52: =IF(K52<>"",IF(L52<>"",L52,NOW()),"") -> 45580.672 | W52: SELESAI (LENGKAP) | X52: =IF(W52<>"",IF(X52<>"",X52,NOW()),"") -> 45581.67 | Y52: Cetak | Z52: =COUNTA(M52:V52) -> 0
B53: L/8/151024/1 | C53: {=IF(B53="","",_xlfn.XLOOKUP(B53,'Form responses 1'!$B$2:$B$2604,'Form responses 1'!$A$2:$A$2604,""))} -> 45580.407 | D53: =if(and(B53="",C53=""),"",CONCATENATE(B53,"_",C53)) -> L/8/151024/1_45580.4074116551 | E53: {=IF(B53="","",_xlfn.XLOOKUP(B53,'Form responses 1'!$B$2:$B$2604,'Form responses 1'!$C$2:$C$2604,""))} -> MALA HARTIANA | F53: {=IF(B53="","",_xlfn.XLOOKUP(B53,'Form responses 1'!$B$2:$B$2604,'Form responses 1'!$D$2:$D$2604,""))} -> 081379431418 | G53: {=IF(B53="","",_xlfn.XLOOKUP(B53,'Form responses 1'!$B$2:$B$2604,'Form responses 1'!$E$2:$E$2604,""))} -> PERUBAHAN HAK | H53: {=IF(B53="","",_xlfn.XLOOKUP(B53,'Form responses 1'!$B$2:$B$2604,'Form responses 1'!$F$2:$F$2604,""))} -> NIB 0801000002556/KEMILING PERMAI | I53: {=IF(B53="","",_xlfn.XLOOKUP(B53,'Form responses 1'!$B$2:$B$2604,'Form responses 1'!$I$2:$I$2604,""))} -> KEMILING PERMAI | J53: {=IF(B53="","",_xlfn.XLOOKUP(B53,'Form responses 1'!$B$2:$B$2604,'Form responses 1'!$G$2:$G$2604,""))} -> Deby | K53: Fikka | L53: =IF(K53<>"",IF(L53<>"",L53,NOW()),"") -> 45580.677 | M53: TUMPANG TINDIH | W53: SELESAI (LENGKAP) | X53: =IF(W53<>"",IF(X53<>"",X53,NOW()),"") -> 45581.505 | Y53: Cetak | Z53: =COUNTA(M53:V53) -> 1
B54: K/45/151024/1 | C54: {=IF(B54="","",_xlfn.XLOOKUP(B54,'Form responses 1'!$B$2:$B$2604,'Form responses 1'!$A$2:$A$2604,""))} -> 45580.366 | D54: =if(and(B54="",C54=""),"",CONCATENATE(B54,"_",C54)) -> K/45/151024/1_45580.3664710069 | E54: {=IF(B54="","",_xlfn.XLOOKUP(B54,'Form responses 1'!$B$2:$B$2604,'Form responses 1'!$C$2:$C$2604,""))} -> ABDUL GANI/ DODI SUWANTO CS | F54: {=IF(B54="","",_xlfn.XLOOKUP(B54,'Form responses 1'!$B$2:$B$2604,'Form responses 1'!$D$2:$D$2604,""))} -> +62 895-6401-98434 | G54: {=IF(B54="","",_xlfn.XLOOKUP(B54,'Form responses 1'!$B$2:$B$2604,'Form responses 1'!$E$2:$E$2604,""))} -> PERALIHAN HAK KEWARISAN | H54: {=IF(B54="","",_xlfn.XLOOKUP(B54,'Form responses 1'!$B$2:$B$2604,'Form responses 1'!$F$2:$F$2604,""))} -> M. 2732/ KOTA BARU | I54: {=IF(B54="","",_xlfn.XLOOKUP(B54,'Form responses 1'!$B$2:$B$2604,'Form responses 1'!$I$2:$I$2604,""))} -> kOTA BARU | J54: {=IF(B54="","",_xlfn.XLOOKUP(B54,'Form responses 1'!$B$2:$B$2604,'Form responses 1'!$G$2:$G$2604,""))} -> Rapita | K54: Maharani | L54: =IF(K54<>"",IF(L54<>"",L54,NOW()),"") -> 45580.696 | M54: Plotting : Cek plot bentuk bidang | N54: Surat Waris dilegalisir | O54: Tgl lahir Homsah di KTP dan Surat Ket. Kematian berbeda | P54: Beda nama Slamet Riyadi dan Selamat Riyadi (di KK Dodi Suswanto) | Q54: Perbaikan ke 2 : Masih ada kesalahan pengetikan nama Slamet Riyadi | W54: SELESAI (LENGKAP) | X54: =IF(W54<>"",IF(X54<>"",X54,NOW()),"") -> 45600.417 | Y54: Cetak | Z54: =COUNTA(M54:V54) -> 5
B55: K/41/151024/2 | C55: {=IF(B55="","",_xlfn.XLOOKUP(B55,'Form responses 1'!$B$2:$B$2604,'Form responses 1'!$A$2:$A$2604,""))} -> 45580.594 | D55: =if(and(B55="",C55=""),"",CONCATENATE(B55,"_",C55)) -> K/41/151024/2_45580.5936040741 | E55: {=IF(B55="","",_xlfn.XLOOKUP(B55,'Form responses 1'!$B$2:$B$2604,'Form responses 1'!$C$2:$C$2604,""))} -> Fahrul Rozi/Novarida | F55: {=IF(B55="","",_xlfn.XLOOKUP(B55,'Form responses 1'!$B$2:$B$2604,'Form responses 1'!$D$2:$D$2604,""))} -> +62 821-7585-0002 | G55: {=IF(B55="","",_xlfn.XLOOKUP(B55,'Form responses 1'!$B$2:$B$2604,'Form responses 1'!$E$2:$E$2604,""))} -> BN Jual Beli | H55: {=IF(B55="","",_xlfn.XLOOKUP(B55,'Form responses 1'!$B$2:$B$2604,'Form responses 1'!$F$2:$F$2604,""))} -> M. 11294/ Labuhan Ratu | I55: {=IF(B55="","",_xlfn.XLOOKUP(B55,'Form responses 1'!$B$2:$B$2604,'Form responses 1'!$I$2:$I$2604,""))} -> Labuhan Ratu | J55: {=IF(B55="","",_xlfn.XLOOKUP(B55,'Form responses 1'!$B$2:$B$2604,'Form responses 1'!$G$2:$G$2604,""))} -> Rapita | K55: Maharani | L55: =IF(K55<>"",IF(L55<>"",L55,NOW()),"") -> 45580.697 | M55: Lampirkan Surat Pernyataan Keterlambatan Pendaftaran | N55: Lampirkan Surat Keterangan belum menikah an. Caprina Syukrie | O55: Kuasa Menjual hlm 4 belum dilampirkan | P55: AJB hlm 2 perbaiki tahun Surat Ukur | Q55: Lampirkan Kwitansi | W55: PERBAIKAN | X55: =IF(W55<>"",IF(X55<>"",X55,NOW()),"") -> 45581.67 | Y55: Cetak | Z55: =COUNTA(M55:V55) -> 5
B56: K/16/151024/2 | C56: {=IF(B56="","",_xlfn.XLOOKUP(B56,'Form responses 1'!$B$2:$B$2604,'Form responses 1'!$A$2:$A$2604,""))} -> 45580.441 | D56: =if(and(B56="",C56=""),"",CONCATENATE(B56,"_",C56)) -> K/16/151024/2_45580.4405894676 | E56: {=IF(B56="","",_xlfn.XLOOKUP(B56,'Form responses 1'!$B$2:$B$2604,'Form responses 1'!$C$2:$C$2604,""))} -> M ARIEF S/ AKHMAD RIDHO | F56: {=IF(B56="","",_xlfn.XLOOKUP(B56,'Form responses 1'!$B$2:$B$2604,'Form responses 1'!$D$2:$D$2604,""))} -> 08139113355 | G56: {=IF(B56="","",_xlfn.XLOOKUP(B56,'Form responses 1'!$B$2:$B$2604,'Form responses 1'!$E$2:$E$2604,""))} -> BN JUAL BELI | H56: {=IF(B56="","",_xlfn.XLOOKUP(B56,'Form responses 1'!$B$2:$B$2604,'Form responses 1'!$F$2:$F$2604,""))} -> M. 2418/ KEDAUNG | I56: {=IF(B56="","",_xlfn.XLOOKUP(B56,'Form responses 1'!$B$2:$B$2604,'Form responses 1'!$I$2:$I$2604,""))} -> KEDAUNG | J56: {=IF(B56="","",_xlfn.XLOOKUP(B56,'Form responses 1'!$B$2:$B$2604,'Form responses 1'!$G$2:$G$2604,""))} -> Hananda | K56: Maharani | L56: =IF(K56<>"",IF(L56<>"",L56,NOW()),"") -> 45580.697 | M56: Lampirkan Akta Cerai yang disebutkan di Kuasa Jual dan AJB | W56: SELESAI (LENGKAP) | X56: =IF(W56<>"",IF(X56<>"",X56,NOW()),"") -> 45589.361 | Y56: Cetak | Z56: =COUNTA(M56:V56) -> 1
B57: K/7/151024/1 | C57: {=IF(B57="","",_xlfn.XLOOKUP(B57,'Form responses 1'!$B$2:$B$2604,'Form responses 1'!$A$2:$A$2604,""))} -> 45580.408 | D57: =if(and(B57="",C57=""),"",CONCATENATE(B57,"_",C57)) -> K/7/151024/1_45580.4082624074 | E57: {=IF(B57="","",_xlfn.XLOOKUP(B57,'Form responses 1'!$B$2:$B$2604,'Form responses 1'!$C$2:$C$2604,""))} -> ALI LIUS / ANTHONY | F57: {=IF(B57="","",_xlfn.XLOOKUP(B57,'Form responses 1'!$B$2:$B$2604,'Form responses 1'!$D$2:$D$2604,""))} -> 082279404843 | G57: {=IF(B57="","",_xlfn.XLOOKUP(B57,'Form responses 1'!$B$2:$B$2604,'Form responses 1'!$E$2:$E$2604,""))} -> PERALIHAN JUAL BELI | H57: {=IF(B57="","",_xlfn.XLOOKUP(B57,'Form responses 1'!$B$2:$B$2604,'Form responses 1'!$F$2:$F$2604,""))} -> NIBEL 874/ BUMI KEDAMAIAN | I57: {=IF(B57="","",_xlfn.XLOOKUP(B57,'Form responses 1'!$B$2:$B$2604,'Form responses 1'!$I$2:$I$2604,""))} -> BUMI KEDAMAIAN | J57: {=IF(B57="","",_xlfn.XLOOKUP(B57,'Form responses 1'!$B$2:$B$2604,'Form responses 1'!$G$2:$G$2604,""))} -> Hananda | K57: Maharani | L57: =IF(K57<>"",IF(L57<>"",L57,NOW()),"") -> 45580.697 | M57: Pada Surat Permohonan dan Surat Kuasa perbaiki NIBEL dan Kelurahan | N57: Pada Surat Pernyataan Absentee dan Surat Pernyataan BPHTB perbaiki NIBEL | O57: AJB hlm 2 perbaiki bulan lahir Anthony Tanjung | P57: AJB hlm 3 perbaiki nama kelurahan | W57: SELESAI (LENGKAP) | X57: =IF(W57<>"",IF(X57<>"",X57,NOW()),"") -> 45581.67 | Y57: Cetak | Z57: =COUNTA(M57:V57) -> 4 | AA57: ACC TGL 17/10/2024
B58: K/12/151024/2 | C58: {=IF(B58="","",_xlfn.XLOOKUP(B58,'Form responses 1'!$B$2:$B$2604,'Form responses 1'!$A$2:$A$2604,""))} -> 45580.426 | D58: =if(and(B58="",C58=""),"",CONCATENATE(B58,"_",C58)) -> K/12/151024/2_45580.4257604861 | E58: {=IF(B58="","",_xlfn.XLOOKUP(B58,'Form responses 1'!$B$2:$B$2604,'Form responses 1'!$C$2:$C$2604,""))} -> Maryanti K/ Joko Setiawan | F58: {=IF(B58="","",_xlfn.XLOOKUP(B58,'Form responses 1'!$B$2:$B$2604,'Form responses 1'!$D$2:$D$2604,""))} -> +62 811-7212-168 | G58: {=IF(B58="","",_xlfn.XLOOKUP(B58,'Form responses 1'!$B$2:$B$2604,'Form responses 1'!$E$2:$E$2604,""))} -> BN Jual Beli | H58: {=IF(B58="","",_xlfn.XLOOKUP(B58,'Form responses 1'!$B$2:$B$2604,'Form responses 1'!$F$2:$F$2604,""))} -> M. 288/ Kaliawi | I58: {=IF(B58="","",_xlfn.XLOOKUP(B58,'Form responses 1'!$B$2:$B$2604,'Form responses 1'!$I$2:$I$2604,""))} -> Kaliawi | J58: {=IF(B58="","",_xlfn.XLOOKUP(B58,'Form responses 1'!$B$2:$B$2604,'Form responses 1'!$G$2:$G$2604,""))} -> Rapita | K58: Maharani | L58: =IF(K58<>"",IF(L58<>"",L58,NOW()),"") -> 45580.697 | W58: SELESAI (LENGKAP) | X58: =IF(W58<>"",IF(X58<>"",X58,NOW()),"") -> 45581.67 | Y58: Cetak | Z58: =COUNTA(M58:V58) -> 0
B59: K/29/151024/2 | C59: {=IF(B59="","",_xlfn.XLOOKUP(B59,'Form responses 1'!$B$2:$B$2604,'Form responses 1'!$A$2:$A$2604,""))} -> 45580.484 | D59: =if(and(B59="",C59=""),"",CONCATENATE(B59,"_",C59)) -> K/29/151024/2_45580.4841620718 | E59: {=IF(B59="","",_xlfn.XLOOKUP(B59,'Form responses 1'!$B$2:$B$2604,'Form responses 1'!$C$2:$C$2604,""))} -> Eka Sari T/ Desi Arita | F59: {=IF(B59="","",_xlfn.XLOOKUP(B59,'Form responses 1'!$B$2:$B$2604,'Form responses 1'!$D$2:$D$2604,""))} -> 08953631114046 | G59: {=IF(B59="","",_xlfn.XLOOKUP(B59,'Form responses 1'!$B$2:$B$2604,'Form responses 1'!$E$2:$E$2604,""))} -> Perubahan Hak | H59: {=IF(B59="","",_xlfn.XLOOKUP(B59,'Form responses 1'!$B$2:$B$2604,'Form responses 1'!$F$2:$F$2604,""))} -> Nibel. B. 2015/ Pinang Jaya | I59: {=IF(B59="","",_xlfn.XLOOKUP(B59,'Form responses 1'!$B$2:$B$2604,'Form responses 1'!$I$2:$I$2604,""))} -> Pinang Jaya | J59: {=IF(B59="","",_xlfn.XLOOKUP(B59,'Form responses 1'!$B$2:$B$2604,'Form responses 1'!$G$2:$G$2604,""))} -> Rapita | K59: Maharani | L59: =IF(K59<>"",IF(L59<>"",L59,NOW()),"") -> 45580.697 | M59: Perbaiki NIBEL pada Surat Kuasa | W59: SELESAI (LENGKAP) | X59: =IF(W59<>"",IF(X59<>"",X59,NOW()),"") -> 45589.361 | Y59: Cetak | Z59: =COUNTA(M59:V59) -> 1
B60: L/58/151024/1 | C60: {=IF(B60="","",_xlfn.XLOOKUP(B60,'Form responses 1'!$B$2:$B$2604,'Form responses 1'!$A$2:$A$2604,""))} -> 45580.641 | D60: =if(and(B60="",C60=""),"",CONCATENATE(B60,"_",C60)) -> L/58/151024/1_45580.6410198032 | E60: {=IF(B60="","",_xlfn.XLOOKUP(B60,'Form responses 1'!$B$2:$B$2604,'Form responses 1'!$C$2:$C$2604,""))} -> SAMSUL BAHRI | F60: {=IF(B60="","",_xlfn.XLOOKUP(B60,'Form responses 1'!$B$2:$B$2604,'Form responses 1'!$D$2:$D$2604,""))} -> 085366116470 | G60: {=IF(B60="","",_xlfn.XLOOKUP(B60,'Form responses 1'!$B$2:$B$2604,'Form responses 1'!$E$2:$E$2604,""))} -> PENGHAPUSAN BPHTB | H60: {=IF(B60="","",_xlfn.XLOOKUP(B60,'Form responses 1'!$B$2:$B$2604,'Form responses 1'!$F$2:$F$2604,""))} -> HM 730/SAWAH LAMA | I60: {=IF(B60="","",_xlfn.XLOOKUP(B60,'Form responses 1'!$B$2:$B$2604,'Form responses 1'!$I$2:$I$2604,""))} -> SAWAH LAMA | J60: {=IF(B60="","",_xlfn.XLOOKUP(B60,'Form responses 1'!$B$2:$B$2604,'Form responses 1'!$G$2:$G$2604,""))} -> Deby | K60: Maharani | L60: =IF(K60<>"",IF(L60<>"",L60,NOW()),"") -> 45580.697 | W60: SELESAI (LENGKAP) | X60: =IF(W60<>"",IF(X60<>"",X60,NOW()),"") -> 45582.553 | Y60: Cetak | Z60: =COUNTA(M60:V60) -> 0
B61: K/59/151024/1 | C61: {=IF(B61="","",_xlfn.XLOOKUP(B61,'Form responses 1'!$B$2:$B$2604,'Form responses 1'!$A$2:$A$2604,""))} -> 45580.647 | D61: =if(and(B61="",C61=""),"",CONCATENATE(B61,"_",C61)) -> K/59/151024/1_45580.6472879977 | E61: {=IF(B61="","",_xlfn.XLOOKUP(B61,'Form responses 1'!$B$2:$B$2604,'Form responses 1'!$C$2:$C$2604,""))} -> IRMA SILVIA/ I MADE RETUG | F61: {=IF(B61="","",_xlfn.XLOOKUP(B61,'Form responses 1'!$B$2:$B$2604,'Form responses 1'!$D$2:$D$2604,""))} -> 085384797293 | G61: {=IF(B61="","",_xlfn.XLOOKUP(B61,'Form responses 1'!$B$2:$B$2604,'Form responses 1'!$E$2:$E$2604,""))} -> PERALIHAN JUAL BELI | H61: {=IF(B61="","",_xlfn.XLOOKUP(B61,'Form responses 1'!$B$2:$B$2604,'Form responses 1'!$F$2:$F$2604,""))} -> B.522/BERINGIN JAYA | I61: {=IF(B61="","",_xlfn.XLOOKUP(B61,'Form responses 1'!$B$2:$B$2604,'Form responses 1'!$I$2:$I$2604,""))} -> ERINGIN JAYA | J61: {=IF(B61="","",_xlfn.XLOOKUP(B61,'Form responses 1'!$B$2:$B$2604,'Form responses 1'!$G$2:$G$2604,""))} -> Baynur | K61: Maharani | L61: =IF(K61<>"",IF(L61<>"",L61,NOW()),"") -> 45580.697 | M61: Lampirkan Surat Pernyataan Keterlambatan Pendaftaran | N61: Lampirkan FC KTP PPAT | O61: Lampirkan RUPS terbaru PT. Sinar Waluyo yang memuat susunan direksi (karena RUPS yang treakhir dilampirkan tahun 2008) | P61: SK pengangkatan Pimpinan Cabang tgl 24 Maret 2008 apakah masih berlaku? (sudah 16 tahun ) | Q61: Dalam berkas PT yang dilampirkan tidak menyebutkan SHGB No berapa yang akan dijual belikan? Serta tidak ada kuasa jual dari direksi kepada pimpinan cabang untuk menjual? | W61: PERBAIKAN | X61: =IF(W61<>"",IF(X61<>"",X61,NOW()),"") -> 45582.582 | Y61: Cetak | Z61: =COUNTA(M61:V61) -> 5
B62: L/20/151024/1 | C62: {=IF(B62="","",_xlfn.XLOOKUP(B62,'Form responses 1'!$B$2:$B$2604,'Form responses 1'!$A$2:$A$2604,""))} -> 45580.455 | D62: =if(and(B62="",C62=""),"",CONCATENATE(B62,"_",C62)) -> L/20/151024/1_45580.4550278009 | E62: {=IF(B62="","",_xlfn.XLOOKUP(B62,'Form responses 1'!$B$2:$B$2604,'Form responses 1'!$C$2:$C$2604,""))} -> BUDY RAHARJO | F62: {=IF(B62="","",_xlfn.XLOOKUP(B62,'Form responses 1'!$B$2:$B$2604,'Form responses 1'!$D$2:$D$2604,""))} -> 082372872024 | G62: {=IF(B62="","",_xlfn.XLOOKUP(B62,'Form responses 1'!$B$2:$B$2604,'Form responses 1'!$E$2:$E$2604,""))} -> GANTI NAMA | H62: {=IF(B62="","",_xlfn.XLOOKUP(B62,'Form responses 1'!$B$2:$B$2604,'Form responses 1'!$F$2:$F$2604,""))} -> NIB 0801000023950/SUKARAME | I62: {=IF(B62="","",_xlfn.XLOOKUP(B62,'Form responses 1'!$B$2:$B$2604,'Form responses 1'!$I$2:$I$2604,""))} -> SUKARAME | J62: {=IF(B62="","",_xlfn.XLOOKUP(B62,'Form responses 1'!$B$2:$B$2604,'Form responses 1'!$G$2:$G$2604,""))} -> Deby | K62: Maharani | L62: =IF(K62<>"",IF(L62<>"",L62,NOW()),"") -> 45580.698 | W62: SELESAI (LENGKAP) | X62: =IF(W62<>"",IF(X62<>"",X62,NOW()),"") -> 45582.544 | Y62: Cetak | Z62: =COUNTA(M62:V62) -> 0
B63: K/46/151024/2 | C63: {=IF(B63="","",_xlfn.XLOOKUP(B63,'Form responses 1'!$B$2:$B$2604,'Form responses 1'!$A$2:$A$2604,""))} -> 45580.369 | D63: =if(and(B63="",C63=""),"",CONCATENATE(B63,"_",C63)) -> K/46/151024/2_45580.3685583565 | E63: {=IF(B63="","",_xlfn.XLOOKUP(B63,'Form responses 1'!$B$2:$B$2604,'Form responses 1'!$C$2:$C$2604,""))} -> ABDUL GANI/ SUHARI YANTI | F63: {=IF(B63="","",_xlfn.XLOOKUP(B63,'Form responses 1'!$B$2:$B$2604,'Form responses 1'!$D$2:$D$2604,""))} -> +62 895-6401-98434 | G63: {=IF(B63="","",_xlfn.XLOOKUP(B63,'Form responses 1'!$B$2:$B$2604,'Form responses 1'!$E$2:$E$2604,""))} -> PTPGT | H63: {=IF(B63="","",_xlfn.XLOOKUP(B63,'Form responses 1'!$B$2:$B$2604,'Form responses 1'!$F$2:$F$2604,""))} -> M. 534/ SUMBEREJO SEJAHTERA | I63: {=IF(B63="","",_xlfn.XLOOKUP(B63,'Form responses 1'!$B$2:$B$2604,'Form responses 1'!$I$2:$I$2604,""))} -> SUMBEREJO SEJAHTERA | J63: {=IF(B63="","",_xlfn.XLOOKUP(B63,'Form responses 1'!$B$2:$B$2604,'Form responses 1'!$G$2:$G$2604,""))} -> Rapita | K63: Ila Nofri | L63: =IF(K63<>"",IF(L63<>"",L63,NOW()),"") -> 45580.706 | M63: PBB kurang bayar (16-10-2024) | N63: acc | W63: SELESAI (LENGKAP) | X63: =IF(W63<>"",IF(X63<>"",X63,NOW()),"") -> 45589.419 | Y63: Cetak | Z63: =COUNTA(M63:V63) -> 2
B64: K/57/151024/3 | C64: {=IF(B64="","",_xlfn.XLOOKUP(B64,'Form responses 1'!$B$2:$B$2604,'Form responses 1'!$A$2:$A$2604,""))} -> 45580.636 | D64: =if(and(B64="",C64=""),"",CONCATENATE(B64,"_",C64)) -> K/57/151024/3_45580.6357410301 | E64: {=IF(B64="","",_xlfn.XLOOKUP(B64,'Form responses 1'!$B$2:$B$2604,'Form responses 1'!$C$2:$C$2604,""))} -> Mahfud/ Abaston | F64: {=IF(B64="","",_xlfn.XLOOKUP(B64,'Form responses 1'!$B$2:$B$2604,'Form responses 1'!$D$2:$D$2604,""))} -> 085709139403 | G64: {=IF(B64="","",_xlfn.XLOOKUP(B64,'Form responses 1'!$B$2:$B$2604,'Form responses 1'!$E$2:$E$2604,""))} -> Roya | H64: {=IF(B64="","",_xlfn.XLOOKUP(B64,'Form responses 1'!$B$2:$B$2604,'Form responses 1'!$F$2:$F$2604,""))} -> M. 590/ Pematang Wangi; 382/ Tanjung Senang dahulu | I64: {=IF(B64="","",_xlfn.XLOOKUP(B64,'Form responses 1'!$B$2:$B$2604,'Form responses 1'!$I$2:$I$2604,""))} -> Pematang Wangi | J64: {=IF(B64="","",_xlfn.XLOOKUP(B64,'Form responses 1'!$B$2:$B$2604,'Form responses 1'!$G$2:$G$2604,""))} -> Rapita | K64: Ila Nofri | L64: =IF(K64<>"",IF(L64<>"",L64,NOW()),"") -> 45580.706 | M64: acc (16-10-2024) | W64: SELESAI (LENGKAP) | X64: =IF(W64<>"",IF(X64<>"",X64,NOW()),"") -> 45582.634 | Y64: Cetak | Z64: =COUNTA(M64:V64) -> 1
B65: K/55/151024/1 | C65: {=IF(B65="","",_xlfn.XLOOKUP(B65,'Form responses 1'!$B$2:$B$2604,'Form responses 1'!$A$2:$A$2604,""))} -> 45580.632 | D65: =if(and(B65="",C65=""),"",CONCATENATE(B65,"_",C65)) -> K/55/151024/1_45580.6324097338 | E65: {=IF(B65="","",_xlfn.XLOOKUP(B65,'Form responses 1'!$B$2:$B$2604,'Form responses 1'!$C$2:$C$2604,""))} -> Mahfud/ Tozien | F65: {=IF(B65="","",_xlfn.XLOOKUP(B65,'Form responses 1'!$B$2:$B$2604,'Form responses 1'!$D$2:$D$2604,""))} -> 085709139403 | G65: {=IF(B65="","",_xlfn.XLOOKUP(B65,'Form responses 1'!$B$2:$B$2604,'Form responses 1'!$E$2:$E$2604,""))} -> BN Jual Beli | H65: {=IF(B65="","",_xlfn.XLOOKUP(B65,'Form responses 1'!$B$2:$B$2604,'Form responses 1'!$F$2:$F$2604,""))} -> M. 1402/ Tanjung Raya | I65: {=IF(B65="","",_xlfn.XLOOKUP(B65,'Form responses 1'!$B$2:$B$2604,'Form responses 1'!$I$2:$I$2604,""))} -> Tanjung Raya | J65: {=IF(B65="","",_xlfn.XLOOKUP(B65,'Form responses 1'!$B$2:$B$2604,'Form responses 1'!$G$2:$G$2604,""))} -> Rapita | K65: Ila Nofri | L65: =IF(K65<>"",IF(L65<>"",L65,NOW()),"") -> 45580.706 | M65: Nama penjual berbeda pada KTP, akta sertipikat (17-10-2024) | N65: Lampirkan bukti lunas PBB | O65: acc | W65: SELESAI (LENGKAP) | X65: =IF(W65<>"",IF(X65<>"",X65,NOW()),"") -> 45589.419 | Y65: Cetak | Z65: =COUNTA(M65:V65) -> 3
B66: K/6/151024/1 | C66: {=IF(B66="","",_xlfn.XLOOKUP(B66,'Form responses 1'!$B$2:$B$2604,'Form responses 1'!$A$2:$A$2604,""))} -> 45580.412 | D66: =if(and(B66="",C66=""),"",CONCATENATE(B66,"_",C66)) -> K/6/151024/1_45580.412339919 | E66: {=IF(B66="","",_xlfn.XLOOKUP(B66,'Form responses 1'!$B$2:$B$2604,'Form responses 1'!$C$2:$C$2604,""))} -> Ilanur/ Doni Kris M | F66: {=IF(B66="","",_xlfn.XLOOKUP(B66,'Form responses 1'!$B$2:$B$2604,'Form responses 1'!$D$2:$D$2604,""))} -> 08979122178 | G66: {=IF(B66="","",_xlfn.XLOOKUP(B66,'Form responses 1'!$B$2:$B$2604,'Form responses 1'!$E$2:$E$2604,""))} -> BN Jual Beli | H66: {=IF(B66="","",_xlfn.XLOOKUP(B66,'Form responses 1'!$B$2:$B$2604,'Form responses 1'!$F$2:$F$2604,""))} -> M. 1931/ Campang Jaya | I66: {=IF(B66="","",_xlfn.XLOOKUP(B66,'Form responses 1'!$B$2:$B$2604,'Form responses 1'!$I$2:$I$2604,""))} -> Campang Jaya | J66: {=IF(B66="","",_xlfn.XLOOKUP(B66,'Form responses 1'!$B$2:$B$2604,'Form responses 1'!$G$2:$G$2604,""))} -> Rapita | K66: Ila Nofri | L66: =IF(K66<>"",IF(L66<>"",L66,NOW()),"") -> 45580.706 | M66: PBB kurang bayar (17-10-2024) | N66: acc | W66: SELESAI (LENGKAP) | X66: =IF(W66<>"",IF(X66<>"",X66,NOW()),"") -> 45589.418 | Y66: Cetak | Z66: =COUNTA(M66:V66) -> 2
B67: K/42/151024/3 | C67: {=IF(B67="","",_xlfn.XLOOKUP(B67,'Form responses 1'!$B$2:$B$2604,'Form responses 1'!$A$2:$A$2604,""))} -> 45580.597 | D67: =if(and(B67="",C67=""),"",CONCATENATE(B67,"_",C67)) -> K/42/151024/3_45580.5969326505 | E67: {=IF(B67="","",_xlfn.XLOOKUP(B67,'Form responses 1'!$B$2:$B$2604,'Form responses 1'!$C$2:$C$2604,""))} -> Fahrul Rozi/ Winarni | F67: {=IF(B67="","",_xlfn.XLOOKUP(B67,'Form responses 1'!$B$2:$B$2604,'Form responses 1'!$D$2:$D$2604,""))} -> +62 821-7585-0002 | G67: {=IF(B67="","",_xlfn.XLOOKUP(B67,'Form responses 1'!$B$2:$B$2604,'Form responses 1'!$E$2:$E$2604,""))} -> BN Kewarisan | H67: {=IF(B67="","",_xlfn.XLOOKUP(B67,'Form responses 1'!$B$2:$B$2604,'Form responses 1'!$F$2:$F$2604,""))} -> M. 2589/ Kota Baru | I67: {=IF(B67="","",_xlfn.XLOOKUP(B67,'Form responses 1'!$B$2:$B$2604,'Form responses 1'!$I$2:$I$2604,""))} -> Kota Baru | J67: {=IF(B67="","",_xlfn.XLOOKUP(B67,'Form responses 1'!$B$2:$B$2604,'Form responses 1'!$G$2:$G$2604,""))} -> Rapita | K67: Ila Nofri | L67: =IF(K67<>"",IF(L67<>"",L67,NOW()),"") -> 45580.706 | M67: Pada dokumen tekstual TT (17-10-2024) | N67: Surat keterangan kewarisan yang dilampirkan untuk mengurus administrasi pensiun janda ? perbaiki surat kewarisan dan lampirkan asli surat | O67: Lampirkan fotokopi KK ahli waris | P67: Lampirkan surat nikah | Q67: lampirkan bukti lunas PBB | R67: SP BPHTB dan permohonan diisi lengkap | S67: SP Absente diiisi lengkap dan di tanda tangan | T67: PERBAIKAN | U67: SELESAI | W67: SELESAI (LENGKAP) | X67: =IF(W67<>"",IF(X67<>"",X67,NOW()),"") -> 45610.604 | Y67: Cetak | Z67: =COUNTA(M67:V67) -> 9 | AB67: cek warkah 17-10-2024
B68: K/22/151024/2 | C68: {=IF(B68="","",_xlfn.XLOOKUP(B68,'Form responses 1'!$B$2:$B$2604,'Form responses 1'!$A$2:$A$2604,""))} -> 45580.477 | D68: =if(and(B68="",C68=""),"",CONCATENATE(B68,"_",C68)) -> K/22/151024/2_45580.4770962153 | E68: {=IF(B68="","",_xlfn.XLOOKUP(B68,'Form responses 1'!$B$2:$B$2604,'Form responses 1'!$C$2:$C$2604,""))} -> RAHMADIYANTI/ RUDIYAN | F68: {=IF(B68="","",_xlfn.XLOOKUP(B68,'Form responses 1'!$B$2:$B$2604,'Form responses 1'!$D$2:$D$2604,""))} -> +62 821-8209-0051 | G68: {=IF(B68="","",_xlfn.XLOOKUP(B68,'Form responses 1'!$B$2:$B$2604,'Form responses 1'!$E$2:$E$2604,""))} -> BN JUAL BELI | H68: {=IF(B68="","",_xlfn.XLOOKUP(B68,'Form responses 1'!$B$2:$B$2604,'Form responses 1'!$F$2:$F$2604,""))} -> NIBEL 3118/ SEGALA MIDER | I68: {=IF(B68="","",_xlfn.XLOOKUP(B68,'Form responses 1'!$B$2:$B$2604,'Form responses 1'!$I$2:$I$2604,""))} -> SEGALA MIDER | J68: {=IF(B68="","",_xlfn.XLOOKUP(B68,'Form responses 1'!$B$2:$B$2604,'Form responses 1'!$G$2:$G$2604,""))} -> Hananda | K68: Ila Nofri | L68: =IF(K68<>"",IF(L68<>"",L68,NOW()),"") -> 45580.707 | M68: acc (17-10-2024) | W68: SELESAI (LENGKAP) | X68: =IF(W68<>"",IF(X68<>"",X68,NOW()),"") -> 45582.634 | Y68: Cetak | Z68: =COUNTA(M68:V68) -> 1
B69: K/3/151024/1 | C69: {=IF(B69="","",_xlfn.XLOOKUP(B69,'Form responses 1'!$B$2:$B$2604,'Form responses 1'!$A$2:$A$2604,""))} -> 45580.395 | D69: =if(and(B69="",C69=""),"",CONCATENATE(B69,"_",C69)) -> K/3/151024/1_45580.394699537 | E69: {=IF(B69="","",_xlfn.XLOOKUP(B69,'Form responses 1'!$B$2:$B$2604,'Form responses 1'!$C$2:$C$2604,""))} -> EVA SURIANI / YOSEF OKTOROZI | F69: {=IF(B69="","",_xlfn.XLOOKUP(B69,'Form responses 1'!$B$2:$B$2604,'Form responses 1'!$D$2:$D$2604,""))} -> +62 811-724-041 | G69: {=IF(B69="","",_xlfn.XLOOKUP(B69,'Form responses 1'!$B$2:$B$2604,'Form responses 1'!$E$2:$E$2604,""))} -> PERALIHAN JUAL BELI | H69: {=IF(B69="","",_xlfn.XLOOKUP(B69,'Form responses 1'!$B$2:$B$2604,'Form responses 1'!$F$2:$F$2604,""))} -> B. 613/ SUMUR PUTRI | I69: {=IF(B69="","",_xlfn.XLOOKUP(B69,'Form responses 1'!$B$2:$B$2604,'Form responses 1'!$I$2:$I$2604,""))} -> SUMUR PUTRI | J69: {=IF(B69="","",_xlfn.XLOOKUP(B69,'Form responses 1'!$B$2:$B$2604,'Form responses 1'!$G$2:$G$2604,""))} -> Hananda | K69: Ila Nofri | L69: =IF(K69<>"",IF(L69<>"",L69,NOW()),"") -> 45580.71 | M69: BPHTB kurang bayar Rp. 1 (17-10-2024) | N69: RUPS No, 114 dilegalisir | O69: acc | W69: SELESAI (LENGKAP) | X69: =IF(W69<>"",IF(X69<>"",X69,NOW()),"") -> 45589.42 | Y69: Cetak | Z69: =COUNTA(M69:V69) -> 3
B70: K/48/151024/1 | C70: {=IF(B70="","",_xlfn.XLOOKUP(B70,'Form responses 1'!$B$2:$B$2604,'Form responses 1'!$A$2:$A$2604,""))} -> 45580.604 | D70: =if(and(B70="",C70=""),"",CONCATENATE(B70,"_",C70)) -> K/48/151024/1_45580.6042476505 | E70: {=IF(B70="","",_xlfn.XLOOKUP(B70,'Form responses 1'!$B$2:$B$2604,'Form responses 1'!$C$2:$C$2604,""))} -> ROHAYATI/SUJONO PARYONO | F70: {=IF(B70="","",_xlfn.XLOOKUP(B70,'Form responses 1'!$B$2:$B$2604,'Form responses 1'!$D$2:$D$2604,""))} -> 081363461868 | G70: {=IF(B70="","",_xlfn.XLOOKUP(B70,'Form responses 1'!$B$2:$B$2604,'Form responses 1'!$E$2:$E$2604,""))} -> PERALIHAN JUAL BELI | H70: {=IF(B70="","",_xlfn.XLOOKUP(B70,'Form responses 1'!$B$2:$B$2604,'Form responses 1'!$F$2:$F$2604,""))} -> M.550/KORPRI RAYA-SEKARANG;M.10135/SUKARAME U-DAHULU | I70: {=IF(B70="","",_xlfn.XLOOKUP(B70,'Form responses 1'!$B$2:$B$2604,'Form responses 1'!$I$2:$I$2604,""))} -> KORPRI RAYA | J70: {=IF(B70="","",_xlfn.XLOOKUP(B70,'Form responses 1'!$B$2:$B$2604,'Form responses 1'!$G$2:$G$2604,""))} -> Baynur | K70: Ila Nofri | L70: =IF(K70<>"",IF(L70<>"",L70,NOW()),"") -> 45580.71 | M70: Lampirkan SP keterlambatan pendaftaran (17-10-2024) | N70: Bagian bawah setiap halaman akta diisi lengkap nama dan daerah kerja PPAT | O70: ACC | W70: SELESAI (LENGKAP) | X70: =IF(W70<>"",IF(X70<>"",X70,NOW()),"") -> 45589.721 | Y70: Cetak | Z70: =COUNTA(M70:V70) -> 3
B71: K/30/151024/1 | C71: {=IF(B71="","",_xlfn.XLOOKUP(B71,'Form responses 1'!$B$2:$B$2604,'Form responses 1'!$A$2:$A$2604,""))} -> 45580.545 | D71: =if(and(B71="",C71=""),"",CONCATENATE(B71,"_",C71)) -> K/30/151024/1_45580.5448093981 | E71: {=IF(B71="","",_xlfn.XLOOKUP(B71,'Form responses 1'!$B$2:$B$2604,'Form responses 1'!$C$2:$C$2604,""))} -> NENY SWEET MIDEARTI/NINA ZUSANTI | F71: {=IF(B71="","",_xlfn.XLOOKUP(B71,'Form responses 1'!$B$2:$B$2604,'Form responses 1'!$D$2:$D$2604,""))} -> 0811796717 | G71: {=IF(B71="","",_xlfn.XLOOKUP(B71,'Form responses 1'!$B$2:$B$2604,'Form responses 1'!$E$2:$E$2604,""))} -> HAPUS BPHTB | H71: {=IF(B71="","",_xlfn.XLOOKUP(B71,'Form responses 1'!$B$2:$B$2604,'Form responses 1'!$F$2:$F$2604,""))} -> M.3814/SUKADANAHAM | I71: {=IF(B71="","",_xlfn.XLOOKUP(B71,'Form responses 1'!$B$2:$B$2604,'Form responses 1'!$I$2:$I$2604,""))} -> SUKADANAHAM | J71: {=IF(B71="","",_xlfn.XLOOKUP(B71,'Form responses 1'!$B$2:$B$2604,'Form responses 1'!$G$2:$G$2604,""))} -> Baynur | K71: Ila Nofri | L71: =IF(K71<>"",IF(L71<>"",L71,NOW()),"") -> 45580.71 | M71: Validasi bidang (16-10-2024) | N71: PBB kurang bayar | O71: acc | W71: SELESAI (LENGKAP) | X71: =IF(W71<>"",IF(X71<>"",X71,NOW()),"") -> 45589.421 | Y71: Cetak | Z71: =COUNTA(M71:V71) -> 3
B72: L/31/151024/1 | C72: {=IF(B72="","",_xlfn.XLOOKUP(B72,'Form responses 1'!$B$2:$B$2604,'Form responses 1'!$A$2:$A$2604,""))} -> 45580.57 | D72: =if(and(B72="",C72=""),"",CONCATENATE(B72,"_",C72)) -> L/31/151024/1_45580.569989456 | E72: {=IF(B72="","",_xlfn.XLOOKUP(B72,'Form responses 1'!$B$2:$B$2604,'Form responses 1'!$C$2:$C$2604,""))} -> HERLINA SARI | F72: {=IF(B72="","",_xlfn.XLOOKUP(B72,'Form responses 1'!$B$2:$B$2604,'Form responses 1'!$D$2:$D$2604,""))} -> 085357550232 | G72: {=IF(B72="","",_xlfn.XLOOKUP(B72,'Form responses 1'!$B$2:$B$2604,'Form responses 1'!$E$2:$E$2604,""))} -> PERUBAHAN HAK | H72: {=IF(B72="","",_xlfn.XLOOKUP(B72,'Form responses 1'!$B$2:$B$2604,'Form responses 1'!$F$2:$F$2604,""))} -> B.91/GUNUNG TERANG | I72: {=IF(B72="","",_xlfn.XLOOKUP(B72,'Form responses 1'!$B$2:$B$2604,'Form responses 1'!$I$2:$I$2604,""))} -> GUNUNG TERANG | J72: {=IF(B72="","",_xlfn.XLOOKUP(B72,'Form responses 1'!$B$2:$B$2604,'Form responses 1'!$G$2:$G$2604,""))} -> Nuraini | K72: Ila Nofri | L72: =IF(K72<>"",IF(L72<>"",L72,NOW()),"") -> 45580.711 | M72: Validasi bidang (16-10-2024) | N72: Surat keterangan dari lurah agar dicantumkan nomor sertipikat | O72: PBB kurang bayar | P72: acc | W72: SELESAI (LENGKAP) | X72: =IF(W72<>"",IF(X72<>"",X72,NOW()),"") -> 45589.421 | Y72: Cetak | Z72: =COUNTA(M72:V72) -> 4
B73: L/10/181024/1 | C73: {=IF(B73="","",_xlfn.XLOOKUP(B73,'Form responses 1'!$B$2:$B$2604,'Form responses 1'!$A$2:$A$2604,""))} -> 45583.449 | D73: =if(and(B73="",C73=""),"",CONCATENATE(B73,"_",C73)) -> L/10/181024/1_45583.4493798727 | E73: {=IF(B73="","",_xlfn.XLOOKUP(B73,'Form responses 1'!$B$2:$B$2604,'Form responses 1'!$C$2:$C$2604,""))} -> HAPPY JOY PW SIREGAR | F73: {=IF(B73="","",_xlfn.XLOOKUP(B73,'Form responses 1'!$B$2:$B$2604,'Form responses 1'!$D$2:$D$2604,""))} -> 082176075079 | G73: {=IF(B73="","",_xlfn.XLOOKUP(B73,'Form responses 1'!$B$2:$B$2604,'Form responses 1'!$E$2:$E$2604,""))} -> SERTIPIKAT HILANG | H73: {=IF(B73="","",_xlfn.XLOOKUP(B73,'Form responses 1'!$B$2:$B$2604,'Form responses 1'!$F$2:$F$2604,""))} -> HGB.4629/BERINGIN RAYA | I73: {=IF(B73="","",_xlfn.XLOOKUP(B73,'Form responses 1'!$B$2:$B$2604,'Form responses 1'!$I$2:$I$2604,""))} -> BERINGIN RAYA | J73: {=IF(B73="","",_xlfn.XLOOKUP(B73,'Form responses 1'!$B$2:$B$2604,'Form responses 1'!$G$2:$G$2604,""))} -> Nuraini | K73: Ila Nofri | L73: =IF(K73<>"",IF(L73<>"",L73,NOW()),"") -> 45581.67 | M73: 1. Lampirkan Surat Pernyataan bahwa tidak dalam jaminan di bank 2. Sertipikat Kel. Beringin Raya, PBB Kel. Pinang Jaya ? 3. Lampirkan berkas cek ploy No 77/2024 4. Validasi bidang | W73: SELESAI (LENGKAP) | X73: =IF(W73<>"",IF(X73<>"",X73,NOW()),"") -> 45609.403 | Y73: Cetak | Z73: =COUNTA(M73:V73) -> 1
B74: K/28/181024/1 | C74: {=IF(B74="","",_xlfn.XLOOKUP(B74,'Form responses 1'!$B$2:$B$2604,'Form responses 1'!$A$2:$A$2604,""))} -> 45583.59 | D74: =if(and(B74="",C74=""),"",CONCATENATE(B74,"_",C74)) -> K/28/181024/1_45583.5904268866 | E74: {=IF(B74="","",_xlfn.XLOOKUP(B74,'Form responses 1'!$B$2:$B$2604,'Form responses 1'!$C$2:$C$2604,""))} -> Novalia Eka P/ Dian Ratna W | F74: {=IF(B74="","",_xlfn.XLOOKUP(B74,'Form responses 1'!$B$2:$B$2604,'Form responses 1'!$D$2:$D$2604,""))} -> +62 896-9947-6813 | G74: {=IF(B74="","",_xlfn.XLOOKUP(B74,'Form responses 1'!$B$2:$B$2604,'Form responses 1'!$E$2:$E$2604,""))} -> Roya | H74: {=IF(B74="","",_xlfn.XLOOKUP(B74,'Form responses 1'!$B$2:$B$2604,'Form responses 1'!$F$2:$F$2604,""))} -> M. 690/ Sumur Putri dan SHT 4003/ 2013 | I74: {=IF(B74="","",_xlfn.XLOOKUP(B74,'Form responses 1'!$B$2:$B$2604,'Form responses 1'!$I$2:$I$2604,""))} -> Sumur Putri | J74: {=IF(B74="","",_xlfn.XLOOKUP(B74,'Form responses 1'!$B$2:$B$2604,'Form responses 1'!$G$2:$G$2604,""))} -> Rapita | K74: Ila Nofri | L74: =IF(K74<>"",IF(L74<>"",L74,NOW()),"") -> 45588.81 | M74: ACC | W74: SELESAI (LENGKAP) | X74: =IF(W74<>"",IF(X74<>"",X74,NOW()),"") -> 45589.321 | Y74: Cetak | Z74: =COUNTA(M74:V74) -> 1
B75: K/15/181024/1 | C75: {=IF(B75="","",_xlfn.XLOOKUP(B75,'Form responses 1'!$B$2:$B$2604,'Form responses 1'!$A$2:$A$2604,""))} -> 45583.465 | D75: =if(and(B75="",C75=""),"",CONCATENATE(B75,"_",C75)) -> K/15/181024/1_45583.4653353357 | E75: {=IF(B75="","",_xlfn.XLOOKUP(B75,'Form responses 1'!$B$2:$B$2604,'Form responses 1'!$C$2:$C$2604,""))} -> GEREJA KRISTUS TELUK BETUNG/NICO HIDAYAT | F75: {=IF(B75="","",_xlfn.XLOOKUP(B75,'Form responses 1'!$B$2:$B$2604,'Form responses 1'!$D$2:$D$2604,""))} -> 08127915352 | G75: {=IF(B75="","",_xlfn.XLOOKUP(B75,'Form responses 1'!$B$2:$B$2604,'Form responses 1'!$E$2:$E$2604,""))} -> SKPT PERPANJANGAN | H75: {=IF(B75="","",_xlfn.XLOOKUP(B75,'Form responses 1'!$B$2:$B$2604,'Form responses 1'!$F$2:$F$2604,""))} -> B.921/NEGERI OLOK GADING | I75: {=IF(B75="","",_xlfn.XLOOKUP(B75,'Form responses 1'!$B$2:$B$2604,'Form responses 1'!$I$2:$I$2604,""))} -> NEGERI OLOK GADING | J75: {=IF(B75="","",_xlfn.XLOOKUP(B75,'Form responses 1'!$B$2:$B$2604,'Form responses 1'!$G$2:$G$2604,""))} -> Baynur | K75: Ila Nofri | L75: =IF(K75<>"",IF(L75<>"",L75,NOW()),"") -> 45589.555 | M75: SELESAI | W75: SELESAI (LENGKAP) | X75: =IF(W75<>"",IF(X75<>"",X75,NOW()),"") -> 45602.646 | Y75: Cetak | Z75: =COUNTA(M75:V75) -> 1 | AA75: DIKEMBALIKAN TGL. 6-11-2024 TANPA TANDA TERIMA
B76: K/24/171024/1 | C76: {=IF(B76="","",_xlfn.XLOOKUP(B76,'Form responses 1'!$B$2:$B$2604,'Form responses 1'!$A$2:$A$2604,""))} -> 45582.56 | D76: =if(and(B76="",C76=""),"",CONCATENATE(B76,"_",C76)) -> K/24/171024/1_45582.5604082292 | E76: {=IF(B76="","",_xlfn.XLOOKUP(B76,'Form responses 1'!$B$2:$B$2604,'Form responses 1'!$C$2:$C$2604,""))} -> KORNELIUS SULEMI/SERUNI WIDYAWATI | F76: {=IF(B76="","",_xlfn.XLOOKUP(B76,'Form responses 1'!$B$2:$B$2604,'Form responses 1'!$D$2:$D$2604,""))} -> 0895-6092-80120 | G76: {=IF(B76="","",_xlfn.XLOOKUP(B76,'Form responses 1'!$B$2:$B$2604,'Form responses 1'!$E$2:$E$2604,""))} -> PERALIHAN JUAL BELI | H76: {=IF(B76="","",_xlfn.XLOOKUP(B76,'Form responses 1'!$B$2:$B$2604,'Form responses 1'!$F$2:$F$2604,""))} -> NIBEL M.370/GUNUNG SULAH | I76: {=IF(B76="","",_xlfn.XLOOKUP(B76,'Form responses 1'!$B$2:$B$2604,'Form responses 1'!$I$2:$I$2604,""))} -> GUNUNG SULAH | J76: {=IF(B76="","",_xlfn.XLOOKUP(B76,'Form responses 1'!$B$2:$B$2604,'Form responses 1'!$G$2:$G$2604,""))} -> Baynur | K76: Fikka | L76: =IF(K76<>"",IF(L76<>"",L76,NOW()),"") -> 45583.339 | W76: SELESAI (LENGKAP) | X76: =IF(W76<>"",IF(X76<>"",X76,NOW()),"") -> 45583.42 | Y76: Cetak | Z76: =COUNTA(M76:V76) -> 0
B77: K/13/171024/4 | C77: {=IF(B77="","",_xlfn.XLOOKUP(B77,'Form responses 1'!$B$2:$B$2604,'Form responses 1'!$A$2:$A$2604,""))} -> 45582.463 | D77: =if(and(B77="",C77=""),"",CONCATENATE(B77,"_",C77)) -> K/13/171024/4_45582.4634918056 | E77: {=IF(B77="","",_xlfn.XLOOKUP(B77,'Form responses 1'!$B$2:$B$2604,'Form responses 1'!$C$2:$C$2604,""))} -> eka sari taherah/devita dina mentari | F77: {=IF(B77="","",_xlfn.XLOOKUP(B77,'Form responses 1'!$B$2:$B$2604,'Form responses 1'!$D$2:$D$2604,""))} -> 0895363114046 | G77: {=IF(B77="","",_xlfn.XLOOKUP(B77,'Form responses 1'!$B$2:$B$2604,'Form responses 1'!$E$2:$E$2604,""))} -> BN Jual beli | H77: {=IF(B77="","",_xlfn.XLOOKUP(B77,'Form responses 1'!$B$2:$B$2604,'Form responses 1'!$F$2:$F$2604,""))} -> M. 2523/ Pinang Jaya | I77: {=IF(B77="","",_xlfn.XLOOKUP(B77,'Form responses 1'!$B$2:$B$2604,'Form responses 1'!$I$2:$I$2604,""))} -> Pinang Jaya | J77: {=IF(B77="","",_xlfn.XLOOKUP(B77,'Form responses 1'!$B$2:$B$2604,'Form responses 1'!$G$2:$G$2604,""))} -> Hananda | K77: Fikka | L77: =IF(K77<>"",IF(L77<>"",L77,NOW()),"") -> 45583.339 | M77: RENVOI NOP PADA AJB | W77: SELESAI (LENGKAP) | X77: =IF(W77<>"",IF(X77<>"",X77,NOW()),"") -> 45595.651 | Y77: Cetak | Z77: =COUNTA(M77:V77) -> 1
B78: K/34/171024/2 | C78: {=IF(B78="","",_xlfn.XLOOKUP(B78,'Form responses 1'!$B$2:$B$2604,'Form responses 1'!$A$2:$A$2604,""))} -> 45582.573 | D78: =if(and(B78="",C78=""),"",CONCATENATE(B78,"_",C78)) -> K/34/171024/2_45582.5725960995 | E78: {=IF(B78="","",_xlfn.XLOOKUP(B78,'Form responses 1'!$B$2:$B$2604,'Form responses 1'!$C$2:$C$2604,""))} -> richard adi / agus prasetyo | F78: {=IF(B78="","",_xlfn.XLOOKUP(B78,'Form responses 1'!$B$2:$B$2604,'Form responses 1'!$D$2:$D$2604,""))} -> 085279997821 | G78: {=IF(B78="","",_xlfn.XLOOKUP(B78,'Form responses 1'!$B$2:$B$2604,'Form responses 1'!$E$2:$E$2604,""))} -> BN Jual Beli | H78: {=IF(B78="","",_xlfn.XLOOKUP(B78,'Form responses 1'!$B$2:$B$2604,'Form responses 1'!$F$2:$F$2604,""))} -> M. 2924/ Sukarame II | I78: {=IF(B78="","",_xlfn.XLOOKUP(B78,'Form responses 1'!$B$2:$B$2604,'Form responses 1'!$I$2:$I$2604,""))} -> Sukarame II | J78: {=IF(B78="","",_xlfn.XLOOKUP(B78,'Form responses 1'!$B$2:$B$2604,'Form responses 1'!$G$2:$G$2604,""))} -> Hananda | K78: Fikka | L78: =IF(K78<>"",IF(L78<>"",L78,NOW()),"") -> 45583.339 | W78: SELESAI (LENGKAP) | X78: =IF(W78<>"",IF(X78<>"",X78,NOW()),"") -> 45583.449 | Y78: Cetak | Z78: =COUNTA(M78:V78) -> 0
B79: K/38/171024/2 | C79: {=IF(B79="","",_xlfn.XLOOKUP(B79,'Form responses 1'!$B$2:$B$2604,'Form responses 1'!$A$2:$A$2604,""))} -> 45582.585 | D79: =if(and(B79="",C79=""),"",CONCATENATE(B79,"_",C79)) -> K/38/171024/2_45582.5854494676 | E79: {=IF(B79="","",_xlfn.XLOOKUP(B79,'Form responses 1'!$B$2:$B$2604,'Form responses 1'!$C$2:$C$2604,""))} -> Angga Purnama/ Farida N | F79: {=IF(B79="","",_xlfn.XLOOKUP(B79,'Form responses 1'!$B$2:$B$2604,'Form responses 1'!$D$2:$D$2604,""))} -> +62 895-3553-08122 | G79: {=IF(B79="","",_xlfn.XLOOKUP(B79,'Form responses 1'!$B$2:$B$2604,'Form responses 1'!$E$2:$E$2604,""))} -> BN Jual Beli | H79: {=IF(B79="","",_xlfn.XLOOKUP(B79,'Form responses 1'!$B$2:$B$2604,'Form responses 1'!$F$2:$F$2604,""))} -> M. 4522/ Gunung Terang | I79: {=IF(B79="","",_xlfn.XLOOKUP(B79,'Form responses 1'!$B$2:$B$2604,'Form responses 1'!$I$2:$I$2604,""))} -> Gunung Terang | J79: {=IF(B79="","",_xlfn.XLOOKUP(B79,'Form responses 1'!$B$2:$B$2604,'Form responses 1'!$G$2:$G$2604,""))} -> Rapita | K79: Fikka | L79: =IF(K79<>"",IF(L79<>"",L79,NOW()),"") -> 45583.339 | M79: NAMA PEMBELI ANTARA KTP DAN KK BEDA | W79: SELESAI (LENGKAP) | X79: =IF(W79<>"",IF(X79<>"",X79,NOW()),"") -> 45590.661 | Y79: Cetak | Z79: =COUNTA(M79:V79) -> 1
B80: K/7/171024/1 | C80: {=IF(B80="","",_xlfn.XLOOKUP(B80,'Form responses 1'!$B$2:$B$2604,'Form responses 1'!$A$2:$A$2604,""))} -> 45582.432 | D80: =if(and(B80="",C80=""),"",CONCATENATE(B80,"_",C80)) -> K/7/171024/1_45582.4322251505 | E80: {=IF(B80="","",_xlfn.XLOOKUP(B80,'Form responses 1'!$B$2:$B$2604,'Form responses 1'!$C$2:$C$2604,""))} -> Fitriana/ Paiman | F80: {=IF(B80="","",_xlfn.XLOOKUP(B80,'Form responses 1'!$B$2:$B$2604,'Form responses 1'!$D$2:$D$2604,""))} -> 089661010669 | G80: {=IF(B80="","",_xlfn.XLOOKUP(B80,'Form responses 1'!$B$2:$B$2604,'Form responses 1'!$E$2:$E$2604,""))} -> Pemecahan | H80: {=IF(B80="","",_xlfn.XLOOKUP(B80,'Form responses 1'!$B$2:$B$2604,'Form responses 1'!$F$2:$F$2604,""))} -> M. 2174/ Way Kandis | I80: {=IF(B80="","",_xlfn.XLOOKUP(B80,'Form responses 1'!$B$2:$B$2604,'Form responses 1'!$I$2:$I$2604,""))} -> Way Kandis | J80: {=IF(B80="","",_xlfn.XLOOKUP(B80,'Form responses 1'!$B$2:$B$2604,'Form responses 1'!$G$2:$G$2604,""))} -> Rapita | K80: Fikka | L80: =IF(K80<>"",IF(L80<>"",L80,NOW()),"") -> 45583.339 | W80: SELESAI (LENGKAP) | X80: =IF(W80<>"",IF(X80<>"",X80,NOW()),"") -> 45583.414 | Y80: Cetak | Z80: =COUNTA(M80:V80) -> 0
B81: L/3/171024/1 | C81: {=IF(B81="","",_xlfn.XLOOKUP(B81,'Form responses 1'!$B$2:$B$2604,'Form responses 1'!$A$2:$A$2604,""))} -> 45582.41 | D81: =if(and(B81="",C81=""),"",CONCATENATE(B81,"_",C81)) -> L/3/171024/1_45582.4096537963 | E81: {=IF(B81="","",_xlfn.XLOOKUP(B81,'Form responses 1'!$B$2:$B$2604,'Form responses 1'!$C$2:$C$2604,""))} -> BETI ASTRI NINGSIH | F81: {=IF(B81="","",_xlfn.XLOOKUP(B81,'Form responses 1'!$B$2:$B$2604,'Form responses 1'!$D$2:$D$2604,""))} -> 089517341312 | G81: {=IF(B81="","",_xlfn.XLOOKUP(B81,'Form responses 1'!$B$2:$B$2604,'Form responses 1'!$E$2:$E$2604,""))} -> HAPUS BPTHB | H81: {=IF(B81="","",_xlfn.XLOOKUP(B81,'Form responses 1'!$B$2:$B$2604,'Form responses 1'!$F$2:$F$2604,""))} -> M 3895/CAMPANG RAYA | I81: {=IF(B81="","",_xlfn.XLOOKUP(B81,'Form responses 1'!$B$2:$B$2604,'Form responses 1'!$I$2:$I$2604,""))} -> CAMPANF RAYA | J81: {=IF(B81="","",_xlfn.XLOOKUP(B81,'Form responses 1'!$B$2:$B$2604,'Form responses 1'!$G$2:$G$2604,""))} -> Deby | K81: Fikka | L81: =IF(K81<>"",IF(L81<>"",L81,NOW()),"") -> 45583.339 | M81: BEDA NAMA PEMILIK ANTARA SERTIPIKAT DAN KTP | W81: SELESAI (LENGKAP) | X81: =IF(W81<>"",IF(X81<>"",X81,NOW()),"") -> 45583.409 | Y81: Cetak | Z81: =COUNTA(M81:V81) -> 1 | AA81: ACC 22/10/2024
B82: K/56/171024/1 | C82: {=IF(B82="","",_xlfn.XLOOKUP(B82,'Form responses 1'!$B$2:$B$2604,'Form responses 1'!$A$2:$A$2604,""))} -> 45582.655 | D82: =if(and(B82="",C82=""),"",CONCATENATE(B82,"_",C82)) -> K/56/171024/1_45582.6545368519 | E82: {=IF(B82="","",_xlfn.XLOOKUP(B82,'Form responses 1'!$B$2:$B$2604,'Form responses 1'!$C$2:$C$2604,""))} -> RIKA WISANGRATRI/ JULIUS BUTAR BUTAR | F82: {=IF(B82="","",_xlfn.XLOOKUP(B82,'Form responses 1'!$B$2:$B$2604,'Form responses 1'!$D$2:$D$2604,""))} -> +62 831-6815-4278 | G82: {=IF(B82="","",_xlfn.XLOOKUP(B82,'Form responses 1'!$B$2:$B$2604,'Form responses 1'!$E$2:$E$2604,""))} -> ROYA | H82: {=IF(B82="","",_xlfn.XLOOKUP(B82,'Form responses 1'!$B$2:$B$2604,'Form responses 1'!$F$2:$F$2604,""))} -> M. 377/ ENGGAL | I82: {=IF(B82="","",_xlfn.XLOOKUP(B82,'Form responses 1'!$B$2:$B$2604,'Form responses 1'!$I$2:$I$2604,""))} -> ENGGAL | J82: {=IF(B82="","",_xlfn.XLOOKUP(B82,'Form responses 1'!$B$2:$B$2604,'Form responses 1'!$G$2:$G$2604,""))} -> Hananda | K82: Fikka | L82: =IF(K82<>"",IF(L82<>"",L82,NOW()),"") -> 45583.339 | M82: LENGKAPI PERMOHONAN DAN SURAT KUASA | W82: SELESAI (LENGKAP) | X82: =IF(W82<>"",IF(X82<>"",X82,NOW()),"") -> 45583.403 | Y82: Cetak | Z82: =COUNTA(M82:V82) -> 1 | AA82: ACC 21/10/2024
B83: K/35/161024/1 | C83: {=IF(B83="","",_xlfn.XLOOKUP(B83,'Form responses 1'!$B$2:$B$2604,'Form responses 1'!$A$2:$A$2604,""))} -> 45581.594 | D83: =if(and(B83="",C83=""),"",CONCATENATE(B83,"_",C83)) -> K/35/161024/1_45581.5941142361 | E83: {=IF(B83="","",_xlfn.XLOOKUP(B83,'Form responses 1'!$B$2:$B$2604,'Form responses 1'!$C$2:$C$2604,""))} -> DEVI ERIZAL/WARDIYAH | F83: {=IF(B83="","",_xlfn.XLOOKUP(B83,'Form responses 1'!$B$2:$B$2604,'Form responses 1'!$D$2:$D$2604,""))} -> 085378050909 | G83: {=IF(B83="","",_xlfn.XLOOKUP(B83,'Form responses 1'!$B$2:$B$2604,'Form responses 1'!$E$2:$E$2604,""))} -> ROYA | H83: {=IF(B83="","",_xlfn.XLOOKUP(B83,'Form responses 1'!$B$2:$B$2604,'Form responses 1'!$F$2:$F$2604,""))} -> M.11916/SUKABUMI-SEKARANG;B.3374/SUKABUMI-DAHULU | I83: {=IF(B83="","",_xlfn.XLOOKUP(B83,'Form responses 1'!$B$2:$B$2604,'Form responses 1'!$I$2:$I$2604,""))} -> SUKABUMI | J83: {=IF(B83="","",_xlfn.XLOOKUP(B83,'Form responses 1'!$B$2:$B$2604,'Form responses 1'!$G$2:$G$2604,""))} -> Baynur | K83: Fikka | L83: =IF(K83<>"",IF(L83<>"",L83,NOW()),"") -> 45583.339 | W83: SELESAI (LENGKAP) | X83: =IF(W83<>"",IF(X83<>"",X83,NOW()),"") -> 45583.399 | Y83: Cetak | Z83: =COUNTA(M83:V83) -> 0
B84: L/40/171024/1 | C84: {=IF(B84="","",_xlfn.XLOOKUP(B84,'Form responses 1'!$B$2:$B$2604,'Form responses 1'!$A$2:$A$2604,""))} -> 45582.593 | D84: =if(and(B84="",C84=""),"",CONCATENATE(B84,"_",C84)) -> L/40/171024/1_45582.5930757292 | E84: {=IF(B84="","",_xlfn.XLOOKUP(B84,'Form responses 1'!$B$2:$B$2604,'Form responses 1'!$C$2:$C$2604,""))} -> ACENG SOLEHUDIN | F84: {=IF(B84="","",_xlfn.XLOOKUP(B84,'Form responses 1'!$B$2:$B$2604,'Form responses 1'!$D$2:$D$2604,""))} -> 081272825300 | G84: {=IF(B84="","",_xlfn.XLOOKUP(B84,'Form responses 1'!$B$2:$B$2604,'Form responses 1'!$E$2:$E$2604,""))} -> ROYA | H84: {=IF(B84="","",_xlfn.XLOOKUP(B84,'Form responses 1'!$B$2:$B$2604,'Form responses 1'!$F$2:$F$2604,""))} -> HM 1375/TANJUNG SENENG | I84: {=IF(B84="","",_xlfn.XLOOKUP(B84,'Form responses 1'!$B$2:$B$2604,'Form responses 1'!$I$2:$I$2604,""))} -> TANJUNG SENENG | J84: {=IF(B84="","",_xlfn.XLOOKUP(B84,'Form responses 1'!$B$2:$B$2604,'Form responses 1'!$G$2:$G$2604,""))} -> Deby | K84: Fikka | L84: =IF(K84<>"",IF(L84<>"",L84,NOW()),"") -> 45583.339 | M84: VALBID | N84: SURAT ROYA YG DILAMPIRKAN UNTUK SHM 1376/TANJUNG SENENG | W84: SELESAI (LENGKAP) | X84: =IF(W84<>"",IF(X84<>"",X84,NOW()),"") -> 45583.393 | Y84: Cetak | Z84: =COUNTA(M84:V84) -> 2 | AA84: ACC 21/10/2024
B85: K/7/161024/2 | C85: {=IF(B85="","",_xlfn.XLOOKUP(B85,'Form responses 1'!$B$2:$B$2604,'Form responses 1'!$A$2:$A$2604,""))} -> 45581.408 | D85: =if(and(B85="",C85=""),"",CONCATENATE(B85,"_",C85)) -> K/7/161024/2_45581.4076549074 | E85: {=IF(B85="","",_xlfn.XLOOKUP(B85,'Form responses 1'!$B$2:$B$2604,'Form responses 1'!$C$2:$C$2604,""))} -> DITO SAPUTRA/ TITIK WIJAYANTI | F85: {=IF(B85="","",_xlfn.XLOOKUP(B85,'Form responses 1'!$B$2:$B$2604,'Form responses 1'!$D$2:$D$2604,""))} -> 081369350683 | G85: {=IF(B85="","",_xlfn.XLOOKUP(B85,'Form responses 1'!$B$2:$B$2604,'Form responses 1'!$E$2:$E$2604,""))} -> SKPT LELANG | H85: {=IF(B85="","",_xlfn.XLOOKUP(B85,'Form responses 1'!$B$2:$B$2604,'Form responses 1'!$F$2:$F$2604,""))} -> M. 617/ SAWAH LAMA | I85: {=IF(B85="","",_xlfn.XLOOKUP(B85,'Form responses 1'!$B$2:$B$2604,'Form responses 1'!$I$2:$I$2604,""))} -> SAWAH LAMA | J85: {=IF(B85="","",_xlfn.XLOOKUP(B85,'Form responses 1'!$B$2:$B$2604,'Form responses 1'!$G$2:$G$2604,""))} -> Hananda | K85: Fikka | L85: =IF(K85<>"",IF(L85<>"",L85,NOW()),"") -> 45583.339 | M85: VALBID | W85: SELESAI (LENGKAP) | X85: =IF(W85<>"",IF(X85<>"",X85,NOW()),"") -> 45583.385 | Y85: Cetak | Z85: =COUNTA(M85:V85) -> 1
B86: K/10/161024/1 | C86: {=IF(B86="","",_xlfn.XLOOKUP(B86,'Form responses 1'!$B$2:$B$2604,'Form responses 1'!$A$2:$A$2604,""))} -> 45581.436 | D86: =if(and(B86="",C86=""),"",CONCATENATE(B86,"_",C86)) -> K/10/161024/1_45581.4358078009 | E86: {=IF(B86="","",_xlfn.XLOOKUP(B86,'Form responses 1'!$B$2:$B$2604,'Form responses 1'!$C$2:$C$2604,""))} -> KUMALA RATNA SARI/PANARY SITOPU | F86: {=IF(B86="","",_xlfn.XLOOKUP(B86,'Form responses 1'!$B$2:$B$2604,'Form responses 1'!$D$2:$D$2604,""))} -> 081361444098 | G86: {=IF(B86="","",_xlfn.XLOOKUP(B86,'Form responses 1'!$B$2:$B$2604,'Form responses 1'!$E$2:$E$2604,""))} -> PERALIHAN JUAL BELI | H86: {=IF(B86="","",_xlfn.XLOOKUP(B86,'Form responses 1'!$B$2:$B$2604,'Form responses 1'!$F$2:$F$2604,""))} -> NIBEL M.2729/GUNUNG SULAH | I86: {=IF(B86="","",_xlfn.XLOOKUP(B86,'Form responses 1'!$B$2:$B$2604,'Form responses 1'!$I$2:$I$2604,""))} -> GUNUNG SULAH | J86: {=IF(B86="","",_xlfn.XLOOKUP(B86,'Form responses 1'!$B$2:$B$2604,'Form responses 1'!$G$2:$G$2604,""))} -> Baynur | K86: Fikka | L86: =IF(K86<>"",IF(L86<>"",L86,NOW()),"") -> 45583.339 | W86: SELESAI (LENGKAP) | X86: =IF(W86<>"",IF(X86<>"",X86,NOW()),"") -> 45583.49 | Y86: Cetak | Z86: =COUNTA(M86:V86) -> 0
B87: K/37/161024/1 | C87: {=IF(B87="","",_xlfn.XLOOKUP(B87,'Form responses 1'!$B$2:$B$2604,'Form responses 1'!$A$2:$A$2604,""))} -> 45581.604 | D87: =if(and(B87="",C87=""),"",CONCATENATE(B87,"_",C87)) -> K/37/161024/1_45581.6037247338 | E87: {=IF(B87="","",_xlfn.XLOOKUP(B87,'Form responses 1'!$B$2:$B$2604,'Form responses 1'!$C$2:$C$2604,""))} -> Nanik Maryani/ Siwi A | F87: {=IF(B87="","",_xlfn.XLOOKUP(B87,'Form responses 1'!$B$2:$B$2604,'Form responses 1'!$D$2:$D$2604,""))} -> 083178501348 | G87: {=IF(B87="","",_xlfn.XLOOKUP(B87,'Form responses 1'!$B$2:$B$2604,'Form responses 1'!$E$2:$E$2604,""))} -> BN Jual Beli | H87: {=IF(B87="","",_xlfn.XLOOKUP(B87,'Form responses 1'!$B$2:$B$2604,'Form responses 1'!$F$2:$F$2604,""))} -> M. 16119/ Sukabumi | I87: {=IF(B87="","",_xlfn.XLOOKUP(B87,'Form responses 1'!$B$2:$B$2604,'Form responses 1'!$I$2:$I$2604,""))} -> Sukabumi | J87: {=IF(B87="","",_xlfn.XLOOKUP(B87,'Form responses 1'!$B$2:$B$2604,'Form responses 1'!$G$2:$G$2604,""))} -> Rapita | K87: Fikka | L87: =IF(K87<>"",IF(L87<>"",L87,NOW()),"") -> 45583.339 | W87: SELESAI (LENGKAP) | X87: =IF(W87<>"",IF(X87<>"",X87,NOW()),"") -> 45583.52 | Y87: Cetak | Z87: =COUNTA(M87:V87) -> 0
B88: K/28/171024/2 | C88: {=IF(B88="","",_xlfn.XLOOKUP(B88,'Form responses 1'!$B$2:$B$2604,'Form responses 1'!$A$2:$A$2604,""))} -> 45582.568 | D88: =if(and(B88="",C88=""),"",CONCATENATE(B88,"_",C88)) -> K/28/171024/2_45582.5684533333 | E88: {=IF(B88="","",_xlfn.XLOOKUP(B88,'Form responses 1'!$B$2:$B$2604,'Form responses 1'!$C$2:$C$2604,""))} -> Dian Eka Sari/ M. Nizar | F88: {=IF(B88="","",_xlfn.XLOOKUP(B88,'Form responses 1'!$B$2:$B$2604,'Form responses 1'!$D$2:$D$2604,""))} -> 082282999990 | G88: {=IF(B88="","",_xlfn.XLOOKUP(B88,'Form responses 1'!$B$2:$B$2604,'Form responses 1'!$E$2:$E$2604,""))} -> BN Jual Beli | H88: {=IF(B88="","",_xlfn.XLOOKUP(B88,'Form responses 1'!$B$2:$B$2604,'Form responses 1'!$F$2:$F$2604,""))} -> M. 182/ Way Kandis | I88: {=IF(B88="","",_xlfn.XLOOKUP(B88,'Form responses 1'!$B$2:$B$2604,'Form responses 1'!$I$2:$I$2604,""))} -> Way Kandis | J88: {=IF(B88="","",_xlfn.XLOOKUP(B88,'Form responses 1'!$B$2:$B$2604,'Form responses 1'!$G$2:$G$2604,""))} -> Rapita | K88: Fikka | L88: =IF(K88<>"",IF(L88<>"",L88,NOW()),"") -> 45583.339 | W88: SELESAI (LENGKAP) | X88: =IF(W88<>"",IF(X88<>"",X88,NOW()),"") -> 45583.654 | Y88: Cetak | Z88: =COUNTA(M88:V88) -> 0
B89: K/14/161024/2 | C89: {=IF(B89="","",_xlfn.XLOOKUP(B89,'Form responses 1'!$B$2:$B$2604,'Form responses 1'!$A$2:$A$2604,""))} -> 45581.44 | D89: =if(and(B89="",C89=""),"",CONCATENATE(B89,"_",C89)) -> K/14/161024/2_45581.440413206 | E89: {=IF(B89="","",_xlfn.XLOOKUP(B89,'Form responses 1'!$B$2:$B$2604,'Form responses 1'!$C$2:$C$2604,""))} -> A. Roswantama/ Assabiqun Alpan | F89: {=IF(B89="","",_xlfn.XLOOKUP(B89,'Form responses 1'!$B$2:$B$2604,'Form responses 1'!$D$2:$D$2604,""))} -> +62 813-6948-8565 | G89: {=IF(B89="","",_xlfn.XLOOKUP(B89,'Form responses 1'!$B$2:$B$2604,'Form responses 1'!$E$2:$E$2604,""))} -> BN Jual Beli | H89: {=IF(B89="","",_xlfn.XLOOKUP(B89,'Form responses 1'!$B$2:$B$2604,'Form responses 1'!$F$2:$F$2604,""))} -> M. 5621/ Langkapura | I89: {=IF(B89="","",_xlfn.XLOOKUP(B89,'Form responses 1'!$B$2:$B$2604,'Form responses 1'!$I$2:$I$2604,""))} -> Langkapura | J89: {=IF(B89="","",_xlfn.XLOOKUP(B89,'Form responses 1'!$B$2:$B$2604,'Form responses 1'!$G$2:$G$2604,""))} -> Rapita | K89: Fikka | L89: =IF(K89<>"",IF(L89<>"",L89,NOW()),"") -> 45583.339 | M89: LAMPIRKAN SP INDUK | N89: SUKET KETERLAMBATAN PENDAFTARAN TANDATANGAN BASAH | O89: PARAF NOTARIS TIAP HALAMAN PADA KUASA MENJUAL | W89: SELESAI (LENGKAP) | X89: =IF(W89<>"",IF(X89<>"",X89,NOW()),"") -> 45607.441 | Y89: Cetak | Z89: =COUNTA(M89:V89) -> 3
B90: K/21/161024/1 | C90: {=IF(B90="","",_xlfn.XLOOKUP(B90,'Form responses 1'!$B$2:$B$2604,'Form responses 1'!$A$2:$A$2604,""))} -> 45581.486 | D90: =if(and(B90="",C90=""),"",CONCATENATE(B90,"_",C90)) -> K/21/161024/1_45581.486140787 | E90: {=IF(B90="","",_xlfn.XLOOKUP(B90,'Form responses 1'!$B$2:$B$2604,'Form responses 1'!$C$2:$C$2604,""))} -> Rizki Febrian/ Nuraini Wahyu | F90: {=IF(B90="","",_xlfn.XLOOKUP(B90,'Form responses 1'!$B$2:$B$2604,'Form responses 1'!$D$2:$D$2604,""))} -> 089527350367 | G90: {=IF(B90="","",_xlfn.XLOOKUP(B90,'Form responses 1'!$B$2:$B$2604,'Form responses 1'!$E$2:$E$2604,""))} -> BN PHB | H90: {=IF(B90="","",_xlfn.XLOOKUP(B90,'Form responses 1'!$B$2:$B$2604,'Form responses 1'!$F$2:$F$2604,""))} -> M. 651/ Durian Payung | I90: {=IF(B90="","",_xlfn.XLOOKUP(B90,'Form responses 1'!$B$2:$B$2604,'Form responses 1'!$I$2:$I$2604,""))} -> Durian Payung | J90: {=IF(B90="","",_xlfn.XLOOKUP(B90,'Form responses 1'!$B$2:$B$2604,'Form responses 1'!$G$2:$G$2604,""))} -> Rapita | K90: Fikka | L90: =IF(K90<>"",IF(L90<>"",L90,NOW()),"") -> 45583.339 | M90: RENVOI NIK DAN ALAMAT SITI IROH DI APHB | W90: SELESAI (LENGKAP) | X90: =IF(W90<>"",IF(X90<>"",X90,NOW()),"") -> 45597.656 | Y90: Cetak | Z90: =COUNTA(M90:V90) -> 1
B91: K/6/161024/1 | C91: {=IF(B91="","",_xlfn.XLOOKUP(B91,'Form responses 1'!$B$2:$B$2604,'Form responses 1'!$A$2:$A$2604,""))} -> 45581.405 | D91: =if(and(B91="",C91=""),"",CONCATENATE(B91,"_",C91)) -> K/6/161024/1_45581.4054884375 | E91: {=IF(B91="","",_xlfn.XLOOKUP(B91,'Form responses 1'!$B$2:$B$2604,'Form responses 1'!$C$2:$C$2604,""))} -> DITO SAPUTRA/ TITIK WIJAYANTI | F91: {=IF(B91="","",_xlfn.XLOOKUP(B91,'Form responses 1'!$B$2:$B$2604,'Form responses 1'!$D$2:$D$2604,""))} -> 081369350683 | G91: {=IF(B91="","",_xlfn.XLOOKUP(B91,'Form responses 1'!$B$2:$B$2604,'Form responses 1'!$E$2:$E$2604,""))} -> SKPT LELANG | H91: {=IF(B91="","",_xlfn.XLOOKUP(B91,'Form responses 1'!$B$2:$B$2604,'Form responses 1'!$F$2:$F$2604,""))} -> M. 1560/ Bumi Waras | I91: {=IF(B91="","",_xlfn.XLOOKUP(B91,'Form responses 1'!$B$2:$B$2604,'Form responses 1'!$I$2:$I$2604,""))} -> Bumi Waras | J91: {=IF(B91="","",_xlfn.XLOOKUP(B91,'Form responses 1'!$B$2:$B$2604,'Form responses 1'!$G$2:$G$2604,""))} -> Hananda | K91: Ginta Monita | L91: =IF(K91<>"",IF(L91<>"",L91,NOW()),"") -> 45583.418 | W91: SELESAI (LENGKAP) | X91: =IF(W91<>"",IF(X91<>"",X91,NOW()),"") -> 45583.423 | Y91: Cetak | Z91: =COUNTA(M91:V91) -> 0
B92: K/20/171024/2 | C92: {=IF(B92="","",_xlfn.XLOOKUP(B92,'Form responses 1'!$B$2:$B$2604,'Form responses 1'!$A$2:$A$2604,""))} -> 45582.491 | D92: =if(and(B92="",C92=""),"",CONCATENATE(B92,"_",C92)) -> K/20/171024/2_45582.491129375 | E92: {=IF(B92="","",_xlfn.XLOOKUP(B92,'Form responses 1'!$B$2:$B$2604,'Form responses 1'!$C$2:$C$2604,""))} -> TITIK WIJAYANTI/RIFKI KURNIAWAN SAPUTRA | F92: {=IF(B92="","",_xlfn.XLOOKUP(B92,'Form responses 1'!$B$2:$B$2604,'Form responses 1'!$D$2:$D$2604,""))} -> 081379016000 | G92: {=IF(B92="","",_xlfn.XLOOKUP(B92,'Form responses 1'!$B$2:$B$2604,'Form responses 1'!$E$2:$E$2604,""))} -> SKPT | H92: {=IF(B92="","",_xlfn.XLOOKUP(B92,'Form responses 1'!$B$2:$B$2604,'Form responses 1'!$F$2:$F$2604,""))} -> M.11594/JAGABAYA II | I92: {=IF(B92="","",_xlfn.XLOOKUP(B92,'Form responses 1'!$B$2:$B$2604,'Form responses 1'!$I$2:$I$2604,""))} -> JAGABAYA II | J92: {=IF(B92="","",_xlfn.XLOOKUP(B92,'Form responses 1'!$B$2:$B$2604,'Form responses 1'!$G$2:$G$2604,""))} -> Baynur | K92: Kholfa | L92: =IF(K92<>"",IF(L92<>"",L92,NOW()),"") -> 45583.47 | M92: NIB 2894 belum valbid | N92: barcode surat KPKNL tidak terbaca | W92: SELESAI (LENGKAP) | X92: =IF(W92<>"",IF(X92<>"",X92,NOW()),"") -> 45583.47 | Y92: Cetak | Z92: =COUNTA(M92:V92) -> 2
B93: K/15/171024/1 | C93: {=IF(B93="","",_xlfn.XLOOKUP(B93,'Form responses 1'!$B$2:$B$2604,'Form responses 1'!$A$2:$A$2604,""))} -> 45582.482 | D93: =if(and(B93="",C93=""),"",CONCATENATE(B93,"_",C93)) -> K/15/171024/1_45582.4816578472 | E93: {=IF(B93="","",_xlfn.XLOOKUP(B93,'Form responses 1'!$B$2:$B$2604,'Form responses 1'!$C$2:$C$2604,""))} -> NISWATUN HASANAH/FAUZIYAH ASTUTI SEMBIRING | F93: {=IF(B93="","",_xlfn.XLOOKUP(B93,'Form responses 1'!$B$2:$B$2604,'Form responses 1'!$D$2:$D$2604,""))} -> 089634272029 | G93: {=IF(B93="","",_xlfn.XLOOKUP(B93,'Form responses 1'!$B$2:$B$2604,'Form responses 1'!$E$2:$E$2604,""))} -> PENGUKURAN ULANG | H93: {=IF(B93="","",_xlfn.XLOOKUP(B93,'Form responses 1'!$B$2:$B$2604,'Form responses 1'!$F$2:$F$2604,""))} -> M.10543/GEDONG MENENG | I93: {=IF(B93="","",_xlfn.XLOOKUP(B93,'Form responses 1'!$B$2:$B$2604,'Form responses 1'!$I$2:$I$2604,""))} -> GEDONG MENENG | J93: {=IF(B93="","",_xlfn.XLOOKUP(B93,'Form responses 1'!$B$2:$B$2604,'Form responses 1'!$G$2:$G$2604,""))} -> Baynur | K93: Ginta Monita | L93: =IF(K93<>"",IF(L93<>"",L93,NOW()),"") -> 45583.542 | M93: ktp saksi irwansyah | W93: SELESAI (LENGKAP) | X93: =IF(W93<>"",IF(X93<>"",X93,NOW()),"") -> 45602.494 | Y93: Cetak | Z93: =COUNTA(M93:V93) -> 1
B94: K/28/161024/1 | C94: {=IF(B94="","",_xlfn.XLOOKUP(B94,'Form responses 1'!$B$2:$B$2604,'Form responses 1'!$A$2:$A$2604,""))} -> 45581.58 | D94: =if(and(B94="",C94=""),"",CONCATENATE(B94,"_",C94)) -> K/28/161024/1_45581.5802902778 | E94: {=IF(B94="","",_xlfn.XLOOKUP(B94,'Form responses 1'!$B$2:$B$2604,'Form responses 1'!$C$2:$C$2604,""))} -> tony azhari | F94: {=IF(B94="","",_xlfn.XLOOKUP(B94,'Form responses 1'!$B$2:$B$2604,'Form responses 1'!$D$2:$D$2604,""))} -> 082373759878 | G94: {=IF(B94="","",_xlfn.XLOOKUP(B94,'Form responses 1'!$B$2:$B$2604,'Form responses 1'!$E$2:$E$2604,""))} -> PEMECAHAN BIDANG | H94: {=IF(B94="","",_xlfn.XLOOKUP(B94,'Form responses 1'!$B$2:$B$2604,'Form responses 1'!$F$2:$F$2604,""))} -> M. 68/ Perumnas Way Kandis | I94: {=IF(B94="","",_xlfn.XLOOKUP(B94,'Form responses 1'!$B$2:$B$2604,'Form responses 1'!$I$2:$I$2604,""))} -> Perumnas Way Kandis | J94: {=IF(B94="","",_xlfn.XLOOKUP(B94,'Form responses 1'!$B$2:$B$2604,'Form responses 1'!$G$2:$G$2604,""))} -> Hananda | K94: Maharani | L94: =IF(K94<>"",IF(L94<>"",L94,NOW()),"") -> 45583.578 | W94: SELESAI (LENGKAP) | X94: =IF(W94<>"",IF(X94<>"",X94,NOW()),"") -> 45597.391 | Y94: Cetak | Z94: =COUNTA(M94:V94) -> 0 | AA94: lupa klik slesai jadi tglnya telat | AB94: ACC dari tgl 18/10/2024
B95: K/40/161024/1 | C95: {=IF(B95="","",_xlfn.XLOOKUP(B95,'Form responses 1'!$B$2:$B$2604,'Form responses 1'!$A$2:$A$2604,""))} -> 45581.616 | D95: =if(and(B95="",C95=""),"",CONCATENATE(B95,"_",C95)) -> K/40/161024/1_45581.6161740625 | E95: {=IF(B95="","",_xlfn.XLOOKUP(B95,'Form responses 1'!$B$2:$B$2604,'Form responses 1'!$C$2:$C$2604,""))} -> SULASTRI/CHRISTINA ULINA | F95: {=IF(B95="","",_xlfn.XLOOKUP(B95,'Form responses 1'!$B$2:$B$2604,'Form responses 1'!$D$2:$D$2604,""))} -> 081369223454 | G95: {=IF(B95="","",_xlfn.XLOOKUP(B95,'Form responses 1'!$B$2:$B$2604,'Form responses 1'!$E$2:$E$2604,""))} -> HAPUS BPHTB | H95: {=IF(B95="","",_xlfn.XLOOKUP(B95,'Form responses 1'!$B$2:$B$2604,'Form responses 1'!$F$2:$F$2604,""))} -> M.5925/TANJUNG SENENG | I95: {=IF(B95="","",_xlfn.XLOOKUP(B95,'Form responses 1'!$B$2:$B$2604,'Form responses 1'!$I$2:$I$2604,""))} -> TANJUNG SENENG | J95: {=IF(B95="","",_xlfn.XLOOKUP(B95,'Form responses 1'!$B$2:$B$2604,'Form responses 1'!$G$2:$G$2604,""))} -> Baynur | K95: Maharani | L95: =IF(K95<>"",IF(L95<>"",L95,NOW()),"") -> 45583.578 | W95: SELESAI (LENGKAP) | X95: =IF(W95<>"",IF(X95<>"",X95,NOW()),"") -> 45597.504 | Y95: Cetak | Z95: =COUNTA(M95:V95) -> 0 | AA95: lupa klik slesai jadi tglnya telat | AB95: ACC dari tgl 18/10/2024
B96: K/4/171024/1 | C96: {=IF(B96="","",_xlfn.XLOOKUP(B96,'Form responses 1'!$B$2:$B$2604,'Form responses 1'!$A$2:$A$2604,""))} -> 45582.419 | D96: =if(and(B96="",C96=""),"",CONCATENATE(B96,"_",C96)) -> K/4/171024/1_45582.4190879398 | E96: {=IF(B96="","",_xlfn.XLOOKUP(B96,'Form responses 1'!$B$2:$B$2604,'Form responses 1'!$C$2:$C$2604,""))} -> IRMA SURYANI HARAHAP/ISMARINA | F96: {=IF(B96="","",_xlfn.XLOOKUP(B96,'Form responses 1'!$B$2:$B$2604,'Form responses 1'!$D$2:$D$2604,""))} -> 081377641549 | G96: {=IF(B96="","",_xlfn.XLOOKUP(B96,'Form responses 1'!$B$2:$B$2604,'Form responses 1'!$E$2:$E$2604,""))} -> PENINGKATAN HAK | H96: {=IF(B96="","",_xlfn.XLOOKUP(B96,'Form responses 1'!$B$2:$B$2604,'Form responses 1'!$F$2:$F$2604,""))} -> NIBEL B.2410/RAJABASA NUNYAI | I96: {=IF(B96="","",_xlfn.XLOOKUP(B96,'Form responses 1'!$B$2:$B$2604,'Form responses 1'!$I$2:$I$2604,""))} -> RAJABASA NUNYAI | J96: {=IF(B96="","",_xlfn.XLOOKUP(B96,'Form responses 1'!$B$2:$B$2604,'Form responses 1'!$G$2:$G$2604,""))} -> Baynur | K96: Maharani | L96: =IF(K96<>"",IF(L96<>"",L96,NOW()),"") -> 45583.579 | W96: SELESAI (LENGKAP) | X96: =IF(W96<>"",IF(X96<>"",X96,NOW()),"") -> 45597.504 | Y96: Cetak | Z96: =COUNTA(M96:V96) -> 0 | AA96: lupa klik slesai jadi tglnya telat | AB96: ACC dari tgl 18/10/2024
B97: K/50/171024/3 | C97: {=IF(B97="","",_xlfn.XLOOKUP(B97,'Form responses 1'!$B$2:$B$2604,'Form responses 1'!$A$2:$A$2604,""))} -> 45582.621 | D97: =if(and(B97="",C97=""),"",CONCATENATE(B97,"_",C97)) -> K/50/171024/3_45582.6206360185 | E97: {=IF(B97="","",_xlfn.XLOOKUP(B97,'Form responses 1'!$B$2:$B$2604,'Form responses 1'!$C$2:$C$2604,""))} -> Fahrul Rozi/ I Putu Purwa | F97: {=IF(B97="","",_xlfn.XLOOKUP(B97,'Form responses 1'!$B$2:$B$2604,'Form responses 1'!$D$2:$D$2604,""))} -> +62 821-7585-0002 | G97: {=IF(B97="","",_xlfn.XLOOKUP(B97,'Form responses 1'!$B$2:$B$2604,'Form responses 1'!$E$2:$E$2604,""))} -> Roya | H97: {=IF(B97="","",_xlfn.XLOOKUP(B97,'Form responses 1'!$B$2:$B$2604,'Form responses 1'!$F$2:$F$2604,""))} -> M. 2502/ Kemiling Permai- B. 248/ Kemiling Permai-dahulu | I97: {=IF(B97="","",_xlfn.XLOOKUP(B97,'Form responses 1'!$B$2:$B$2604,'Form responses 1'!$I$2:$I$2604,""))} -> Kemiling Permai | J97: {=IF(B97="","",_xlfn.XLOOKUP(B97,'Form responses 1'!$B$2:$B$2604,'Form responses 1'!$G$2:$G$2604,""))} -> Rapita | K97: Maharani | L97: =IF(K97<>"",IF(L97<>"",L97,NOW()),"") -> 45583.579 | W97: SELESAI (LENGKAP) | X97: =IF(W97<>"",IF(X97<>"",X97,NOW()),"") -> 45597.505 | Y97: Cetak | Z97: =COUNTA(M97:V97) -> 0 | AA97: lupa klik slesai jadi tglnya telat | AB97: ACC dari tgl 18/10/2024
B98: L/11/171024/1 | C98: {=IF(B98="","",_xlfn.XLOOKUP(B98,'Form responses 1'!$B$2:$B$2604,'Form responses 1'!$A$2:$A$2604,""))} -> 45582.459 | D98: =if(and(B98="",C98=""),"",CONCATENATE(B98,"_",C98)) -> L/11/171024/1_45582.4585064468 | E98: {=IF(B98="","",_xlfn.XLOOKUP(B98,'Form responses 1'!$B$2:$B$2604,'Form responses 1'!$C$2:$C$2604,""))} -> SYAMSUARDI | F98: {=IF(B98="","",_xlfn.XLOOKUP(B98,'Form responses 1'!$B$2:$B$2604,'Form responses 1'!$D$2:$D$2604,""))} -> 081376166504 | G98: {=IF(B98="","",_xlfn.XLOOKUP(B98,'Form responses 1'!$B$2:$B$2604,'Form responses 1'!$E$2:$E$2604,""))} -> ROYA | H98: {=IF(B98="","",_xlfn.XLOOKUP(B98,'Form responses 1'!$B$2:$B$2604,'Form responses 1'!$F$2:$F$2604,""))} -> HGB 416/WAY KANDIS | I98: {=IF(B98="","",_xlfn.XLOOKUP(B98,'Form responses 1'!$B$2:$B$2604,'Form responses 1'!$I$2:$I$2604,""))} -> WAY KANDIS | J98: {=IF(B98="","",_xlfn.XLOOKUP(B98,'Form responses 1'!$B$2:$B$2604,'Form responses 1'!$G$2:$G$2604,""))} -> Deby | K98: Maharani | L98: =IF(K98<>"",IF(L98<>"",L98,NOW()),"") -> 45583.579 | W98: SELESAI (LENGKAP) | X98: =IF(W98<>"",IF(X98<>"",X98,NOW()),"") -> 45597.504 | Y98: Cetak | Z98: =COUNTA(M98:V98) -> 0 | AA98: lupa klik slesai jadi tglnya telat | AB98: ACC dari tgl 18/10/2024
B99: K/49/171024/2 | C99: {=IF(B99="","",_xlfn.XLOOKUP(B99,'Form responses 1'!$B$2:$B$2604,'Form responses 1'!$A$2:$A$2604,""))} -> 45582.62 | D99: =if(and(B99="",C99=""),"",CONCATENATE(B99,"_",C99)) -> K/49/171024/2_45582.6198306019 | E99: {=IF(B99="","",_xlfn.XLOOKUP(B99,'Form responses 1'!$B$2:$B$2604,'Form responses 1'!$C$2:$C$2604,""))} -> Fahrul Rozi/ Harlinda | F99: {=IF(B99="","",_xlfn.XLOOKUP(B99,'Form responses 1'!$B$2:$B$2604,'Form responses 1'!$D$2:$D$2604,""))} -> +62 821-7585-0002 | G99: {=IF(B99="","",_xlfn.XLOOKUP(B99,'Form responses 1'!$B$2:$B$2604,'Form responses 1'!$E$2:$E$2604,""))} -> BN Jual Beli | H99: {=IF(B99="","",_xlfn.XLOOKUP(B99,'Form responses 1'!$B$2:$B$2604,'Form responses 1'!$F$2:$F$2604,""))} -> M. 3265/ Gedong Air | I99: {=IF(B99="","",_xlfn.XLOOKUP(B99,'Form responses 1'!$B$2:$B$2604,'Form responses 1'!$I$2:$I$2604,""))} -> Gedong Air | J99: {=IF(B99="","",_xlfn.XLOOKUP(B99,'Form responses 1'!$B$2:$B$2604,'Form responses 1'!$G$2:$G$2604,""))} -> Rapita | K99: Maharani | L99: =IF(K99<>"",IF(L99<>"",L99,NOW()),"") -> 45583.579 | M99: Ada perbedaan nama suami Supriatun di KK dan di Surat Kematian | N99: Siapa Hendrik Wijaya berdasarkan KTP yg dilampirkan? | O99: NOP PBB yang dilampirkan berbeda dengan PPH dan BPHTB | P99: AJB dan PPJB hlm 2 perbaiki NIB | Q99: Lampirkan kwitansi jual beli | R99: Perbaikan kedua : Surat beda nama dibuat dari kelurahan | W99: PERBAIKAN | X99: =IF(W99<>"",IF(X99<>"",X99,NOW()),"") -> 45600.409 | Y99: Cetak | Z99: =COUNTA(M99:V99) -> 6
B100: K/26/171024/2 | C100: {=IF(B100="","",_xlfn.XLOOKUP(B100,'Form responses 1'!$B$2:$B$2604,'Form responses 1'!$A$2:$A$2604,""))} -> 45582.563 | D100: =if(and(B100="",C100=""),"",CONCATENATE(B100,"_",C100)) -> K/26/171024/2_45582.5627759259 | E100: {=IF(B100="","",_xlfn.XLOOKUP(B100,'Form responses 1'!$B$2:$B$2604,'Form responses 1'!$C$2:$C$2604,""))} -> Ilanur/ Dhita A | F100: {=IF(B100="","",_xlfn.XLOOKUP(B100,'Form responses 1'!$B$2:$B$2604,'Form responses 1'!$D$2:$D$2604,""))} -> 08979122178 | G100: {=IF(B100="","",_xlfn.XLOOKUP(B100,'Form responses 1'!$B$2:$B$2604,'Form responses 1'!$E$2:$E$2604,""))} -> BN Jual Beli | H100: {=IF(B100="","",_xlfn.XLOOKUP(B100,'Form responses 1'!$B$2:$B$2604,'Form responses 1'!$F$2:$F$2604,""))} -> Nibel. M. 1066/ Sukarame Baru | I100: {=IF(B100="","",_xlfn.XLOOKUP(B100,'Form responses 1'!$B$2:$B$2604,'Form responses 1'!$I$2:$I$2604,""))} -> Sukarame Baru | J100: {=IF(B100="","",_xlfn.XLOOKUP(B100,'Form responses 1'!$B$2:$B$2604,'Form responses 1'!$G$2:$G$2604,""))} -> Rapita | K100: Maharani | L100: =IF(K100<>"",IF(L100<>"",L100,NOW()),"") -> 45583.579 | M100: Pada lembar kuning BPHTB, periksa kembali nomor hak | N100: AJB hlm 3 perbaiki NOP | W100: SELESAI (LENGKAP) | X100: =IF(W100<>"",IF(X100<>"",X100,NOW()),"") -> 45589.572 | Y100: Cetak | Z100: =COUNTA(M100:V100) -> 2
B101: K/21/171024/2 | C101: {=IF(B101="","",_xlfn.XLOOKUP(B101,'Form responses 1'!$B$2:$B$2604,'Form responses 1'!$A$2:$A$2604,""))} -> 45582.491 | D101: =if(and(B101="",C101=""),"",CONCATENATE(B101,"_",C101)) -> K/21/171024/2_45582.4908203125 | E101: {=IF(B101="","",_xlfn.XLOOKUP(B101,'Form responses 1'!$B$2:$B$2604,'Form responses 1'!$C$2:$C$2604,""))} -> ali lius / hefrizin qq putri naura | F101: {=IF(B101="","",_xlfn.XLOOKUP(B101,'Form responses 1'!$B$2:$B$2604,'Form responses 1'!$D$2:$D$2604,""))} -> 082279404843 | G101: {=IF(B101="","",_xlfn.XLOOKUP(B101,'Form responses 1'!$B$2:$B$2604,'Form responses 1'!$E$2:$E$2604,""))} -> BN Jual Beli | H101: {=IF(B101="","",_xlfn.XLOOKUP(B101,'Form responses 1'!$B$2:$B$2604,'Form responses 1'!$F$2:$F$2604,""))} -> M. 128/ Kemiling Raya | I101: {=IF(B101="","",_xlfn.XLOOKUP(B101,'Form responses 1'!$B$2:$B$2604,'Form responses 1'!$I$2:$I$2604,""))} -> Kemiling Raya | J101: {=IF(B101="","",_xlfn.XLOOKUP(B101,'Form responses 1'!$B$2:$B$2604,'Form responses 1'!$G$2:$G$2604,""))} -> Hananda | K101: Maharani | L101: =IF(K101<>"",IF(L101<>"",L101,NOW()),"") -> 45583.579 | M101: Pada Surat Pernyataan BPHTB perbsiki Nomor SHM | N101: Periksa kembali AJB hlm. 2 | O101: Lampirkan Surat Perwalian | W101: SELESAI (LENGKAP) | X101: =IF(W101<>"",IF(X101<>"",X101,NOW()),"") -> 45602.679 | Y101: Cetak | Z101: =COUNTA(M101:V101) -> 3
...

Sheet JS
B3: FORM CETAK ILA NOFRI | C3: Klik Disini
B4: FORM CETAK KHOLFA | C4: Klik Disini
B5: FORM CETAK GINTA MONITA | C5: Klik Disini
B6: FORM CETAK MAHARANI | C6: Klik Disini
B7: FORM CETAK ZEVINA | C7: Klik Disini
B8: FORM CETAK FIKKA | C8: Klik Disini

Sheet C1
A1: 25 | C1: m.2442/tanjung seneng / 3
D2: HOME
B3: FORM CETAK PERBAIKAN
B5: Nomor Tiket | C5: K/24/211024/1 | D5: =IF(C5="","",VLOOKUP(C5,Table_Kerja_Verifiaktor_Berkas[],A1,0)) -> 2
B6: Pembetulan Berkas Ke | C6: P0
C7: =CONCATENATE(C5,"_",C6) -> K/24/211024/1_P0
B8: Nomor | C8: Catatan
A9: 12 | B9: 1 | C9: =IF(C5="","",VLOOKUP($C$5,Verifikator!$B$4:$V$4002,$A9,0)) -> Tanggal. 25-10-2024 1. Validasi bidang 2. PBB kurang bayar tahun 3. Perbaiki Alamat ahli waris (nurmasnyah extrasona) pada permohonan, surat kuasa,surat pernyataan 4. Lampirkan surat keterangan beda nama pewaris pada akta kelahiran ahli waris
A10: =A9+1 -> 13 | B10: =IF(B9<$D$5,B9+1,"") -> 2 | C10: =IF(C6="","",VLOOKUP($C$5,Verifikator!$B$4:$V$4002,$A10,0)) -> SELESAI
A11: =A10+1 -> 14 | B11: =IF(B10<$D$5,B10+1,"") | C11: =IF(C7="","",VLOOKUP($C$5,Verifikator!$B$4:$V$4002,$A11,0))
A12: =A11+1 -> 15 | B12: =IF(B11<$D$5,B11+1,"") | C12: =IF(C8="","",VLOOKUP($C$5,Verifikator!$B$4:$V$4002,$A12,0))
A13: =A12+1 -> 16 | B13: =IF(B12<$D$5,B12+1,"") | C13: =IF(C9="","",VLOOKUP($C$5,Verifikator!$B$4:$V$4002,$A13,0))
A14: =A13+1 -> 17 | B14: =IF(B13<$D$5,B13+1,"") | C14: =IF(C10="","",VLOOKUP($C$5,Verifikator!$B$4:$V$4002,$A14,0))
A15: =A14+1 -> 18 | B15: =IF(B14<$D$5,B14+1,"") | C15: =IF(C11="","",VLOOKUP($C$5,Verifikator!$B$4:$V$4002,$A15,0))
A16: =A15+1 -> 19 | B16: =IF(B15<$D$5,B15+1,"") | C16: =IF(C12="","",VLOOKUP($C$5,Verifikator!$B$4:$V$4002,$A16,0))
A17: =A16+1 -> 20 | B17: =IF(B16<$D$5,B16+1,"") | C17: =IF(C13="","",VLOOKUP($C$5,Verifikator!$B$4:$V$4002,$A17,0))
A18: =A17+1 -> 21 | B18: =IF(B17<$D$5,B17+1,"") | C18: =IF(C14="","",VLOOKUP($C$5,Verifikator!$B$4:$V$4002,$A18,0))
C20: =Today() -> 46261

Sheet C2
A1: 25
D2: HOME
B3: FORM CETAK PERBAIKAN
B5: Nomor Tiket | C5: K/11/211024/2 | D5: =IF(C5="","",VLOOKUP(C5,Table_Kerja_Verifiaktor_Berkas[],A1,0)) -> 2
B6: Pembetulan Berkas Ke | C6: P0
C7: =CONCATENATE(C5,"_",C6) -> K/11/211024/2_P0
B8: Nomor | C8: Catatan
A9: 12 | B9: 1 | C9: =IF(C5="","",VLOOKUP($C$5,Verifikator!$B$4:$V$4002,$A9,0)) -> Isi lengkap SPernyataan BPHTB
A10: =A9+1 -> 13 | B10: =IF(B9<$D$5,B9+1,"") -> 2 | C10: =IF(C6="","",VLOOKUP($C$5,Verifikator!$B$4:$V$4002,$A10,0)) -> Fc RUPS dan Akta pendirian PT terlampir blm di cap &paraf notaris tiap halaman
A11: =A10+1 -> 14 | B11: =IF(B10<$D$5,B10+1,"") | C11: =IF(C7="","",VLOOKUP($C$5,Verifikator!$B$4:$V$4002,$A11,0))
A12: =A11+1 -> 15 | B12: =IF(B11<$D$5,B11+1,"") | C12: =IF(C8="","",VLOOKUP($C$5,Verifikator!$B$4:$V$4002,$A12,0))
A13: =A12+1 -> 16 | B13: =IF(B12<$D$5,B12+1,"") | C13: =IF(C9="","",VLOOKUP($C$5,Verifikator!$B$4:$V$4002,$A13,0))
A14: =A13+1 -> 17 | B14: =IF(B13<$D$5,B13+1,"") | C14: =IF(C10="","",VLOOKUP($C$5,Verifikator!$B$4:$V$4002,$A14,0))
A15: =A14+1 -> 18 | B15: =IF(B14<$D$5,B14+1,"") | C15: =IF(C11="","",VLOOKUP($C$5,Verifikator!$B$4:$V$4002,$A15,0))
A16: =A15+1 -> 19 | B16: =IF(B15<$D$5,B15+1,"") | C16: =IF(C12="","",VLOOKUP($C$5,Verifikator!$B$4:$V$4002,$A16,0))
A17: =A16+1 -> 20 | B17: =IF(B16<$D$5,B16+1,"") | C17: =IF(C13="","",VLOOKUP($C$5,Verifikator!$B$4:$V$4002,$A17,0))
A18: =A17+1 -> 21 | B18: =IF(B17<$D$5,B17+1,"") | C18: =IF(C14="","",VLOOKUP($C$5,Verifikator!$B$4:$V$4002,$A18,0))
C20: =Today() -> 46261

Sheet C3
A1: 25
D2: HOME
B3: FORM CETAK PERBAIKAN
B5: Nomor Tiket | C5: K/36/131124/1 | D5: =IF(C5="","",VLOOKUP(C5,Table_Kerja_Verifiaktor_Berkas[],A1,0)) -> 3
B6: Pembetulan Berkas Ke | C6: P0
C7: =CONCATENATE(C5,"_",C6) -> K/36/131124/1_P0
B8: Nomor | C8: Catatan
A9: 12 | B9: 1 | C9: =IF(C5="","",VLOOKUP($C$5,Verifikator!$B$4:$V$4002,$A9,0)) -> SURAT KUASA DAN PERNYATAAN TGL 4-9-2019? MENGAPA? APAKAH MASIH BERLAKU
A10: =A9+1 -> 13 | B10: =IF(B9<$D$5,B9+1,"") -> 2 | C10: =IF(C6="","",VLOOKUP($C$5,Verifikator!$B$4:$V$4002,$A10,0)) -> MENGAPA MEMBUAT AJB TAHUN 2019 BARU DI DAFTARKAN SEKARANG?
A11: =A10+1 -> 14 | B11: =IF(B10<$D$5,B10+1,"") -> 3 | C11: =IF(C7="","",VLOOKUP($C$5,Verifikator!$B$4:$V$4002,$A11,0)) -> RENVOI NOMOR SURAT PERSETUJUAN ANAK DI AJB
A12: =A11+1 -> 15 | B12: =IF(B11<$D$5,B11+1,"") | C12: =IF(C8="","",VLOOKUP($C$5,Verifikator!$B$4:$V$4002,$A12,0))
A13: =A12+1 -> 16 | B13: =IF(B12<$D$5,B12+1,"") | C13: =IF(C9="","",VLOOKUP($C$5,Verifikator!$B$4:$V$4002,$A13,0))
A14: =A13+1 -> 17 | B14: =IF(B13<$D$5,B13+1,"") | C14: =IF(C10="","",VLOOKUP($C$5,Verifikator!$B$4:$V$4002,$A14,0))
A15: =A14+1 -> 18 | B15: =IF(B14<$D$5,B14+1,"") | C15: =IF(C11="","",VLOOKUP($C$5,Verifikator!$B$4:$V$4002,$A15,0))
A16: =A15+1 -> 19 | B16: =IF(B15<$D$5,B15+1,"") | C16: =IF(C12="","",VLOOKUP($C$5,Verifikator!$B$4:$V$4002,$A16,0))
A17: =A16+1 -> 20 | B17: =IF(B16<$D$5,B16+1,"") | C17: =IF(C13="","",VLOOKUP($C$5,Verifikator!$B$4:$V$4002,$A17,0))
A18: =A17+1 -> 21 | B18: =IF(B17<$D$5,B17+1,"") | C18: =IF(C14="","",VLOOKUP($C$5,Verifikator!$B$4:$V$4002,$A18,0))
C20: =Today() -> 46261

Sheet C4
A1: 25
D2: HOME
B3: FORM CETAK PERBAIKAN
B5: Nomor Tiket | C5: K/25/011124/2 | D5: =IF(C5="","",VLOOKUP(C5,Table_Kerja_Verifiaktor_Berkas[],A1,0)) -> 1
B6: Pembetulan Berkas Ke | C6: P0
C7: =CONCATENATE(C5,"_",C6) -> K/25/011124/2_P0
B8: Nomor | C8: Catatan
A9: 12 | B9: 1 | C9: =IF(C5="","",VLOOKUP($C$5,Verifikator!$B$4:$V$4002,$A9,0)) -> 1. TT 2. Cek luas pemecahan pada sket lokasi yang digambarkan
A10: =A9+1 -> 13 | B10: =IF(B9<$D$5,B9+1,"") | C10: =IF(C6="","",VLOOKUP($C$5,Verifikator!$B$4:$V$4002,$A10,0))
A11: =A10+1 -> 14 | B11: =IF(B10<$D$5,B10+1,"") | C11: =IF(C7="","",VLOOKUP($C$5,Verifikator!$B$4:$V$4002,$A11,0))
A12: =A11+1 -> 15 | B12: =IF(B11<$D$5,B11+1,"") | C12: =IF(C8="","",VLOOKUP($C$5,Verifikator!$B$4:$V$4002,$A12,0))
A13: =A12+1 -> 16 | B13: =IF(B12<$D$5,B12+1,"") | C13: =IF(C9="","",VLOOKUP($C$5,Verifikator!$B$4:$V$4002,$A13,0))
A14: =A13+1 -> 17 | B14: =IF(B13<$D$5,B13+1,"") | C14: =IF(C10="","",VLOOKUP($C$5,Verifikator!$B$4:$V$4002,$A14,0))
A15: =A14+1 -> 18 | B15: =IF(B14<$D$5,B14+1,"") | C15: =IF(C11="","",VLOOKUP($C$5,Verifikator!$B$4:$V$4002,$A15,0))
A16: =A15+1 -> 19 | B16: =IF(B15<$D$5,B15+1,"") | C16: =IF(C12="","",VLOOKUP($C$5,Verifikator!$B$4:$V$4002,$A16,0))
A17: =A16+1 -> 20 | B17: =IF(B16<$D$5,B16+1,"") | C17: =IF(C13="","",VLOOKUP($C$5,Verifikator!$B$4:$V$4002,$A17,0))
A18: =A17+1 -> 21 | B18: =IF(B17<$D$5,B17+1,"") | C18: =IF(C14="","",VLOOKUP($C$5,Verifikator!$B$4:$V$4002,$A18,0))
C20: =Today() -> 46261

Sheet C5
A1: 25
D2: HOME
B3: FORM CETAK PERBAIKAN
B5: Nomor Tiket | C5: L/17/141024/1 | D5: =IF(C5="","",VLOOKUP(C5,Table_Kerja_Verifiaktor_Berkas[],A1,0)) -> 2
B6: Pembetulan Berkas Ke | C6: P0
C7: =CONCATENATE(C5,"_",C6) -> L/17/141024/1_P0
B8: Nomor | C8: Catatan
A9: 12 | B9: 1 | C9: =IF(C5="","",VLOOKUP($C$5,Verifikator!$B$4:$V$4002,$A9,0)) -> PLOTING + VALBID
A10: =A9+1 -> 13 | B10: =IF(B9<$D$5,B9+1,"") -> 2 | C10: =IF(C6="","",VLOOKUP($C$5,Verifikator!$B$4:$V$4002,$A10,0)) -> BEDA NAMA PEMILIK ANTARA SERTIPIKAT DAN KTP
A11: =A10+1 -> 14 | B11: =IF(B10<$D$5,B10+1,"") | C11: =IF(C7="","",VLOOKUP($C$5,Verifikator!$B$4:$V$4002,$A11,0))
A12: =A11+1 -> 15 | B12: =IF(B11<$D$5,B11+1,"") | C12: =IF(C8="","",VLOOKUP($C$5,Verifikator!$B$4:$V$4002,$A12,0))
A13: =A12+1 -> 16 | B13: =IF(B12<$D$5,B12+1,"") | C13: =IF(C9="","",VLOOKUP($C$5,Verifikator!$B$4:$V$4002,$A13,0))
A14: =A13+1 -> 17 | B14: =IF(B13<$D$5,B13+1,"") | C14: =IF(C10="","",VLOOKUP($C$5,Verifikator!$B$4:$V$4002,$A14,0))
A15: =A14+1 -> 18 | B15: =IF(B14<$D$5,B14+1,"") | C15: =IF(C11="","",VLOOKUP($C$5,Verifikator!$B$4:$V$4002,$A15,0))
A16: =A15+1 -> 19 | B16: =IF(B15<$D$5,B15+1,"") | C16: =IF(C12="","",VLOOKUP($C$5,Verifikator!$B$4:$V$4002,$A16,0))
A17: =A16+1 -> 20 | B17: =IF(B16<$D$5,B16+1,"") | C17: =IF(C13="","",VLOOKUP($C$5,Verifikator!$B$4:$V$4002,$A17,0))
A18: =A17+1 -> 21 | B18: =IF(B17<$D$5,B17+1,"") | C18: =IF(C14="","",VLOOKUP($C$5,Verifikator!$B$4:$V$4002,$A18,0))
C20: =Today() -> 46261

Sheet C6
A1: 25
D2: HOME
B3: FORM CETAK PERBAIKAN
B5: Nomor Tiket | C5: K/46/181024/2 | D5: =IF(C5="","",VLOOKUP(C5,Table_Kerja_Verifiaktor_Berkas[],A1,0)) -> 1
B6: Pembetulan Berkas Ke | C6: P0
C7: =CONCATENATE(C5,"_",C6) -> K/46/181024/2_P0
B8: Nomor | C8: Catatan
A9: 12 | B9: 1 | C9: =IF(C5="","",VLOOKUP($C$5,Verifikator!$B$4:$V$4002,$A9,0)) -> PERBAIKI SP BPHTB
A10: =A9+1 -> 13 | B10: =IF(B9<$D$5,B9+1,"") | C10: =IF(C6="","",VLOOKUP($C$5,Verifikator!$B$4:$V$4002,$A10,0))
A11: =A10+1 -> 14 | B11: =IF(B10<$D$5,B10+1,"") | C11: =IF(C7="","",VLOOKUP($C$5,Verifikator!$B$4:$V$4002,$A11,0))
A12: =A11+1 -> 15 | B12: =IF(B11<$D$5,B11+1,"") | C12: =IF(C8="","",VLOOKUP($C$5,Verifikator!$B$4:$V$4002,$A12,0))
A13: =A12+1 -> 16 | B13: =IF(B12<$D$5,B12+1,"") | C13: =IF(C9="","",VLOOKUP($C$5,Verifikator!$B$4:$V$4002,$A13,0))
A14: =A13+1 -> 17 | B14: =IF(B13<$D$5,B13+1,"") | C14: =IF(C10="","",VLOOKUP($C$5,Verifikator!$B$4:$V$4002,$A14,0))
A15: =A14+1 -> 18 | B15: =IF(B14<$D$5,B14+1,"") | C15: =IF(C11="","",VLOOKUP($C$5,Verifikator!$B$4:$V$4002,$A15,0))
A16: =A15+1 -> 19 | B16: =IF(B15<$D$5,B15+1,"") | C16: =IF(C12="","",VLOOKUP($C$5,Verifikator!$B$4:$V$4002,$A16,0))
A17: =A16+1 -> 20 | B17: =IF(B16<$D$5,B16+1,"") | C17: =IF(C13="","",VLOOKUP($C$5,Verifikator!$B$4:$V$4002,$A17,0))
A18: =A17+1 -> 21 | B18: =IF(B17<$D$5,B17+1,"") | C18: =IF(C14="","",VLOOKUP($C$5,Verifikator!$B$4:$V$4002,$A18,0))
C20: =Today() -> 46261
