Workbook

Sheet Form Responses Loket
B1: https://docs.google.com/spreadsheets/d/1BiVpi0WpqThm5wAzoeAIKEkTsofTP81O3MZ4f8L-uXo/edit?gid=1040887655#gid=1040887655
B3: Nomor Tiket | C3: Daftar Nomor Hak | D3: Time Stamp | E3: Jenis Permohonan | F3: Nama Pemohon | G3: Count | H3: Pembetulan Berkas
B4: =IFERROR(__xludf.DUMMYFUNCTION("IMPORTRANGE($B$1,""Form responses 1!B2:B10000"")"),"") | C4: =IFERROR(__xludf.DUMMYFUNCTION("IMPORTRANGE($B$1,""Form responses 1!F2:F10000"")"),"") | D4: =IFERROR(__xludf.DUMMYFUNCTION("IMPORTRANGE($B$1,""Form responses 1!A2:A10000"")"),"") | E4: =IFERROR(__xludf.DUMMYFUNCTION("IMPORTRANGE($B$1,""Form responses 1!E2:E10000"")"),"") | F4: =IFERROR(__xludf.DUMMYFUNCTION("IMPORTRANGE($B$1,""Form responses 1!C2:C10000"")"),"") | G4: 1 | H4: =IFERROR(__xludf.DUMMYFUNCTION("IMPORTRANGE($B$1,""Form responses 1!H2:H10000"")"),"")
G5: =IF(OR(C5="-",C5="",H5<>"P0"),G4,G4+1) -> 1
B6: =IFERROR(__xludf.DUMMYFUNCTION("""COMPUTED_VALUE"""),"L/1/141024/1") -> L/1/141024/1 | C6: =IFERROR(__xludf.DUMMYFUNCTION("""COMPUTED_VALUE"""),"HM 9463/GEDUNG MENENG") -> HM 9463/GEDUNG MENENG | D6: =IFERROR(__xludf.DUMMYFUNCTION("""COMPUTED_VALUE"""),45579.36115568287) -> 45579.361 | E6: =IFERROR(__xludf.DUMMYFUNCTION("""COMPUTED_VALUE"""),"ROYA") -> ROYA | F6: =IFERROR(__xludf.DUMMYFUNCTION("""COMPUTED_VALUE"""),"CHAIRUL ANWAR SATAR") -> CHAIRUL ANWAR SATAR | G6: =IF(OR(C6="-",C6="",H6<>"P0"),G5,G5+1) -> 2 | H6: =IFERROR(__xludf.DUMMYFUNCTION("""COMPUTED_VALUE"""),"P0") -> P0
B7: =IFERROR(__xludf.DUMMYFUNCTION("""COMPUTED_VALUE"""),"L/2/141024/1") -> L/2/141024/1 | C7: =IFERROR(__xludf.DUMMYFUNCTION("""COMPUTED_VALUE"""),"HM 17565/SUKARAME I") -> HM 17565/SUKARAME I | D7: =IFERROR(__xludf.DUMMYFUNCTION("""COMPUTED_VALUE"""),45579.37694246528) -> 45579.377 | E7: =IFERROR(__xludf.DUMMYFUNCTION("""COMPUTED_VALUE"""),"ROYA") -> ROYA | F7: =IFERROR(__xludf.DUMMYFUNCTION("""COMPUTED_VALUE"""),"RIRIN OKTARINA") -> RIRIN OKTARINA | G7: =IF(OR(C7="-",C7="",H7<>"P0"),G6,G6+1) -> 3 | H7: =IFERROR(__xludf.DUMMYFUNCTION("""COMPUTED_VALUE"""),"P0") -> P0
B8: =IFERROR(__xludf.DUMMYFUNCTION("""COMPUTED_VALUE"""),"K/3/141024/1") -> K/3/141024/1 | C8: =IFERROR(__xludf.DUMMYFUNCTION("""COMPUTED_VALUE"""),"-") -> - | D8: =IFERROR(__xludf.DUMMYFUNCTION("""COMPUTED_VALUE"""),45579.39939559028) -> 45579.399 | E8: =IFERROR(__xludf.DUMMYFUNCTION("""COMPUTED_VALUE"""),"PTPGT") -> PTPGT | F8: =IFERROR(__xludf.DUMMYFUNCTION("""COMPUTED_VALUE"""),"GURUH SAMODRA AJI, ST.MT/WAHYUDIN") -> GURUH SAMODRA AJI, ST.MT/WAHYUDIN | G8: =IF(OR(C8="-",C8="",H8<>"P0"),G7,G7+1) -> 3 | H8: =IFERROR(__xludf.DUMMYFUNCTION("""COMPUTED_VALUE"""),"P0") -> P0
B9: =IFERROR(__xludf.DUMMYFUNCTION("""COMPUTED_VALUE"""),"K/4/141024/2") -> K/4/141024/2 | C9: =IFERROR(__xludf.DUMMYFUNCTION("""COMPUTED_VALUE"""),"-") -> - | D9: =IFERROR(__xludf.DUMMYFUNCTION("""COMPUTED_VALUE"""),45579.40069350695) -> 45579.401 | E9: =IFERROR(__xludf.DUMMYFUNCTION("""COMPUTED_VALUE"""),"PTPGT") -> PTPGT | F9: =IFERROR(__xludf.DUMMYFUNCTION("""COMPUTED_VALUE"""),"GURUH SAMODRA AJI, ST.MT/WAHYUDIN") -> GURUH SAMODRA AJI, ST.MT/WAHYUDIN | G9: =IF(OR(C9="-",C9="",H9<>"P0"),G8,G8+1) -> 3 | H9: =IFERROR(__xludf.DUMMYFUNCTION("""COMPUTED_VALUE"""),"P0") -> P0
B10: =IFERROR(__xludf.DUMMYFUNCTION("""COMPUTED_VALUE"""),"L/5/141024/1") -> L/5/141024/1 | C10: =IFERROR(__xludf.DUMMYFUNCTION("""COMPUTED_VALUE"""),"M.9974/TANJUNG BARU") -> M.9974/TANJUNG BARU | D10: =IFERROR(__xludf.DUMMYFUNCTION("""COMPUTED_VALUE"""),45579.40328578703) -> 45579.403 | E10: =IFERROR(__xludf.DUMMYFUNCTION("""COMPUTED_VALUE"""),"ROYA") -> ROYA | F10: =IFERROR(__xludf.DUMMYFUNCTION("""COMPUTED_VALUE"""),"SITI NAZROH") -> SITI NAZROH | G10: =IF(OR(C10="-",C10="",H10<>"P0"),G9,G9+1) -> 4 | H10: =IFERROR(__xludf.DUMMYFUNCTION("""COMPUTED_VALUE"""),"P0") -> P0
B11: =IFERROR(__xludf.DUMMYFUNCTION("""COMPUTED_VALUE"""),"L/6/141024/1") -> L/6/141024/1 | C11: =IFERROR(__xludf.DUMMYFUNCTION("""COMPUTED_VALUE""")," HM 154/SUSUNAN BARU") -> HM 154/SUSUNAN BARU | D11: =IFERROR(__xludf.DUMMYFUNCTION("""COMPUTED_VALUE"""),45579.40467556713) -> 45579.405 | E11: =IFERROR(__xludf.DUMMYFUNCTION("""COMPUTED_VALUE"""),"PLOT SERTIPIKAT HILANG") -> PLOT SERTIPIKAT HILANG | F11: =IFERROR(__xludf.DUMMYFUNCTION("""COMPUTED_VALUE"""),"EMY MARSINEM") -> EMY MARSINEM | G11: =IF(OR(C11="-",C11="",H11<>"P0"),G10,G10+1) -> 5 | H11: =IFERROR(__xludf.DUMMYFUNCTION("""COMPUTED_VALUE"""),"P0") -> P0
B12: =IFERROR(__xludf.DUMMYFUNCTION("""COMPUTED_VALUE"""),"K/7/141024/1") -> K/7/141024/1 | C12: =IFERROR(__xludf.DUMMYFUNCTION("""COMPUTED_VALUE"""),"M. 631/Pahoman- sekarang; M. 631/Pahoman-Dahulu") -> M. 631/Pahoman- sekarang; M. 631/Pahoman-Dahulu | D12: =IFERROR(__xludf.DUMMYFUNCTION("""COMPUTED_VALUE"""),45579.40998118056) -> 45579.41 | E12: =IFERROR(__xludf.DUMMYFUNCTION("""COMPUTED_VALUE"""),"ANGKAT SITA") -> ANGKAT SITA | F12: =IFERROR(__xludf.DUMMYFUNCTION("""COMPUTED_VALUE"""),"IKE FEBRINA, S.IP") -> IKE FEBRINA, S.IP | G12: =IF(OR(C12="-",C12="",H12<>"P0"),G11,G11+1) -> 6 | H12: =IFERROR(__xludf.DUMMYFUNCTION("""COMPUTED_VALUE"""),"P0") -> P0
B13: =IFERROR(__xludf.DUMMYFUNCTION("""COMPUTED_VALUE"""),"L/8/141024/1") -> L/8/141024/1 | C13: =IFERROR(__xludf.DUMMYFUNCTION("""COMPUTED_VALUE"""),"M.1134/GULAK GALIK") -> M.1134/GULAK GALIK | D13: =IFERROR(__xludf.DUMMYFUNCTION("""COMPUTED_VALUE"""),45579.416174513884) -> 45579.416 | E13: =IFERROR(__xludf.DUMMYFUNCTION("""COMPUTED_VALUE"""),"HAPUS BPHTB") -> HAPUS BPHTB | F13: =IFERROR(__xludf.DUMMYFUNCTION("""COMPUTED_VALUE"""),"JUNAIDI") -> JUNAIDI | G13: =IF(OR(C13="-",C13="",H13<>"P0"),G12,G12+1) -> 7 | H13: =IFERROR(__xludf.DUMMYFUNCTION("""COMPUTED_VALUE"""),"P0") -> P0
B14: =IFERROR(__xludf.DUMMYFUNCTION("""COMPUTED_VALUE"""),"K/9/141024/1") -> K/9/141024/1 | C14: =IFERROR(__xludf.DUMMYFUNCTION("""COMPUTED_VALUE"""),"M.11980/JAGABAYA II") -> M.11980/JAGABAYA II | D14: =IFERROR(__xludf.DUMMYFUNCTION("""COMPUTED_VALUE"""),45579.42397335648) -> 45579.424 | E14: =IFERROR(__xludf.DUMMYFUNCTION("""COMPUTED_VALUE"""),"ROYA") -> ROYA | F14: =IFERROR(__xludf.DUMMYFUNCTION("""COMPUTED_VALUE"""),"LEOSA AUGDETA/LINGGA AYU B") -> LEOSA AUGDETA/LINGGA AYU B | G14: =IF(OR(C14="-",C14="",H14<>"P0"),G13,G13+1) -> 8 | H14: =IFERROR(__xludf.DUMMYFUNCTION("""COMPUTED_VALUE"""),"P0") -> P0
B15: =IFERROR(__xludf.DUMMYFUNCTION("""COMPUTED_VALUE"""),"L/11/141024/1") -> L/11/141024/1 | C15: =IFERROR(__xludf.DUMMYFUNCTION("""COMPUTED_VALUE"""),"HM 1505 LABUHAN DALAM & HM 1506 LABUHAN DALAM") -> HM 1505 LABUHAN DALAM & HM 1506 LABUHAN DALAM | D15: =IFERROR(__xludf.DUMMYFUNCTION("""COMPUTED_VALUE"""),45579.43479998843) -> 45579.435 | E15: =IFERROR(__xludf.DUMMYFUNCTION("""COMPUTED_VALUE"""),"ROYA") -> ROYA | F15: =IFERROR(__xludf.DUMMYFUNCTION("""COMPUTED_VALUE"""),"HENNY INDRIYANI") -> HENNY INDRIYANI | G15: =IF(OR(C15="-",C15="",H15<>"P0"),G14,G14+1) -> 9 | H15: =IFERROR(__xludf.DUMMYFUNCTION("""COMPUTED_VALUE"""),"P0") -> P0
B16: =IFERROR(__xludf.DUMMYFUNCTION("""COMPUTED_VALUE"""),"K/10/141024/2") -> K/10/141024/2 | C16: =IFERROR(__xludf.DUMMYFUNCTION("""COMPUTED_VALUE"""),"-") -> - | D16: =IFERROR(__xludf.DUMMYFUNCTION("""COMPUTED_VALUE"""),45579.4453597338) -> 45579.445 | E16: =IFERROR(__xludf.DUMMYFUNCTION("""COMPUTED_VALUE"""),"GANDES") -> GANDES | F16: =IFERROR(__xludf.DUMMYFUNCTION("""COMPUTED_VALUE"""),"ANTONI SINULINGGA /LINGGA A") -> ANTONI SINULINGGA /LINGGA A | G16: =IF(OR(C16="-",C16="",H16<>"P0"),G15,G15+1) -> 9 | H16: =IFERROR(__xludf.DUMMYFUNCTION("""COMPUTED_VALUE"""),"P0") -> P0
B17: =IFERROR(__xludf.DUMMYFUNCTION("""COMPUTED_VALUE"""),"K/12/141024/1") -> K/12/141024/1 | C17: =IFERROR(__xludf.DUMMYFUNCTION("""COMPUTED_VALUE"""),"M.3326/LANGKAPURA") -> M.3326/LANGKAPURA | D17: =IFERROR(__xludf.DUMMYFUNCTION("""COMPUTED_VALUE"""),45579.44647563658) -> 45579.446 | E17: =IFERROR(__xludf.DUMMYFUNCTION("""COMPUTED_VALUE"""),"ROYA") -> ROYA | F17: =IFERROR(__xludf.DUMMYFUNCTION("""COMPUTED_VALUE"""),"META ARIDHOTU PRANATA /PANARY SITOPU") -> META ARIDHOTU PRANATA /PANARY SITOPU | G17: =IF(OR(C17="-",C17="",H17<>"P0"),G16,G16+1) -> 10 | H17: =IFERROR(__xludf.DUMMYFUNCTION("""COMPUTED_VALUE"""),"P0") -> P0
B18: =IFERROR(__xludf.DUMMYFUNCTION("""COMPUTED_VALUE"""),"K/13/141024/2") -> K/13/141024/2 | C18: =IFERROR(__xludf.DUMMYFUNCTION("""COMPUTED_VALUE"""),"M.1088/NEGERI OLOK GADING-SEKARANG;B.1201/NEGERI OLOK GADING-DAHULU") -> M.1088/NEGERI OLOK GADING-SEKARANG;B.1201/NEGERI OLOK GADING-DAHULU | D18: =IFERROR(__xludf.DUMMYFUNCTION("""COMPUTED_VALUE"""),45579.448010532404) -> 45579.448 | E18: =IFERROR(__xludf.DUMMYFUNCTION("""COMPUTED_VALUE"""),"ROYA") -> ROYA | F18: =IFERROR(__xludf.DUMMYFUNCTION("""COMPUTED_VALUE"""),"APRILIA/PANARY SITOPU") -> APRILIA/PANARY SITOPU | G18: =IF(OR(C18="-",C18="",H18<>"P0"),G17,G17+1) -> 11 | H18: =IFERROR(__xludf.DUMMYFUNCTION("""COMPUTED_VALUE"""),"P0") -> P0
B19: =IFERROR(__xludf.DUMMYFUNCTION("""COMPUTED_VALUE"""),"K/14/141024/3") -> K/14/141024/3 | C19: =IFERROR(__xludf.DUMMYFUNCTION("""COMPUTED_VALUE"""),"M.988/NEGERI OLOK GADING-SEKARANG;B.1050/NEGERI OLOK GADING-DAHULU") -> M.988/NEGERI OLOK GADING-SEKARANG;B.1050/NEGERI OLOK GADING-DAHULU | D19: =IFERROR(__xludf.DUMMYFUNCTION("""COMPUTED_VALUE"""),45579.44913846065) -> 45579.449 | E19: =IFERROR(__xludf.DUMMYFUNCTION("""COMPUTED_VALUE"""),"ROYA") -> ROYA | F19: =IFERROR(__xludf.DUMMYFUNCTION("""COMPUTED_VALUE"""),"APRILIA/PANARY SITOPU") -> APRILIA/PANARY SITOPU | G19: =IF(OR(C19="-",C19="",H19<>"P0"),G18,G18+1) -> 12 | H19: =IFERROR(__xludf.DUMMYFUNCTION("""COMPUTED_VALUE"""),"P0") -> P0
B20: =IFERROR(__xludf.DUMMYFUNCTION("""COMPUTED_VALUE"""),"K/15/141024/4") -> K/15/141024/4 | C20: =IFERROR(__xludf.DUMMYFUNCTION("""COMPUTED_VALUE"""),"-") -> - | D20: =IFERROR(__xludf.DUMMYFUNCTION("""COMPUTED_VALUE"""),45579.45057248842) -> 45579.451 | E20: =IFERROR(__xludf.DUMMYFUNCTION("""COMPUTED_VALUE"""),"PENINGKATAN HAK") -> PENINGKATAN HAK | F20: =IFERROR(__xludf.DUMMYFUNCTION("""COMPUTED_VALUE"""),"PANGGARA PAGARISI/PANARY SITOPU") -> PANGGARA PAGARISI/PANARY SITOPU | G20: =IF(OR(C20="-",C20="",H20<>"P0"),G19,G19+1) -> 12 | H20: =IFERROR(__xludf.DUMMYFUNCTION("""COMPUTED_VALUE"""),"P0") -> P0
B21: =IFERROR(__xludf.DUMMYFUNCTION("""COMPUTED_VALUE"""),"K/16/141024/1") -> K/16/141024/1 | C21: =IFERROR(__xludf.DUMMYFUNCTION("""COMPUTED_VALUE"""),"M.9137/GEDONG MENENG") -> M.9137/GEDONG MENENG | D21: =IFERROR(__xludf.DUMMYFUNCTION("""COMPUTED_VALUE"""),45579.46382863426) -> 45579.464 | E21: =IFERROR(__xludf.DUMMYFUNCTION("""COMPUTED_VALUE"""),"SKPT") -> SKPT | F21: =IFERROR(__xludf.DUMMYFUNCTION("""COMPUTED_VALUE"""),"TITIK WIJAYANTI/SENDI DINI HARIYATI") -> TITIK WIJAYANTI/SENDI DINI HARIYATI | G21: =IF(OR(C21="-",C21="",H21<>"P0"),G20,G20+1) -> 13 | H21: =IFERROR(__xludf.DUMMYFUNCTION("""COMPUTED_VALUE"""),"P0") -> P0
B22: =IFERROR(__xludf.DUMMYFUNCTION("""COMPUTED_VALUE"""),"L/17/141024/1") -> L/17/141024/1 | C22: =IFERROR(__xludf.DUMMYFUNCTION("""COMPUTED_VALUE"""),"HM 2144/WAY KANDIS") -> HM 2144/WAY KANDIS | D22: =IFERROR(__xludf.DUMMYFUNCTION("""COMPUTED_VALUE"""),45579.47772299769) -> 45579.478 | E22: =IFERROR(__xludf.DUMMYFUNCTION("""COMPUTED_VALUE"""),"ROYA") -> ROYA | F22: =IFERROR(__xludf.DUMMYFUNCTION("""COMPUTED_VALUE"""),"SARIFUDDIN HUTAGALUNG") -> SARIFUDDIN HUTAGALUNG | G22: =IF(OR(C22="-",C22="",H22<>"P0"),G21,G21+1) -> 14 | H22: =IFERROR(__xludf.DUMMYFUNCTION("""COMPUTED_VALUE"""),"P0") -> P0
B23: =IFERROR(__xludf.DUMMYFUNCTION("""COMPUTED_VALUE"""),"K/19/141024/1") -> K/19/141024/1 | C23: =IFERROR(__xludf.DUMMYFUNCTION("""COMPUTED_VALUE"""),"M.16678/SUKABUMI") -> M.16678/SUKABUMI | D23: =IFERROR(__xludf.DUMMYFUNCTION("""COMPUTED_VALUE"""),45579.48395140046) -> 45579.484 | E23: =IFERROR(__xludf.DUMMYFUNCTION("""COMPUTED_VALUE"""),"PERALIHAN JUAL BELI") -> PERALIHAN JUAL BELI | F23: =IFERROR(__xludf.DUMMYFUNCTION("""COMPUTED_VALUE"""),"ROSIDA LINGSA KENCANA/RAHMADIYANTI") -> ROSIDA LINGSA KENCANA/RAHMADIYANTI | G23: =IF(OR(C23="-",C23="",H23<>"P0"),G22,G22+1) -> 15 | H23: =IFERROR(__xludf.DUMMYFUNCTION("""COMPUTED_VALUE"""),"P0") -> P0
B24: =IFERROR(__xludf.DUMMYFUNCTION("""COMPUTED_VALUE"""),"L/18/141024/1") -> L/18/141024/1 | C24: =IFERROR(__xludf.DUMMYFUNCTION("""COMPUTED_VALUE"""),"M.331/NUSANTARA PERMAI;B.389/CAMPANG RAYA-DAHULU") -> M.331/NUSANTARA PERMAI;B.389/CAMPANG RAYA-DAHULU | D24: =IFERROR(__xludf.DUMMYFUNCTION("""COMPUTED_VALUE"""),45579.484038842595) -> 45579.484 | E24: =IFERROR(__xludf.DUMMYFUNCTION("""COMPUTED_VALUE"""),"BLOKIR") -> BLOKIR | F24: =IFERROR(__xludf.DUMMYFUNCTION("""COMPUTED_VALUE"""),"SUNILA HAKI") -> SUNILA HAKI | G24: =IF(OR(C24="-",C24="",H24<>"P0"),G23,G23+1) -> 16 | H24: =IFERROR(__xludf.DUMMYFUNCTION("""COMPUTED_VALUE"""),"P0") -> P0
B25: =IFERROR(__xludf.DUMMYFUNCTION("""COMPUTED_VALUE"""),"K/20/141024/1") -> K/20/141024/1 | C25: =IFERROR(__xludf.DUMMYFUNCTION("""COMPUTED_VALUE"""),"M.12883/RAJABASA-SEKARANG;B.1210/RAJABASA-DAHULU") -> M.12883/RAJABASA-SEKARANG;B.1210/RAJABASA-DAHULU | D25: =IFERROR(__xludf.DUMMYFUNCTION("""COMPUTED_VALUE"""),45579.48986872685) -> 45579.49 | E25: =IFERROR(__xludf.DUMMYFUNCTION("""COMPUTED_VALUE"""),"GANDES") -> GANDES | F25: =IFERROR(__xludf.DUMMYFUNCTION("""COMPUTED_VALUE"""),"BERRYAN AULIA UMAM J/HARITO WIDODO") -> BERRYAN AULIA UMAM J/HARITO WIDODO | G25: =IF(OR(C25="-",C25="",H25<>"P0"),G24,G24+1) -> 17 | H25: =IFERROR(__xludf.DUMMYFUNCTION("""COMPUTED_VALUE"""),"P0") -> P0
B26: =IFERROR(__xludf.DUMMYFUNCTION("""COMPUTED_VALUE"""),"L/21/141024/1") -> L/21/141024/1 | C26: =IFERROR(__xludf.DUMMYFUNCTION("""COMPUTED_VALUE"""),"HM 1812/TANJUNG SENANG") -> HM 1812/TANJUNG SENANG | D26: =IFERROR(__xludf.DUMMYFUNCTION("""COMPUTED_VALUE"""),45579.49266887731) -> 45579.493 | E26: =IFERROR(__xludf.DUMMYFUNCTION("""COMPUTED_VALUE"""),"ROYA") -> ROYA | F26: =IFERROR(__xludf.DUMMYFUNCTION("""COMPUTED_VALUE"""),"DWI ASTANTO") -> DWI ASTANTO | G26: =IF(OR(C26="-",C26="",H26<>"P0"),G25,G25+1) -> 18 | H26: =IFERROR(__xludf.DUMMYFUNCTION("""COMPUTED_VALUE"""),"P0") -> P0
B27: =IFERROR(__xludf.DUMMYFUNCTION("""COMPUTED_VALUE"""),"K/22/141024/1") -> K/22/141024/1 | C27: =IFERROR(__xludf.DUMMYFUNCTION("""COMPUTED_VALUE"""),"M. 6977/ TANJUNG SENANG") -> M. 6977/ TANJUNG SENANG | D27: =IFERROR(__xludf.DUMMYFUNCTION("""COMPUTED_VALUE"""),45579.49679517361) -> 45579.497 | E27: =IFERROR(__xludf.DUMMYFUNCTION("""COMPUTED_VALUE"""),"PERALIHAN JUAL BELI") -> PERALIHAN JUAL BELI | F27: =IFERROR(__xludf.DUMMYFUNCTION("""COMPUTED_VALUE"""),"MURSALIN") -> MURSALIN | G27: =IF(OR(C27="-",C27="",H27<>"P0"),G26,G26+1) -> 19 | H27: =IFERROR(__xludf.DUMMYFUNCTION("""COMPUTED_VALUE"""),"P0") -> P0
B28: =IFERROR(__xludf.DUMMYFUNCTION("""COMPUTED_VALUE"""),"K/23/141024/2") -> K/23/141024/2 | C28: =IFERROR(__xludf.DUMMYFUNCTION("""COMPUTED_VALUE"""),"M. 246/ GUNUNG SULAH") -> M. 246/ GUNUNG SULAH | D28: =IFERROR(__xludf.DUMMYFUNCTION("""COMPUTED_VALUE"""),45579.500235740736) -> 45579.5 | E28: =IFERROR(__xludf.DUMMYFUNCTION("""COMPUTED_VALUE"""),"PLOTTING") -> PLOTTING | F28: =IFERROR(__xludf.DUMMYFUNCTION("""COMPUTED_VALUE"""),"MURSALIN") -> MURSALIN | G28: =IF(OR(C28="-",C28="",H28<>"P0"),G27,G27+1) -> 20 | H28: =IFERROR(__xludf.DUMMYFUNCTION("""COMPUTED_VALUE"""),"P0") -> P0
B29: =IFERROR(__xludf.DUMMYFUNCTION("""COMPUTED_VALUE"""),"L/24/141024/1") -> L/24/141024/1 | C29: =IFERROR(__xludf.DUMMYFUNCTION("""COMPUTED_VALUE"""),"M.2064/GUNUNG TERANG") -> M.2064/GUNUNG TERANG | D29: =IFERROR(__xludf.DUMMYFUNCTION("""COMPUTED_VALUE"""),45579.50035021991) -> 45579.5 | E29: =IFERROR(__xludf.DUMMYFUNCTION("""COMPUTED_VALUE"""),"ROYA") -> ROYA | F29: =IFERROR(__xludf.DUMMYFUNCTION("""COMPUTED_VALUE"""),"DEWI YULIANA") -> DEWI YULIANA | G29: =IF(OR(C29="-",C29="",H29<>"P0"),G28,G28+1) -> 21 | H29: =IFERROR(__xludf.DUMMYFUNCTION("""COMPUTED_VALUE"""),"P0") -> P0
B30: =IFERROR(__xludf.DUMMYFUNCTION("""COMPUTED_VALUE"""),"K/25/141024/3") -> K/25/141024/3 | C30: =IFERROR(__xludf.DUMMYFUNCTION("""COMPUTED_VALUE"""),"M. 133/ SUKARAME BARU- SEKARANG; B. 144/ SUKARAME BARU-DAHULU; B. 4605/SUKARAME I-DAHULU") -> M. 133/ SUKARAME BARU- SEKARANG; B. 144/ SUKARAME BARU-DAHULU; B. 4605/SUKARAME I-DAHULU | D30: =IFERROR(__xludf.DUMMYFUNCTION("""COMPUTED_VALUE"""),45579.55981415509) -> 45579.56 | E30: =IFERROR(__xludf.DUMMYFUNCTION("""COMPUTED_VALUE"""),"PERALIHAN JUAL BELI") -> PERALIHAN JUAL BELI | F30: =IFERROR(__xludf.DUMMYFUNCTION("""COMPUTED_VALUE"""),"MURSALIN") -> MURSALIN | G30: =IF(OR(C30="-",C30="",H30<>"P0"),G29,G29+1) -> 22 | H30: =IFERROR(__xludf.DUMMYFUNCTION("""COMPUTED_VALUE"""),"P0") -> P0
B31: =IFERROR(__xludf.DUMMYFUNCTION("""COMPUTED_VALUE"""),"K/26/141024/1") -> K/26/141024/1 | C31: =IFERROR(__xludf.DUMMYFUNCTION("""COMPUTED_VALUE"""),"M.2094/CAMPANG JAYA") -> M.2094/CAMPANG JAYA | D31: =IFERROR(__xludf.DUMMYFUNCTION("""COMPUTED_VALUE"""),45579.565665312504) -> 45579.566 | E31: =IFERROR(__xludf.DUMMYFUNCTION("""COMPUTED_VALUE"""),"PERALIHAN JUAL BELI") -> PERALIHAN JUAL BELI | F31: =IFERROR(__xludf.DUMMYFUNCTION("""COMPUTED_VALUE"""),"KHARISMA MANISHA CECILIYA/ILANUR") -> KHARISMA MANISHA CECILIYA/ILANUR | G31: =IF(OR(C31="-",C31="",H31<>"P0"),G30,G30+1) -> 23 | H31: =IFERROR(__xludf.DUMMYFUNCTION("""COMPUTED_VALUE"""),"P0") -> P0
B32: =IFERROR(__xludf.DUMMYFUNCTION("""COMPUTED_VALUE"""),"K/27/141024/4") -> K/27/141024/4 | C32: =IFERROR(__xludf.DUMMYFUNCTION("""COMPUTED_VALUE"""),"M. 13414/ SUKABUMI") -> M. 13414/ SUKABUMI | D32: =IFERROR(__xludf.DUMMYFUNCTION("""COMPUTED_VALUE"""),45579.57014332176) -> 45579.57 | E32: =IFERROR(__xludf.DUMMYFUNCTION("""COMPUTED_VALUE"""),"PERALIHAN JUAL BELI") -> PERALIHAN JUAL BELI | F32: =IFERROR(__xludf.DUMMYFUNCTION("""COMPUTED_VALUE"""),"MURSALIN") -> MURSALIN | G32: =IF(OR(C32="-",C32="",H32<>"P0"),G31,G31+1) -> 24 | H32: =IFERROR(__xludf.DUMMYFUNCTION("""COMPUTED_VALUE"""),"P0") -> P0
B33: =IFERROR(__xludf.DUMMYFUNCTION("""COMPUTED_VALUE"""),"K/28/141024/1") -> K/28/141024/1 | C33: =IFERROR(__xludf.DUMMYFUNCTION("""COMPUTED_VALUE"""),"B.895/BERINGIN JAYA") -> B.895/BERINGIN JAYA | D33: =IFERROR(__xludf.DUMMYFUNCTION("""COMPUTED_VALUE"""),45579.572772569445) -> 45579.573 | E33: =IFERROR(__xludf.DUMMYFUNCTION("""COMPUTED_VALUE"""),"PERALIHAN JUAL BELI") -> PERALIHAN JUAL BELI | F33: =IFERROR(__xludf.DUMMYFUNCTION("""COMPUTED_VALUE"""),"ADE HERDIANYAH/WHINDA YULIANTI") -> ADE HERDIANYAH/WHINDA YULIANTI | G33: =IF(OR(C33="-",C33="",H33<>"P0"),G32,G32+1) -> 25 | H33: =IFERROR(__xludf.DUMMYFUNCTION("""COMPUTED_VALUE"""),"P0") -> P0
B34: =IFERROR(__xludf.DUMMYFUNCTION("""COMPUTED_VALUE"""),"K/29/141024/1") -> K/29/141024/1 | C34: =IFERROR(__xludf.DUMMYFUNCTION("""COMPUTED_VALUE"""),"M. 2445/ SUKADANA HAM") -> M. 2445/ SUKADANA HAM | D34: =IFERROR(__xludf.DUMMYFUNCTION("""COMPUTED_VALUE"""),45579.577937511574) -> 45579.578 | E34: =IFERROR(__xludf.DUMMYFUNCTION("""COMPUTED_VALUE"""),"PTPGT PEMECAHAN") -> PTPGT PEMECAHAN | F34: =IFERROR(__xludf.DUMMYFUNCTION("""COMPUTED_VALUE"""),"GUNAWAN") -> GUNAWAN | G34: =IF(OR(C34="-",C34="",H34<>"P0"),G33,G33+1) -> 26 | H34: =IFERROR(__xludf.DUMMYFUNCTION("""COMPUTED_VALUE"""),"P0") -> P0
B35: =IFERROR(__xludf.DUMMYFUNCTION("""COMPUTED_VALUE"""),"K/30/141024/1") -> K/30/141024/1 | C35: =IFERROR(__xludf.DUMMYFUNCTION("""COMPUTED_VALUE"""),"M.2617/WAY KANDIS") -> M.2617/WAY KANDIS | D35: =IFERROR(__xludf.DUMMYFUNCTION("""COMPUTED_VALUE"""),45579.580212719906) -> 45579.58 | E35: =IFERROR(__xludf.DUMMYFUNCTION("""COMPUTED_VALUE"""),"ROYA") -> ROYA | F35: =IFERROR(__xludf.DUMMYFUNCTION("""COMPUTED_VALUE"""),"SUHARTONO/KRISTINA SIAHAAN") -> SUHARTONO/KRISTINA SIAHAAN | G35: =IF(OR(C35="-",C35="",H35<>"P0"),G34,G34+1) -> 27 | H35: =IFERROR(__xludf.DUMMYFUNCTION("""COMPUTED_VALUE"""),"P0") -> P0
B36: =IFERROR(__xludf.DUMMYFUNCTION("""COMPUTED_VALUE"""),"K/31/141024/1") -> K/31/141024/1 | C36: =IFERROR(__xludf.DUMMYFUNCTION("""COMPUTED_VALUE"""),"NIBEL 1691/ SUKABUMI INDAH") -> NIBEL 1691/ SUKABUMI INDAH | D36: =IFERROR(__xludf.DUMMYFUNCTION("""COMPUTED_VALUE"""),45579.584890625) -> 45579.585 | E36: =IFERROR(__xludf.DUMMYFUNCTION("""COMPUTED_VALUE"""),"PERUBAHAN HAK") -> PERUBAHAN HAK | F36: =IFERROR(__xludf.DUMMYFUNCTION("""COMPUTED_VALUE"""),"APRILLIYANI") -> APRILLIYANI | G36: =IF(OR(C36="-",C36="",H36<>"P0"),G35,G35+1) -> 28 | H36: =IFERROR(__xludf.DUMMYFUNCTION("""COMPUTED_VALUE"""),"P0") -> P0
B37: =IFERROR(__xludf.DUMMYFUNCTION("""COMPUTED_VALUE"""),"L/34/141024/1") -> L/34/141024/1 | C37: =IFERROR(__xludf.DUMMYFUNCTION("""COMPUTED_VALUE"""),"KORPRI JAYA") -> KORPRI JAYA | D37: =IFERROR(__xludf.DUMMYFUNCTION("""COMPUTED_VALUE"""),45579.591902245375) -> 45579.592 | E37: =IFERROR(__xludf.DUMMYFUNCTION("""COMPUTED_VALUE"""),"PERTAMA KALI") -> PERTAMA KALI | F37: =IFERROR(__xludf.DUMMYFUNCTION("""COMPUTED_VALUE"""),"RENNY SILALAHI") -> RENNY SILALAHI | G37: =IF(OR(C37="-",C37="",H37<>"P0"),G36,G36+1) -> 29 | H37: =IFERROR(__xludf.DUMMYFUNCTION("""COMPUTED_VALUE"""),"P0") -> P0
B38: =IFERROR(__xludf.DUMMYFUNCTION("""COMPUTED_VALUE"""),"L/33/141024/1") -> L/33/141024/1 | C38: =IFERROR(__xludf.DUMMYFUNCTION("""COMPUTED_VALUE"""),"M.1540/GUNUNG TERANG;B.17/GU TERANG-DAHULU") -> M.1540/GUNUNG TERANG;B.17/GU TERANG-DAHULU | D38: =IFERROR(__xludf.DUMMYFUNCTION("""COMPUTED_VALUE"""),45579.59196659722) -> 45579.592 | E38: =IFERROR(__xludf.DUMMYFUNCTION("""COMPUTED_VALUE"""),"ROYA") -> ROYA | F38: =IFERROR(__xludf.DUMMYFUNCTION("""COMPUTED_VALUE"""),"MOCHAMAD MA'RUF") -> MOCHAMAD MA'RUF | G38: =IF(OR(C38="-",C38="",H38<>"P0"),G37,G37+1) -> 30 | H38: =IFERROR(__xludf.DUMMYFUNCTION("""COMPUTED_VALUE"""),"P0") -> P0
B39: =IFERROR(__xludf.DUMMYFUNCTION("""COMPUTED_VALUE"""),"K/32/141024/1") -> K/32/141024/1 | C39: =IFERROR(__xludf.DUMMYFUNCTION("""COMPUTED_VALUE"""),"M.10108/LABUHAN RATU") -> M.10108/LABUHAN RATU | D39: =IFERROR(__xludf.DUMMYFUNCTION("""COMPUTED_VALUE"""),45579.59303643518) -> 45579.593 | E39: =IFERROR(__xludf.DUMMYFUNCTION("""COMPUTED_VALUE"""),"GANDES") -> GANDES | F39: =IFERROR(__xludf.DUMMYFUNCTION("""COMPUTED_VALUE"""),"ICHWANTO/BUDI KRISTIYANTO") -> ICHWANTO/BUDI KRISTIYANTO | G39: =IF(OR(C39="-",C39="",H39<>"P0"),G38,G38+1) -> 31 | H39: =IFERROR(__xludf.DUMMYFUNCTION("""COMPUTED_VALUE"""),"P0") -> P0
B40: =IFERROR(__xludf.DUMMYFUNCTION("""COMPUTED_VALUE"""),"L/35/141024/1") -> L/35/141024/1 | C40: =IFERROR(__xludf.DUMMYFUNCTION("""COMPUTED_VALUE"""),"M.676/SAWAH BREBES") -> M.676/SAWAH BREBES | D40: =IFERROR(__xludf.DUMMYFUNCTION("""COMPUTED_VALUE"""),45579.59566706019) -> 45579.596 | E40: =IFERROR(__xludf.DUMMYFUNCTION("""COMPUTED_VALUE"""),"ROYA LELANG") -> ROYA LELANG | F40: =IFERROR(__xludf.DUMMYFUNCTION("""COMPUTED_VALUE"""),"DEBY JULISDA") -> DEBY JULISDA | G40: =IF(OR(C40="-",C40="",H40<>"P0"),G39,G39+1) -> 32 | H40: =IFERROR(__xludf.DUMMYFUNCTION("""COMPUTED_VALUE"""),"P0") -> P0
B41: =IFERROR(__xludf.DUMMYFUNCTION("""COMPUTED_VALUE"""),"K/36/141024/1") -> K/36/141024/1 | C41: =IFERROR(__xludf.DUMMYFUNCTION("""COMPUTED_VALUE"""),"M.250/LANGKAPURA BARU") -> M.250/LANGKAPURA BARU | D41: =IFERROR(__xludf.DUMMYFUNCTION("""COMPUTED_VALUE"""),45579.59832927083) -> 45579.598 | E41: =IFERROR(__xludf.DUMMYFUNCTION("""COMPUTED_VALUE"""),"PERALIHAN JUAL BELI ") -> PERALIHAN JUAL BELI | F41: =IFERROR(__xludf.DUMMYFUNCTION("""COMPUTED_VALUE"""),"YUDA SAPUTRA/I MADE RETUG") -> YUDA SAPUTRA/I MADE RETUG | G41: =IF(OR(C41="-",C41="",H41<>"P0"),G40,G40+1) -> 33 | H41: =IFERROR(__xludf.DUMMYFUNCTION("""COMPUTED_VALUE"""),"P0") -> P0
B42: =IFERROR(__xludf.DUMMYFUNCTION("""COMPUTED_VALUE"""),"K/37/141024/1") -> K/37/141024/1 | C42: =IFERROR(__xludf.DUMMYFUNCTION("""COMPUTED_VALUE"""),"-") -> - | D42: =IFERROR(__xludf.DUMMYFUNCTION("""COMPUTED_VALUE"""),45579.60091741898) -> 45579.601 | E42: =IFERROR(__xludf.DUMMYFUNCTION("""COMPUTED_VALUE"""),"PERALIHAN JUAL BELI ") -> PERALIHAN JUAL BELI | F42: =IFERROR(__xludf.DUMMYFUNCTION("""COMPUTED_VALUE"""),"PT KEONG NUSANTARA ABADI/KHRESNA DJUAINI") -> PT KEONG NUSANTARA ABADI/KHRESNA DJUAINI | G42: =IF(OR(C42="-",C42="",H42<>"P0"),G41,G41+1) -> 33 | H42: =IFERROR(__xludf.DUMMYFUNCTION("""COMPUTED_VALUE"""),"P0") -> P0
B43: =IFERROR(__xludf.DUMMYFUNCTION("""COMPUTED_VALUE"""),"K/38/141024/1") -> K/38/141024/1 | C43: =IFERROR(__xludf.DUMMYFUNCTION("""COMPUTED_VALUE"""),"M. 3157/ LABUHAN DALAM") -> M. 3157/ LABUHAN DALAM | D43: =IFERROR(__xludf.DUMMYFUNCTION("""COMPUTED_VALUE"""),45579.60111422454) -> 45579.601 | E43: =IFERROR(__xludf.DUMMYFUNCTION("""COMPUTED_VALUE"""),"PERALIHAN HAK JUAL BELI") -> PERALIHAN HAK JUAL BELI | F43: =IFERROR(__xludf.DUMMYFUNCTION("""COMPUTED_VALUE"""),"ISMARINA") -> ISMARINA | G43: =IF(OR(C43="-",C43="",H43<>"P0"),G42,G42+1) -> 34 | H43: =IFERROR(__xludf.DUMMYFUNCTION("""COMPUTED_VALUE"""),"P0") -> P0
B44: =IFERROR(__xludf.DUMMYFUNCTION("""COMPUTED_VALUE"""),"K/39/141024/1") -> K/39/141024/1 | C44: =IFERROR(__xludf.DUMMYFUNCTION("""COMPUTED_VALUE"""),"M.379/KALI BALAU KENCANA ") -> M.379/KALI BALAU KENCANA | D44: =IFERROR(__xludf.DUMMYFUNCTION("""COMPUTED_VALUE"""),45579.60447009259) -> 45579.604 | E44: =IFERROR(__xludf.DUMMYFUNCTION("""COMPUTED_VALUE"""),"GANDES") -> GANDES | F44: =IFERROR(__xludf.DUMMYFUNCTION("""COMPUTED_VALUE"""),"MAHRODIN/VITTA N") -> MAHRODIN/VITTA N | G44: =IF(OR(C44="-",C44="",H44<>"P0"),G43,G43+1) -> 35 | H44: =IFERROR(__xludf.DUMMYFUNCTION("""COMPUTED_VALUE"""),"P0") -> P0
B45: =IFERROR(__xludf.DUMMYFUNCTION("""COMPUTED_VALUE"""),"K/40/141024/5") -> K/40/141024/5 | C45: =IFERROR(__xludf.DUMMYFUNCTION("""COMPUTED_VALUE"""),"NIBEL 2507/ SUMUR BATU") -> NIBEL 2507/ SUMUR BATU | D45: =IFERROR(__xludf.DUMMYFUNCTION("""COMPUTED_VALUE"""),45579.608445578706) -> 45579.608 | E45: =IFERROR(__xludf.DUMMYFUNCTION("""COMPUTED_VALUE"""),"PERALIHAN JUAL BELI") -> PERALIHAN JUAL BELI | F45: =IFERROR(__xludf.DUMMYFUNCTION("""COMPUTED_VALUE"""),"MURSALIN") -> MURSALIN | G45: =IF(OR(C45="-",C45="",H45<>"P0"),G44,G44+1) -> 36 | H45: =IFERROR(__xludf.DUMMYFUNCTION("""COMPUTED_VALUE"""),"P0") -> P0
B46: =IFERROR(__xludf.DUMMYFUNCTION("""COMPUTED_VALUE"""),"K/42/141024/1") -> K/42/141024/1 | C46: =IFERROR(__xludf.DUMMYFUNCTION("""COMPUTED_VALUE"""),"M.10676/KEDATON") -> M.10676/KEDATON | D46: =IFERROR(__xludf.DUMMYFUNCTION("""COMPUTED_VALUE"""),45579.61593804398) -> 45579.616 | E46: =IFERROR(__xludf.DUMMYFUNCTION("""COMPUTED_VALUE"""),"GANDES") -> GANDES | F46: =IFERROR(__xludf.DUMMYFUNCTION("""COMPUTED_VALUE"""),"DARWIN RUSLINUR/EWON GUNAWAN") -> DARWIN RUSLINUR/EWON GUNAWAN | G46: =IF(OR(C46="-",C46="",H46<>"P0"),G45,G45+1) -> 37 | H46: =IFERROR(__xludf.DUMMYFUNCTION("""COMPUTED_VALUE"""),"P0") -> P0
B47: =IFERROR(__xludf.DUMMYFUNCTION("""COMPUTED_VALUE"""),"K/41/141024/1") -> K/41/141024/1 | C47: =IFERROR(__xludf.DUMMYFUNCTION("""COMPUTED_VALUE"""),"M. 2283/ GEDONG AIR") -> M. 2283/ GEDONG AIR | D47: =IFERROR(__xludf.DUMMYFUNCTION("""COMPUTED_VALUE"""),45579.61630037037) -> 45579.616 | E47: =IFERROR(__xludf.DUMMYFUNCTION("""COMPUTED_VALUE"""),"ROYA ") -> ROYA | F47: =IFERROR(__xludf.DUMMYFUNCTION("""COMPUTED_VALUE"""),"RAHMADIYANTI") -> RAHMADIYANTI | G47: =IF(OR(C47="-",C47="",H47<>"P0"),G46,G46+1) -> 38 | H47: =IFERROR(__xludf.DUMMYFUNCTION("""COMPUTED_VALUE"""),"P0") -> P0
B48: =IFERROR(__xludf.DUMMYFUNCTION("""COMPUTED_VALUE"""),"K/43/141024/1") -> K/43/141024/1 | C48: =IFERROR(__xludf.DUMMYFUNCTION("""COMPUTED_VALUE"""),"B.2096/CAMPANG RAYA") -> B.2096/CAMPANG RAYA | D48: =IFERROR(__xludf.DUMMYFUNCTION("""COMPUTED_VALUE"""),45579.62726357639) -> 45579.627 | E48: =IFERROR(__xludf.DUMMYFUNCTION("""COMPUTED_VALUE"""),"GANDES") -> GANDES | F48: =IFERROR(__xludf.DUMMYFUNCTION("""COMPUTED_VALUE"""),"PT SUKSES CIPTAGRIYA LESTARI/PANARY SITOPU") -> PT SUKSES CIPTAGRIYA LESTARI/PANARY SITOPU | G48: =IF(OR(C48="-",C48="",H48<>"P0"),G47,G47+1) -> 39 | H48: =IFERROR(__xludf.DUMMYFUNCTION("""COMPUTED_VALUE"""),"P0") -> P0
B49: =IFERROR(__xludf.DUMMYFUNCTION("""COMPUTED_VALUE"""),"K/44/141024/2") -> K/44/141024/2 | C49: =IFERROR(__xludf.DUMMYFUNCTION("""COMPUTED_VALUE"""),"B.2095/CAMPANG RAYA") -> B.2095/CAMPANG RAYA | D49: =IFERROR(__xludf.DUMMYFUNCTION("""COMPUTED_VALUE"""),45579.62802350694) -> 45579.628 | E49: =IFERROR(__xludf.DUMMYFUNCTION("""COMPUTED_VALUE"""),"GANDES") -> GANDES | F49: =IFERROR(__xludf.DUMMYFUNCTION("""COMPUTED_VALUE"""),"PT SUKSES CIPTAGRIYA LESTARI/PANARY SITOPU") -> PT SUKSES CIPTAGRIYA LESTARI/PANARY SITOPU | G49: =IF(OR(C49="-",C49="",H49<>"P0"),G48,G48+1) -> 40 | H49: =IFERROR(__xludf.DUMMYFUNCTION("""COMPUTED_VALUE"""),"P0") -> P0
B50: =IFERROR(__xludf.DUMMYFUNCTION("""COMPUTED_VALUE"""),"K/45/151024/1") -> K/45/151024/1 | C50: =IFERROR(__xludf.DUMMYFUNCTION("""COMPUTED_VALUE"""),"M. 2732/ KOTA BARU") -> M. 2732/ KOTA BARU | D50: =IFERROR(__xludf.DUMMYFUNCTION("""COMPUTED_VALUE"""),45580.36647100694) -> 45580.366 | E50: =IFERROR(__xludf.DUMMYFUNCTION("""COMPUTED_VALUE"""),"PERALIHAN HAK KEWARISAN") -> PERALIHAN HAK KEWARISAN | F50: =IFERROR(__xludf.DUMMYFUNCTION("""COMPUTED_VALUE"""),"ABDUL GANI/ DODI SUWANTO CS") -> ABDUL GANI/ DODI SUWANTO CS | G50: =IF(OR(C50="-",C50="",H50<>"P0"),G49,G49+1) -> 41 | H50: =IFERROR(__xludf.DUMMYFUNCTION("""COMPUTED_VALUE"""),"P0") -> P0
B51: =IFERROR(__xludf.DUMMYFUNCTION("""COMPUTED_VALUE"""),"K/46/151024/2") -> K/46/151024/2 | C51: =IFERROR(__xludf.DUMMYFUNCTION("""COMPUTED_VALUE"""),"M. 534/ SUMBEREJO SEJAHTERA") -> M. 534/ SUMBEREJO SEJAHTERA | D51: =IFERROR(__xludf.DUMMYFUNCTION("""COMPUTED_VALUE"""),45580.36855835648) -> 45580.369 | E51: =IFERROR(__xludf.DUMMYFUNCTION("""COMPUTED_VALUE"""),"PTPGT") -> PTPGT | F51: =IFERROR(__xludf.DUMMYFUNCTION("""COMPUTED_VALUE"""),"ABDUL GANI/ SUHARI YANTI") -> ABDUL GANI/ SUHARI YANTI | G51: =IF(OR(C51="-",C51="",H51<>"P0"),G50,G50+1) -> 42 | H51: =IFERROR(__xludf.DUMMYFUNCTION("""COMPUTED_VALUE"""),"P0") -> P0
B52: =IFERROR(__xludf.DUMMYFUNCTION("""COMPUTED_VALUE"""),"K/1/151024/1") -> K/1/151024/1 | C52: =IFERROR(__xludf.DUMMYFUNCTION("""COMPUTED_VALUE"""),"M. 777/ GEDONG PAKUON") -> M. 777/ GEDONG PAKUON | D52: =IFERROR(__xludf.DUMMYFUNCTION("""COMPUTED_VALUE"""),45580.38408798611) -> 45580.384 | E52: =IFERROR(__xludf.DUMMYFUNCTION("""COMPUTED_VALUE"""),"PENGECEKKAN") -> PENGECEKKAN | F52: =IFERROR(__xludf.DUMMYFUNCTION("""COMPUTED_VALUE"""),"CITRA AYU WARDANI/ ASTARI") -> CITRA AYU WARDANI/ ASTARI | G52: =IF(OR(C52="-",C52="",H52<>"P0"),G51,G51+1) -> 43 | H52: =IFERROR(__xludf.DUMMYFUNCTION("""COMPUTED_VALUE"""),"P0") -> P0
B53: =IFERROR(__xludf.DUMMYFUNCTION("""COMPUTED_VALUE"""),"K/2/151024/2") -> K/2/151024/2 | C53: =IFERROR(__xludf.DUMMYFUNCTION("""COMPUTED_VALUE"""),"M. 12840/ SEGALA MIDER") -> M. 12840/ SEGALA MIDER | D53: =IFERROR(__xludf.DUMMYFUNCTION("""COMPUTED_VALUE"""),45580.385649131946) -> 45580.386 | E53: =IFERROR(__xludf.DUMMYFUNCTION("""COMPUTED_VALUE"""),"PENGECEKKAN") -> PENGECEKKAN | F53: =IFERROR(__xludf.DUMMYFUNCTION("""COMPUTED_VALUE"""),"CITRA AYU W/ RISHNALDI") -> CITRA AYU W/ RISHNALDI | G53: =IF(OR(C53="-",C53="",H53<>"P0"),G52,G52+1) -> 44 | H53: =IFERROR(__xludf.DUMMYFUNCTION("""COMPUTED_VALUE"""),"P0") -> P0
B54: =IFERROR(__xludf.DUMMYFUNCTION("""COMPUTED_VALUE"""),"K/3/151024/1") -> K/3/151024/1 | C54: =IFERROR(__xludf.DUMMYFUNCTION("""COMPUTED_VALUE"""),"B. 613/ SUMUR PUTRI") -> B. 613/ SUMUR PUTRI | D54: =IFERROR(__xludf.DUMMYFUNCTION("""COMPUTED_VALUE"""),45580.394699537035) -> 45580.395 | E54: =IFERROR(__xludf.DUMMYFUNCTION("""COMPUTED_VALUE"""),"PERALIHAN JUAL BELI") -> PERALIHAN JUAL BELI | F54: =IFERROR(__xludf.DUMMYFUNCTION("""COMPUTED_VALUE"""),"EVA SURIANI / YOSEF OKTOROZI") -> EVA SURIANI / YOSEF OKTOROZI | G54: =IF(OR(C54="-",C54="",H54<>"P0"),G53,G53+1) -> 45 | H54: =IFERROR(__xludf.DUMMYFUNCTION("""COMPUTED_VALUE"""),"P0") -> P0
B55: =IFERROR(__xludf.DUMMYFUNCTION("""COMPUTED_VALUE"""),"K/4/151024/1") -> K/4/151024/1 | C55: =IFERROR(__xludf.DUMMYFUNCTION("""COMPUTED_VALUE"""),"M. 10315/ Rajabasa") -> M. 10315/ Rajabasa | D55: =IFERROR(__xludf.DUMMYFUNCTION("""COMPUTED_VALUE"""),45580.39812384259) -> 45580.398 | E55: =IFERROR(__xludf.DUMMYFUNCTION("""COMPUTED_VALUE"""),"Roya") -> Roya | F55: =IFERROR(__xludf.DUMMYFUNCTION("""COMPUTED_VALUE"""),"Renaldi Pratama S/ Rahmat Mirzani D") -> Renaldi Pratama S/ Rahmat Mirzani D | G55: =IF(OR(C55="-",C55="",H55<>"P0"),G54,G54+1) -> 46 | H55: =IFERROR(__xludf.DUMMYFUNCTION("""COMPUTED_VALUE"""),"P0") -> P0
B56: =IFERROR(__xludf.DUMMYFUNCTION("""COMPUTED_VALUE"""),"K/5/151024/2") -> K/5/151024/2 | C56: =IFERROR(__xludf.DUMMYFUNCTION("""COMPUTED_VALUE"""),"M. 1952/ Langkapura") -> M. 1952/ Langkapura | D56: =IFERROR(__xludf.DUMMYFUNCTION("""COMPUTED_VALUE"""),45580.401090810185) -> 45580.401 | E56: =IFERROR(__xludf.DUMMYFUNCTION("""COMPUTED_VALUE"""),"Roya ") -> Roya | F56: =IFERROR(__xludf.DUMMYFUNCTION("""COMPUTED_VALUE"""),"Renaldi Pratama S/ Nurul S") -> Renaldi Pratama S/ Nurul S | G56: =IF(OR(C56="-",C56="",H56<>"P0"),G55,G55+1) -> 47 | H56: =IFERROR(__xludf.DUMMYFUNCTION("""COMPUTED_VALUE"""),"P0") -> P0
B57: =IFERROR(__xludf.DUMMYFUNCTION("""COMPUTED_VALUE"""),"L/8/151024/1") -> L/8/151024/1 | C57: =IFERROR(__xludf.DUMMYFUNCTION("""COMPUTED_VALUE"""),"NIB 0801000002556/KEMILING PERMAI") -> NIB 0801000002556/KEMILING PERMAI | D57: =IFERROR(__xludf.DUMMYFUNCTION("""COMPUTED_VALUE"""),45580.40741165509) -> 45580.407 | E57: =IFERROR(__xludf.DUMMYFUNCTION("""COMPUTED_VALUE"""),"PERUBAHAN HAK") -> PERUBAHAN HAK | F57: =IFERROR(__xludf.DUMMYFUNCTION("""COMPUTED_VALUE"""),"MALA HARTIANA") -> MALA HARTIANA | G57: =IF(OR(C57="-",C57="",H57<>"P0"),G56,G56+1) -> 48 | H57: =IFERROR(__xludf.DUMMYFUNCTION("""COMPUTED_VALUE"""),"P0") -> P0
B58: =IFERROR(__xludf.DUMMYFUNCTION("""COMPUTED_VALUE"""),"K/7/151024/1") -> K/7/151024/1 | C58: =IFERROR(__xludf.DUMMYFUNCTION("""COMPUTED_VALUE"""),"NIBEL 874/ BUMI KEDAMAIAN") -> NIBEL 874/ BUMI KEDAMAIAN | D58: =IFERROR(__xludf.DUMMYFUNCTION("""COMPUTED_VALUE"""),45580.40826240741) -> 45580.408 | E58: =IFERROR(__xludf.DUMMYFUNCTION("""COMPUTED_VALUE"""),"PERALIHAN JUAL BELI") -> PERALIHAN JUAL BELI | F58: =IFERROR(__xludf.DUMMYFUNCTION("""COMPUTED_VALUE"""),"ALI LIUS / ANTHONY") -> ALI LIUS / ANTHONY | G58: =IF(OR(C58="-",C58="",H58<>"P0"),G57,G57+1) -> 49 | H58: =IFERROR(__xludf.DUMMYFUNCTION("""COMPUTED_VALUE"""),"P0") -> P0
B59: =IFERROR(__xludf.DUMMYFUNCTION("""COMPUTED_VALUE"""),"K/6/151024/1") -> K/6/151024/1 | C59: =IFERROR(__xludf.DUMMYFUNCTION("""COMPUTED_VALUE"""),"M. 1931/ Campang Jaya") -> M. 1931/ Campang Jaya | D59: =IFERROR(__xludf.DUMMYFUNCTION("""COMPUTED_VALUE"""),45580.412339918985) -> 45580.412 | E59: =IFERROR(__xludf.DUMMYFUNCTION("""COMPUTED_VALUE"""),"BN Jual Beli") -> BN Jual Beli | F59: =IFERROR(__xludf.DUMMYFUNCTION("""COMPUTED_VALUE"""),"Ilanur/ Doni Kris M") -> Ilanur/ Doni Kris M | G59: =IF(OR(C59="-",C59="",H59<>"P0"),G58,G58+1) -> 50 | H59: =IFERROR(__xludf.DUMMYFUNCTION("""COMPUTED_VALUE"""),"P0") -> P0
B60: =IFERROR(__xludf.DUMMYFUNCTION("""COMPUTED_VALUE"""),"K/9/151024/2") -> K/9/151024/2 | C60: =IFERROR(__xludf.DUMMYFUNCTION("""COMPUTED_VALUE"""),"M. 2400/ NOG; M. 811/ Bakung; M. 131/NOG:") -> M. 2400/ NOG; M. 811/ Bakung; M. 131/NOG: | D60: =IFERROR(__xludf.DUMMYFUNCTION("""COMPUTED_VALUE"""),45580.41903491898) -> 45580.419 | E60: =IFERROR(__xludf.DUMMYFUNCTION("""COMPUTED_VALUE"""),"BN Jual Beli") -> BN Jual Beli | F60: =IFERROR(__xludf.DUMMYFUNCTION("""COMPUTED_VALUE"""),"Ilanur/ Ailing") -> Ilanur/ Ailing | G60: =IF(OR(C60="-",C60="",H60<>"P0"),G59,G59+1) -> 51 | H60: =IFERROR(__xludf.DUMMYFUNCTION("""COMPUTED_VALUE"""),"P0") -> P0
B61: =IFERROR(__xludf.DUMMYFUNCTION("""COMPUTED_VALUE"""),"L/10/151024/1") -> L/10/151024/1 | C61: =IFERROR(__xludf.DUMMYFUNCTION("""COMPUTED_VALUE"""),"B.561/NUSANTARA PERMAI;B.329/CAMPANG RAYA-DAHULU") -> B.561/NUSANTARA PERMAI;B.329/CAMPANG RAYA-DAHULU | D61: =IFERROR(__xludf.DUMMYFUNCTION("""COMPUTED_VALUE"""),45580.42200319444) -> 45580.422 | E61: =IFERROR(__xludf.DUMMYFUNCTION("""COMPUTED_VALUE"""),"PERUBAHAN HAK") -> PERUBAHAN HAK | F61: =IFERROR(__xludf.DUMMYFUNCTION("""COMPUTED_VALUE"""),"AHMAD SUKRI") -> AHMAD SUKRI | G61: =IF(OR(C61="-",C61="",H61<>"P0"),G60,G60+1) -> 52 | H61: =IFERROR(__xludf.DUMMYFUNCTION("""COMPUTED_VALUE"""),"P0") -> P0
B62: =IFERROR(__xludf.DUMMYFUNCTION("""COMPUTED_VALUE"""),"K/11/151024/1") -> K/11/151024/1 | C62: =IFERROR(__xludf.DUMMYFUNCTION("""COMPUTED_VALUE"""),"Nibel. M. 1869/ Sepang Jaya") -> Nibel. M. 1869/ Sepang Jaya | D62: =IFERROR(__xludf.DUMMYFUNCTION("""COMPUTED_VALUE"""),45580.42409033565) -> 45580.424 | E62: =IFERROR(__xludf.DUMMYFUNCTION("""COMPUTED_VALUE"""),"BN Jual Beli") -> BN Jual Beli | F62: =IFERROR(__xludf.DUMMYFUNCTION("""COMPUTED_VALUE"""),"Maryanti Kurniawan/ Suprapti R") -> Maryanti Kurniawan/ Suprapti R | G62: =IF(OR(C62="-",C62="",H62<>"P0"),G61,G61+1) -> 53 | H62: =IFERROR(__xludf.DUMMYFUNCTION("""COMPUTED_VALUE"""),"P0") -> P0
B63: =IFERROR(__xludf.DUMMYFUNCTION("""COMPUTED_VALUE"""),"K/12/151024/2") -> K/12/151024/2 | C63: =IFERROR(__xludf.DUMMYFUNCTION("""COMPUTED_VALUE"""),"M. 288/ Kaliawi") -> M. 288/ Kaliawi | D63: =IFERROR(__xludf.DUMMYFUNCTION("""COMPUTED_VALUE"""),45580.42576048611) -> 45580.426 | E63: =IFERROR(__xludf.DUMMYFUNCTION("""COMPUTED_VALUE"""),"BN Jual Beli") -> BN Jual Beli | F63: =IFERROR(__xludf.DUMMYFUNCTION("""COMPUTED_VALUE"""),"Maryanti K/ Joko Setiawan") -> Maryanti K/ Joko Setiawan | G63: =IF(OR(C63="-",C63="",H63<>"P0"),G62,G62+1) -> 54 | H63: =IFERROR(__xludf.DUMMYFUNCTION("""COMPUTED_VALUE"""),"P0") -> P0
B64: =IFERROR(__xludf.DUMMYFUNCTION("""COMPUTED_VALUE"""),"K/13/151024/3") -> K/13/151024/3 | C64: =IFERROR(__xludf.DUMMYFUNCTION("""COMPUTED_VALUE"""),"M. 41/ Kota Sepang") -> M. 41/ Kota Sepang | D64: =IFERROR(__xludf.DUMMYFUNCTION("""COMPUTED_VALUE"""),45580.427211574075) -> 45580.427 | E64: =IFERROR(__xludf.DUMMYFUNCTION("""COMPUTED_VALUE"""),"BN Jual Beli") -> BN Jual Beli | F64: =IFERROR(__xludf.DUMMYFUNCTION("""COMPUTED_VALUE"""),"Maryanti K/ Asri") -> Maryanti K/ Asri | G64: =IF(OR(C64="-",C64="",H64<>"P0"),G63,G63+1) -> 55 | H64: =IFERROR(__xludf.DUMMYFUNCTION("""COMPUTED_VALUE"""),"P0") -> P0
B65: =IFERROR(__xludf.DUMMYFUNCTION("""COMPUTED_VALUE"""),"K/14/151024/1") -> K/14/151024/1 | C65: =IFERROR(__xludf.DUMMYFUNCTION("""COMPUTED_VALUE"""),"M. 3901/ Tanjung Senang") -> M. 3901/ Tanjung Senang | D65: =IFERROR(__xludf.DUMMYFUNCTION("""COMPUTED_VALUE"""),45580.43018231481) -> 45580.43 | E65: =IFERROR(__xludf.DUMMYFUNCTION("""COMPUTED_VALUE"""),"Roya") -> Roya | F65: =IFERROR(__xludf.DUMMYFUNCTION("""COMPUTED_VALUE"""),"Reflan R/ Mardhatillah") -> Reflan R/ Mardhatillah | G65: =IF(OR(C65="-",C65="",H65<>"P0"),G64,G64+1) -> 56 | H65: =IFERROR(__xludf.DUMMYFUNCTION("""COMPUTED_VALUE"""),"P0") -> P0
B66: =IFERROR(__xludf.DUMMYFUNCTION("""COMPUTED_VALUE"""),"K/15/151024/1") -> K/15/151024/1 | C66: =IFERROR(__xludf.DUMMYFUNCTION("""COMPUTED_VALUE"""),"M. 2424/ KEDAUNG") -> M. 2424/ KEDAUNG | D66: =IFERROR(__xludf.DUMMYFUNCTION("""COMPUTED_VALUE"""),45580.43752939814) -> 45580.438 | E66: =IFERROR(__xludf.DUMMYFUNCTION("""COMPUTED_VALUE"""),"BN JUAL BELI") -> BN JUAL BELI | F66: =IFERROR(__xludf.DUMMYFUNCTION("""COMPUTED_VALUE"""),"M ARIEF S/ KADEK SETIAWAN") -> M ARIEF S/ KADEK SETIAWAN | G66: =IF(OR(C66="-",C66="",H66<>"P0"),G65,G65+1) -> 57 | H66: =IFERROR(__xludf.DUMMYFUNCTION("""COMPUTED_VALUE"""),"P0") -> P0
B67: =IFERROR(__xludf.DUMMYFUNCTION("""COMPUTED_VALUE"""),"K/16/151024/2") -> K/16/151024/2 | C67: =IFERROR(__xludf.DUMMYFUNCTION("""COMPUTED_VALUE"""),"M. 2418/ KEDAUNG") -> M. 2418/ KEDAUNG | D67: =IFERROR(__xludf.DUMMYFUNCTION("""COMPUTED_VALUE"""),45580.44058946759) -> 45580.441 | E67: =IFERROR(__xludf.DUMMYFUNCTION("""COMPUTED_VALUE"""),"BN JUAL BELI") -> BN JUAL BELI | F67: =IFERROR(__xludf.DUMMYFUNCTION("""COMPUTED_VALUE"""),"M ARIEF S/ AKHMAD RIDHO") -> M ARIEF S/ AKHMAD RIDHO | G67: =IF(OR(C67="-",C67="",H67<>"P0"),G66,G66+1) -> 58 | H67: =IFERROR(__xludf.DUMMYFUNCTION("""COMPUTED_VALUE"""),"P0") -> P0
B68: =IFERROR(__xludf.DUMMYFUNCTION("""COMPUTED_VALUE"""),"L/18/151024/1") -> L/18/151024/1 | C68: =IFERROR(__xludf.DUMMYFUNCTION("""COMPUTED_VALUE"""),"HM 1527/RAJABASA NUNYAI (SUPER PRIORITAS)") -> HM 1527/RAJABASA NUNYAI (SUPER PRIORITAS) | D68: =IFERROR(__xludf.DUMMYFUNCTION("""COMPUTED_VALUE"""),45580.44300060185) -> 45580.443 | E68: =IFERROR(__xludf.DUMMYFUNCTION("""COMPUTED_VALUE"""),"BN JUAL BELI") -> BN JUAL BELI | F68: =IFERROR(__xludf.DUMMYFUNCTION("""COMPUTED_VALUE"""),"ABU BAKAR") -> ABU BAKAR | G68: =IF(OR(C68="-",C68="",H68<>"P0"),G67,G67+1) -> 59 | H68: =IFERROR(__xludf.DUMMYFUNCTION("""COMPUTED_VALUE"""),"P0") -> P0
B69: =IFERROR(__xludf.DUMMYFUNCTION("""COMPUTED_VALUE"""),"L/19/151024/1") -> L/19/151024/1 | C69: =IFERROR(__xludf.DUMMYFUNCTION("""COMPUTED_VALUE"""),"M.178/GARUNTANG") -> M.178/GARUNTANG | D69: =IFERROR(__xludf.DUMMYFUNCTION("""COMPUTED_VALUE"""),45580.446338344904) -> 45580.446 | E69: =IFERROR(__xludf.DUMMYFUNCTION("""COMPUTED_VALUE"""),"GANDES") -> GANDES | F69: =IFERROR(__xludf.DUMMYFUNCTION("""COMPUTED_VALUE"""),"JUMENAH") -> JUMENAH | G69: =IF(OR(C69="-",C69="",H69<>"P0"),G68,G68+1) -> 60 | H69: =IFERROR(__xludf.DUMMYFUNCTION("""COMPUTED_VALUE"""),"P0") -> P0
B70: =IFERROR(__xludf.DUMMYFUNCTION("""COMPUTED_VALUE"""),"L/20/151024/1") -> L/20/151024/1 | C70: =IFERROR(__xludf.DUMMYFUNCTION("""COMPUTED_VALUE"""),"NIB 0801000023950/SUKARAME") -> NIB 0801000023950/SUKARAME | D70: =IFERROR(__xludf.DUMMYFUNCTION("""COMPUTED_VALUE"""),45580.45502780093) -> 45580.455 | E70: =IFERROR(__xludf.DUMMYFUNCTION("""COMPUTED_VALUE"""),"GANTI NAMA") -> GANTI NAMA | F70: =IFERROR(__xludf.DUMMYFUNCTION("""COMPUTED_VALUE"""),"BUDY RAHARJO") -> BUDY RAHARJO | G70: =IF(OR(C70="-",C70="",H70<>"P0"),G69,G69+1) -> 61 | H70: =IFERROR(__xludf.DUMMYFUNCTION("""COMPUTED_VALUE"""),"P0") -> P0
B71: =IFERROR(__xludf.DUMMYFUNCTION("""COMPUTED_VALUE"""),"K/17/151024/1") -> K/17/151024/1 | C71: =IFERROR(__xludf.DUMMYFUNCTION("""COMPUTED_VALUE"""),"M. 13602/ SEGALA MIDER") -> M. 13602/ SEGALA MIDER | D71: =IFERROR(__xludf.DUMMYFUNCTION("""COMPUTED_VALUE"""),45580.46981002315) -> 45580.47 | E71: =IFERROR(__xludf.DUMMYFUNCTION("""COMPUTED_VALUE"""),"BN JUAL BELI") -> BN JUAL BELI | F71: =IFERROR(__xludf.DUMMYFUNCTION("""COMPUTED_VALUE"""),"BAMBANG ABIYONO / EDY") -> BAMBANG ABIYONO / EDY | G71: =IF(OR(C71="-",C71="",H71<>"P0"),G70,G70+1) -> 62 | H71: =IFERROR(__xludf.DUMMYFUNCTION("""COMPUTED_VALUE"""),"P0") -> P0
B72: =IFERROR(__xludf.DUMMYFUNCTION("""COMPUTED_VALUE"""),"K/21/151024/1") -> K/21/151024/1 | C72: =IFERROR(__xludf.DUMMYFUNCTION("""COMPUTED_VALUE"""),"M. 652/ PINANG JAYA") -> M. 652/ PINANG JAYA | D72: =IFERROR(__xludf.DUMMYFUNCTION("""COMPUTED_VALUE"""),45580.47268) -> 45580.473 | E72: =IFERROR(__xludf.DUMMYFUNCTION("""COMPUTED_VALUE"""),"BN JUAL BELI") -> BN JUAL BELI | F72: =IFERROR(__xludf.DUMMYFUNCTION("""COMPUTED_VALUE"""),"RAHMADIYANTI / SORAYA SOPHA") -> RAHMADIYANTI / SORAYA SOPHA | G72: =IF(OR(C72="-",C72="",H72<>"P0"),G71,G71+1) -> 63 | H72: =IFERROR(__xludf.DUMMYFUNCTION("""COMPUTED_VALUE"""),"P0") -> P0
B73: =IFERROR(__xludf.DUMMYFUNCTION("""COMPUTED_VALUE"""),"K/24/151024/1") -> K/24/151024/1 | C73: =IFERROR(__xludf.DUMMYFUNCTION("""COMPUTED_VALUE"""),"M. 2009/ Campang Jaya") -> M. 2009/ Campang Jaya | D73: =IFERROR(__xludf.DUMMYFUNCTION("""COMPUTED_VALUE"""),45580.47344811342) -> 45580.473 | E73: =IFERROR(__xludf.DUMMYFUNCTION("""COMPUTED_VALUE"""),"Pengecekan") -> Pengecekan | F73: =IFERROR(__xludf.DUMMYFUNCTION("""COMPUTED_VALUE"""),"Zul April/ M Fajar S ") -> Zul April/ M Fajar S | G73: =IF(OR(C73="-",C73="",H73<>"P0"),G72,G72+1) -> 64 | H73: =IFERROR(__xludf.DUMMYFUNCTION("""COMPUTED_VALUE"""),"P0") -> P0
B74: =IFERROR(__xludf.DUMMYFUNCTION("""COMPUTED_VALUE"""),"L/26/151024/1") -> L/26/151024/1 | C74: =IFERROR(__xludf.DUMMYFUNCTION("""COMPUTED_VALUE"""),"HM 401/KALI BALAU KENCANA") -> HM 401/KALI BALAU KENCANA | D74: =IFERROR(__xludf.DUMMYFUNCTION("""COMPUTED_VALUE"""),45580.47411325232) -> 45580.474 | E74: =IFERROR(__xludf.DUMMYFUNCTION("""COMPUTED_VALUE"""),"ROYA") -> ROYA | F74: =IFERROR(__xludf.DUMMYFUNCTION("""COMPUTED_VALUE"""),"MUHAMMAD ROCYCH") -> MUHAMMAD ROCYCH | G74: =IF(OR(C74="-",C74="",H74<>"P0"),G73,G73+1) -> 65 | H74: =IFERROR(__xludf.DUMMYFUNCTION("""COMPUTED_VALUE"""),"P0") -> P0
B75: =IFERROR(__xludf.DUMMYFUNCTION("""COMPUTED_VALUE"""),"K/25/151024/2") -> K/25/151024/2 | C75: =IFERROR(__xludf.DUMMYFUNCTION("""COMPUTED_VALUE"""),"M. 2010/ Campang Jaya") -> M. 2010/ Campang Jaya | D75: =IFERROR(__xludf.DUMMYFUNCTION("""COMPUTED_VALUE"""),45580.47578221065) -> 45580.476 | E75: =IFERROR(__xludf.DUMMYFUNCTION("""COMPUTED_VALUE"""),"Pengecekan") -> Pengecekan | F75: =IFERROR(__xludf.DUMMYFUNCTION("""COMPUTED_VALUE"""),"Zul April/ M Fajar S P") -> Zul April/ M Fajar S P | G75: =IF(OR(C75="-",C75="",H75<>"P0"),G74,G74+1) -> 66 | H75: =IFERROR(__xludf.DUMMYFUNCTION("""COMPUTED_VALUE"""),"P0") -> P0
B76: =IFERROR(__xludf.DUMMYFUNCTION("""COMPUTED_VALUE"""),"K/22/151024/2") -> K/22/151024/2 | C76: =IFERROR(__xludf.DUMMYFUNCTION("""COMPUTED_VALUE"""),"NIBEL 3118/ SEGALA MIDER") -> NIBEL 3118/ SEGALA MIDER | D76: =IFERROR(__xludf.DUMMYFUNCTION("""COMPUTED_VALUE"""),45580.477096215276) -> 45580.477 | E76: =IFERROR(__xludf.DUMMYFUNCTION("""COMPUTED_VALUE"""),"BN JUAL BELI") -> BN JUAL BELI | F76: =IFERROR(__xludf.DUMMYFUNCTION("""COMPUTED_VALUE"""),"RAHMADIYANTI/ RUDIYAN") -> RAHMADIYANTI/ RUDIYAN | G76: =IF(OR(C76="-",C76="",H76<>"P0"),G75,G75+1) -> 67 | H76: =IFERROR(__xludf.DUMMYFUNCTION("""COMPUTED_VALUE"""),"P0") -> P0
B77: =IFERROR(__xludf.DUMMYFUNCTION("""COMPUTED_VALUE"""),"K/27/151024/1") -> K/27/151024/1 | C77: =IFERROR(__xludf.DUMMYFUNCTION("""COMPUTED_VALUE"""),"M.629/RAWA LAUT") -> M.629/RAWA LAUT | D77: =IFERROR(__xludf.DUMMYFUNCTION("""COMPUTED_VALUE"""),45580.47836738426) -> 45580.478 | E77: =IFERROR(__xludf.DUMMYFUNCTION("""COMPUTED_VALUE"""),"GANDES") -> GANDES | F77: =IFERROR(__xludf.DUMMYFUNCTION("""COMPUTED_VALUE"""),"LENI MASITA CS/ACHMAD ROSWANTAMA") -> LENI MASITA CS/ACHMAD ROSWANTAMA | G77: =IF(OR(C77="-",C77="",H77<>"P0"),G76,G76+1) -> 68 | H77: =IFERROR(__xludf.DUMMYFUNCTION("""COMPUTED_VALUE"""),"P0") -> P0
B78: =IFERROR(__xludf.DUMMYFUNCTION("""COMPUTED_VALUE"""),"K/23/151024/3") -> K/23/151024/3 | C78: =IFERROR(__xludf.DUMMYFUNCTION("""COMPUTED_VALUE"""),"M. 509/ LABUHAN RATU RAYA") -> M. 509/ LABUHAN RATU RAYA | D78: =IFERROR(__xludf.DUMMYFUNCTION("""COMPUTED_VALUE"""),45580.4800118287) -> 45580.48 | E78: =IFERROR(__xludf.DUMMYFUNCTION("""COMPUTED_VALUE"""),"BN JUAL BELI") -> BN JUAL BELI | F78: =IFERROR(__xludf.DUMMYFUNCTION("""COMPUTED_VALUE"""),"RAHMADIYANTI/ SELVI HELINA") -> RAHMADIYANTI/ SELVI HELINA | G78: =IF(OR(C78="-",C78="",H78<>"P0"),G77,G77+1) -> 69 | H78: =IFERROR(__xludf.DUMMYFUNCTION("""COMPUTED_VALUE"""),"P0") -> P0
B79: =IFERROR(__xludf.DUMMYFUNCTION("""COMPUTED_VALUE"""),"K/28/151024/1") -> K/28/151024/1 | C79: =IFERROR(__xludf.DUMMYFUNCTION("""COMPUTED_VALUE"""),"B. 309/ Way Kandis") -> B. 309/ Way Kandis | D79: =IFERROR(__xludf.DUMMYFUNCTION("""COMPUTED_VALUE"""),45580.48194575231) -> 45580.482 | E79: =IFERROR(__xludf.DUMMYFUNCTION("""COMPUTED_VALUE"""),"Gandes") -> Gandes | F79: =IFERROR(__xludf.DUMMYFUNCTION("""COMPUTED_VALUE"""),"Eka Sari T/ Misgianto") -> Eka Sari T/ Misgianto | G79: =IF(OR(C79="-",C79="",H79<>"P0"),G78,G78+1) -> 70 | H79: =IFERROR(__xludf.DUMMYFUNCTION("""COMPUTED_VALUE"""),"P0") -> P0
B80: =IFERROR(__xludf.DUMMYFUNCTION("""COMPUTED_VALUE"""),"K/29/151024/2") -> K/29/151024/2 | C80: =IFERROR(__xludf.DUMMYFUNCTION("""COMPUTED_VALUE"""),"Nibel. B. 2015/ Pinang Jaya") -> Nibel. B. 2015/ Pinang Jaya | D80: =IFERROR(__xludf.DUMMYFUNCTION("""COMPUTED_VALUE"""),45580.48416207176) -> 45580.484 | E80: =IFERROR(__xludf.DUMMYFUNCTION("""COMPUTED_VALUE"""),"Perubahan Hak") -> Perubahan Hak | F80: =IFERROR(__xludf.DUMMYFUNCTION("""COMPUTED_VALUE"""),"Eka Sari T/ Desi Arita") -> Eka Sari T/ Desi Arita | G80: =IF(OR(C80="-",C80="",H80<>"P0"),G79,G79+1) -> 71 | H80: =IFERROR(__xludf.DUMMYFUNCTION("""COMPUTED_VALUE"""),"P0") -> P0
B81: =IFERROR(__xludf.DUMMYFUNCTION("""COMPUTED_VALUE"""),"K/30/151024/1") -> K/30/151024/1 | C81: =IFERROR(__xludf.DUMMYFUNCTION("""COMPUTED_VALUE"""),"M.3814/SUKADANAHAM") -> M.3814/SUKADANAHAM | D81: =IFERROR(__xludf.DUMMYFUNCTION("""COMPUTED_VALUE"""),45580.54480939815) -> 45580.545 | E81: =IFERROR(__xludf.DUMMYFUNCTION("""COMPUTED_VALUE"""),"HAPUS BPHTB") -> HAPUS BPHTB | F81: =IFERROR(__xludf.DUMMYFUNCTION("""COMPUTED_VALUE"""),"NENY SWEET MIDEARTI/NINA ZUSANTI") -> NENY SWEET MIDEARTI/NINA ZUSANTI | G81: =IF(OR(C81="-",C81="",H81<>"P0"),G80,G80+1) -> 72 | H81: =IFERROR(__xludf.DUMMYFUNCTION("""COMPUTED_VALUE"""),"P0") -> P0
B82: =IFERROR(__xludf.DUMMYFUNCTION("""COMPUTED_VALUE"""),"L/31/151024/1") -> L/31/151024/1 | C82: =IFERROR(__xludf.DUMMYFUNCTION("""COMPUTED_VALUE"""),"B.91/GUNUNG TERANG") -> B.91/GUNUNG TERANG | D82: =IFERROR(__xludf.DUMMYFUNCTION("""COMPUTED_VALUE"""),45580.569989456024) -> 45580.57 | E82: =IFERROR(__xludf.DUMMYFUNCTION("""COMPUTED_VALUE"""),"PERUBAHAN HAK") -> PERUBAHAN HAK | F82: =IFERROR(__xludf.DUMMYFUNCTION("""COMPUTED_VALUE"""),"HERLINA SARI") -> HERLINA SARI | G82: =IF(OR(C82="-",C82="",H82<>"P0"),G81,G81+1) -> 73 | H82: =IFERROR(__xludf.DUMMYFUNCTION("""COMPUTED_VALUE"""),"P0") -> P0
B83: =IFERROR(__xludf.DUMMYFUNCTION("""COMPUTED_VALUE"""),"K/32/151024/1") -> K/32/151024/1 | C83: =IFERROR(__xludf.DUMMYFUNCTION("""COMPUTED_VALUE"""),"M. 11169/ Tanjung Baru") -> M. 11169/ Tanjung Baru | D83: =IFERROR(__xludf.DUMMYFUNCTION("""COMPUTED_VALUE"""),45580.575810787035) -> 45580.576 | E83: =IFERROR(__xludf.DUMMYFUNCTION("""COMPUTED_VALUE"""),"Cabut Blokir") -> Cabut Blokir | F83: =IFERROR(__xludf.DUMMYFUNCTION("""COMPUTED_VALUE"""),"Junaidi saptopo/ Yohanes Herman") -> Junaidi saptopo/ Yohanes Herman | G83: =IF(OR(C83="-",C83="",H83<>"P0"),G82,G82+1) -> 74 | H83: =IFERROR(__xludf.DUMMYFUNCTION("""COMPUTED_VALUE"""),"P0") -> P0
B84: =IFERROR(__xludf.DUMMYFUNCTION("""COMPUTED_VALUE"""),"K/34/151024/2") -> K/34/151024/2 | C84: =IFERROR(__xludf.DUMMYFUNCTION("""COMPUTED_VALUE"""),"M. 1311/ Beringin Jaya; dahulu B. 2093/ Beringin Raya") -> M. 1311/ Beringin Jaya; dahulu B. 2093/ Beringin Raya | D84: =IFERROR(__xludf.DUMMYFUNCTION("""COMPUTED_VALUE"""),45580.57893325231) -> 45580.579 | E84: =IFERROR(__xludf.DUMMYFUNCTION("""COMPUTED_VALUE"""),"BN Hibah") -> BN Hibah | F84: =IFERROR(__xludf.DUMMYFUNCTION("""COMPUTED_VALUE"""),"Ayi Ruhiat/ Eri Yulianti") -> Ayi Ruhiat/ Eri Yulianti | G84: =IF(OR(C84="-",C84="",H84<>"P0"),G83,G83+1) -> 75 | H84: =IFERROR(__xludf.DUMMYFUNCTION("""COMPUTED_VALUE"""),"P0") -> P0
B85: =IFERROR(__xludf.DUMMYFUNCTION("""COMPUTED_VALUE"""),"K/36/151024/1") -> K/36/151024/1 | C85: =IFERROR(__xludf.DUMMYFUNCTION("""COMPUTED_VALUE"""),"M.4791/BERINGIN RAYA-SEKARANG;B.1135/SUMBERREJO-DAHULU") -> M.4791/BERINGIN RAYA-SEKARANG;B.1135/SUMBERREJO-DAHULU | D85: =IFERROR(__xludf.DUMMYFUNCTION("""COMPUTED_VALUE"""),45580.5815102662) -> 45580.582 | E85: =IFERROR(__xludf.DUMMYFUNCTION("""COMPUTED_VALUE"""),"PERALIHAN LELANG") -> PERALIHAN LELANG | F85: =IFERROR(__xludf.DUMMYFUNCTION("""COMPUTED_VALUE"""),"LINA YOSEPA/HERIYANSYAH") -> LINA YOSEPA/HERIYANSYAH | G85: =IF(OR(C85="-",C85="",H85<>"P0"),G84,G84+1) -> 76 | H85: =IFERROR(__xludf.DUMMYFUNCTION("""COMPUTED_VALUE"""),"P0") -> P0
B86: =IFERROR(__xludf.DUMMYFUNCTION("""COMPUTED_VALUE"""),"K/33/151024/1") -> K/33/151024/1 | C86: =IFERROR(__xludf.DUMMYFUNCTION("""COMPUTED_VALUE"""),"M. 933/ Sukarame") -> M. 933/ Sukarame | D86: =IFERROR(__xludf.DUMMYFUNCTION("""COMPUTED_VALUE"""),45580.581754328705) -> 45580.582 | E86: =IFERROR(__xludf.DUMMYFUNCTION("""COMPUTED_VALUE"""),"Gandes") -> Gandes | F86: =IFERROR(__xludf.DUMMYFUNCTION("""COMPUTED_VALUE"""),"Ayi Ruhiat/ Rakhmat A S") -> Ayi Ruhiat/ Rakhmat A S | G86: =IF(OR(C86="-",C86="",H86<>"P0"),G85,G85+1) -> 77 | H86: =IFERROR(__xludf.DUMMYFUNCTION("""COMPUTED_VALUE"""),"P0") -> P0
B87: =IFERROR(__xludf.DUMMYFUNCTION("""COMPUTED_VALUE"""),"K/37/151024/1") -> K/37/151024/1 | C87: =IFERROR(__xludf.DUMMYFUNCTION("""COMPUTED_VALUE"""),"M. 3954/ BERINGIN RAYA-SEKARANG; B.4107/ BERINGIN RAYA-DAHULU") -> M. 3954/ BERINGIN RAYA-SEKARANG; B.4107/ BERINGIN RAYA-DAHULU | D87: =IFERROR(__xludf.DUMMYFUNCTION("""COMPUTED_VALUE"""),45580.583908368055) -> 45580.584 | E87: =IFERROR(__xludf.DUMMYFUNCTION("""COMPUTED_VALUE"""),"GANTI KELURAHAN") -> GANTI KELURAHAN | F87: =IFERROR(__xludf.DUMMYFUNCTION("""COMPUTED_VALUE"""),"IG YOGA/ OMO KUSNADI") -> IG YOGA/ OMO KUSNADI | G87: =IF(OR(C87="-",C87="",H87<>"P0"),G86,G86+1) -> 78 | H87: =IFERROR(__xludf.DUMMYFUNCTION("""COMPUTED_VALUE"""),"P0") -> P0
B88: =IFERROR(__xludf.DUMMYFUNCTION("""COMPUTED_VALUE"""),"L/35/151024/1") -> L/35/151024/1 | C88: =IFERROR(__xludf.DUMMYFUNCTION("""COMPUTED_VALUE"""),"HM 479/HARAPAN JAYA (DAHULU)-HM 49/KORPRI JAYA (SEKARANG)") -> HM 479/HARAPAN JAYA (DAHULU)-HM 49/KORPRI JAYA (SEKARANG) | D88: =IFERROR(__xludf.DUMMYFUNCTION("""COMPUTED_VALUE"""),45580.585208449076) -> 45580.585 | E88: =IFERROR(__xludf.DUMMYFUNCTION("""COMPUTED_VALUE"""),"BN PUTUSAN PENGADILAN (AHLI WARIS)") -> BN PUTUSAN PENGADILAN (AHLI WARIS) | F88: =IFERROR(__xludf.DUMMYFUNCTION("""COMPUTED_VALUE"""),"FIRMANSYAH/CS") -> FIRMANSYAH/CS | G88: =IF(OR(C88="-",C88="",H88<>"P0"),G87,G87+1) -> 79 | H88: =IFERROR(__xludf.DUMMYFUNCTION("""COMPUTED_VALUE"""),"P0") -> P0
B89: =IFERROR(__xludf.DUMMYFUNCTION("""COMPUTED_VALUE"""),"K/38/151024/2") -> K/38/151024/2 | C89: =IFERROR(__xludf.DUMMYFUNCTION("""COMPUTED_VALUE"""),"M. 1904/ KALIAWI") -> M. 1904/ KALIAWI | D89: =IFERROR(__xludf.DUMMYFUNCTION("""COMPUTED_VALUE"""),45580.5854624537) -> 45580.585 | E89: =IFERROR(__xludf.DUMMYFUNCTION("""COMPUTED_VALUE"""),"GANDES") -> GANDES | F89: =IFERROR(__xludf.DUMMYFUNCTION("""COMPUTED_VALUE"""),"IG YOGA/ OMO KUSNADI") -> IG YOGA/ OMO KUSNADI | G89: =IF(OR(C89="-",C89="",H89<>"P0"),G88,G88+1) -> 80 | H89: =IFERROR(__xludf.DUMMYFUNCTION("""COMPUTED_VALUE"""),"P0") -> P0
B90: =IFERROR(__xludf.DUMMYFUNCTION("""COMPUTED_VALUE"""),"K/39/151024/1") -> K/39/151024/1 | C90: =IFERROR(__xludf.DUMMYFUNCTION("""COMPUTED_VALUE"""),"M.13978/TANJUNG BARU") -> M.13978/TANJUNG BARU | D90: =IFERROR(__xludf.DUMMYFUNCTION("""COMPUTED_VALUE"""),45580.58769320602) -> 45580.588 | E90: =IFERROR(__xludf.DUMMYFUNCTION("""COMPUTED_VALUE"""),"PERALIHAN JUAL BELI") -> PERALIHAN JUAL BELI | F90: =IFERROR(__xludf.DUMMYFUNCTION("""COMPUTED_VALUE"""),"SUMIRAT/RINI ANHARI") -> SUMIRAT/RINI ANHARI | G90: =IF(OR(C90="-",C90="",H90<>"P0"),G89,G89+1) -> 81 | H90: =IFERROR(__xludf.DUMMYFUNCTION("""COMPUTED_VALUE"""),"P0") -> P0
B91: =IFERROR(__xludf.DUMMYFUNCTION("""COMPUTED_VALUE"""),"K/40/151024/1") -> K/40/151024/1 | C91: =IFERROR(__xludf.DUMMYFUNCTION("""COMPUTED_VALUE"""),"M. 2800/ Sumber Rejo") -> M. 2800/ Sumber Rejo | D91: =IFERROR(__xludf.DUMMYFUNCTION("""COMPUTED_VALUE"""),45580.590163298606) -> 45580.59 | E91: =IFERROR(__xludf.DUMMYFUNCTION("""COMPUTED_VALUE"""),"BN Jual Beli") -> BN Jual Beli | F91: =IFERROR(__xludf.DUMMYFUNCTION("""COMPUTED_VALUE"""),"Fahrul Rozi/ Lela Monika") -> Fahrul Rozi/ Lela Monika | G91: =IF(OR(C91="-",C91="",H91<>"P0"),G90,G90+1) -> 82 | H91: =IFERROR(__xludf.DUMMYFUNCTION("""COMPUTED_VALUE"""),"P0") -> P0
B92: =IFERROR(__xludf.DUMMYFUNCTION("""COMPUTED_VALUE"""),"L/43/151024/1") -> L/43/151024/1 | C92: =IFERROR(__xludf.DUMMYFUNCTION("""COMPUTED_VALUE"""),"HM 4010/TANJUNG SENANG") -> HM 4010/TANJUNG SENANG | D92: =IFERROR(__xludf.DUMMYFUNCTION("""COMPUTED_VALUE"""),45580.59199082176) -> 45580.592 | E92: =IFERROR(__xludf.DUMMYFUNCTION("""COMPUTED_VALUE"""),"ROYA") -> ROYA | F92: =IFERROR(__xludf.DUMMYFUNCTION("""COMPUTED_VALUE"""),"SEPTA RENI") -> SEPTA RENI | G92: =IF(OR(C92="-",C92="",H92<>"P0"),G91,G91+1) -> 83 | H92: =IFERROR(__xludf.DUMMYFUNCTION("""COMPUTED_VALUE"""),"P0") -> P0
B93: =IFERROR(__xludf.DUMMYFUNCTION("""COMPUTED_VALUE"""),"K/41/151024/2") -> K/41/151024/2 | C93: =IFERROR(__xludf.DUMMYFUNCTION("""COMPUTED_VALUE"""),"M. 11294/ Labuhan Ratu") -> M. 11294/ Labuhan Ratu | D93: =IFERROR(__xludf.DUMMYFUNCTION("""COMPUTED_VALUE"""),45580.59360407408) -> 45580.594 | E93: =IFERROR(__xludf.DUMMYFUNCTION("""COMPUTED_VALUE"""),"BN Jual Beli") -> BN Jual Beli | F93: =IFERROR(__xludf.DUMMYFUNCTION("""COMPUTED_VALUE"""),"Fahrul Rozi/Novarida") -> Fahrul Rozi/Novarida | G93: =IF(OR(C93="-",C93="",H93<>"P0"),G92,G92+1) -> 84 | H93: =IFERROR(__xludf.DUMMYFUNCTION("""COMPUTED_VALUE"""),"P0") -> P0
B94: =IFERROR(__xludf.DUMMYFUNCTION("""COMPUTED_VALUE"""),"K/44/151024/1") -> K/44/151024/1 | C94: =IFERROR(__xludf.DUMMYFUNCTION("""COMPUTED_VALUE"""),"M.1375/PERUMNAS WAY HALIM-SEKARANG;B.2097/KEDATON-DAHULU") -> M.1375/PERUMNAS WAY HALIM-SEKARANG;B.2097/KEDATON-DAHULU | D94: =IFERROR(__xludf.DUMMYFUNCTION("""COMPUTED_VALUE"""),45580.59473335648) -> 45580.595 | E94: =IFERROR(__xludf.DUMMYFUNCTION("""COMPUTED_VALUE"""),"SKPT") -> SKPT | F94: =IFERROR(__xludf.DUMMYFUNCTION("""COMPUTED_VALUE"""),"TITIK WIJAYANTI/SENDI DINI H") -> TITIK WIJAYANTI/SENDI DINI H | G94: =IF(OR(C94="-",C94="",H94<>"P0"),G93,G93+1) -> 85 | H94: =IFERROR(__xludf.DUMMYFUNCTION("""COMPUTED_VALUE"""),"P0") -> P0
B95: =IFERROR(__xludf.DUMMYFUNCTION("""COMPUTED_VALUE"""),"K/42/151024/3") -> K/42/151024/3 | C95: =IFERROR(__xludf.DUMMYFUNCTION("""COMPUTED_VALUE"""),"M. 2589/ Kota Baru") -> M. 2589/ Kota Baru | D95: =IFERROR(__xludf.DUMMYFUNCTION("""COMPUTED_VALUE"""),45580.596932650464) -> 45580.597 | E95: =IFERROR(__xludf.DUMMYFUNCTION("""COMPUTED_VALUE"""),"BN Kewarisan") -> BN Kewarisan | F95: =IFERROR(__xludf.DUMMYFUNCTION("""COMPUTED_VALUE"""),"Fahrul Rozi/ Winarni") -> Fahrul Rozi/ Winarni | G95: =IF(OR(C95="-",C95="",H95<>"P0"),G94,G94+1) -> 86 | H95: =IFERROR(__xludf.DUMMYFUNCTION("""COMPUTED_VALUE"""),"P0") -> P0
B96: =IFERROR(__xludf.DUMMYFUNCTION("""COMPUTED_VALUE"""),"K/47/151024/1") -> K/47/151024/1 | C96: =IFERROR(__xludf.DUMMYFUNCTION("""COMPUTED_VALUE"""),"B. 176/ LABUHAN RATU RAYA") -> B. 176/ LABUHAN RATU RAYA | D96: =IFERROR(__xludf.DUMMYFUNCTION("""COMPUTED_VALUE"""),45580.60010206018) -> 45580.6 | E96: =IFERROR(__xludf.DUMMYFUNCTION("""COMPUTED_VALUE"""),"BN JUAL BELI") -> BN JUAL BELI | F96: =IFERROR(__xludf.DUMMYFUNCTION("""COMPUTED_VALUE"""),"NEDI HERYANDI/ YULIA IKA W") -> NEDI HERYANDI/ YULIA IKA W | G96: =IF(OR(C96="-",C96="",H96<>"P0"),G95,G95+1) -> 87 | H96: =IFERROR(__xludf.DUMMYFUNCTION("""COMPUTED_VALUE"""),"P0") -> P0
B97: =IFERROR(__xludf.DUMMYFUNCTION("""COMPUTED_VALUE"""),"K/48/151024/1") -> K/48/151024/1 | C97: =IFERROR(__xludf.DUMMYFUNCTION("""COMPUTED_VALUE"""),"M.550/KORPRI RAYA-SEKARANG;M.10135/SUKARAME U-DAHULU") -> M.550/KORPRI RAYA-SEKARANG;M.10135/SUKARAME U-DAHULU | D97: =IFERROR(__xludf.DUMMYFUNCTION("""COMPUTED_VALUE"""),45580.604247650466) -> 45580.604 | E97: =IFERROR(__xludf.DUMMYFUNCTION("""COMPUTED_VALUE"""),"PERALIHAN JUAL BELI") -> PERALIHAN JUAL BELI | F97: =IFERROR(__xludf.DUMMYFUNCTION("""COMPUTED_VALUE"""),"ROHAYATI/SUJONO PARYONO") -> ROHAYATI/SUJONO PARYONO | G97: =IF(OR(C97="-",C97="",H97<>"P0"),G96,G96+1) -> 88 | H97: =IFERROR(__xludf.DUMMYFUNCTION("""COMPUTED_VALUE"""),"P0") -> P0
B98: =IFERROR(__xludf.DUMMYFUNCTION("""COMPUTED_VALUE"""),"L/49/151024/1") -> L/49/151024/1 | C98: =IFERROR(__xludf.DUMMYFUNCTION("""COMPUTED_VALUE"""),"B.238/BERINGIN RAYA;B.238/BERINGIN JAYA-DAHULU") -> B.238/BERINGIN RAYA;B.238/BERINGIN JAYA-DAHULU | D98: =IFERROR(__xludf.DUMMYFUNCTION("""COMPUTED_VALUE"""),45580.60850206019) -> 45580.609 | E98: =IFERROR(__xludf.DUMMYFUNCTION("""COMPUTED_VALUE"""),"PERUBAHAN HAK") -> PERUBAHAN HAK | F98: =IFERROR(__xludf.DUMMYFUNCTION("""COMPUTED_VALUE"""),"SOENANTO") -> SOENANTO | G98: =IF(OR(C98="-",C98="",H98<>"P0"),G97,G97+1) -> 89 | H98: =IFERROR(__xludf.DUMMYFUNCTION("""COMPUTED_VALUE"""),"P0") -> P0
B99: =IFERROR(__xludf.DUMMYFUNCTION("""COMPUTED_VALUE"""),"L/50/151024/1") -> L/50/151024/1 | C99: =IFERROR(__xludf.DUMMYFUNCTION("""COMPUTED_VALUE"""),"HM 1763/RAJABASA NUNYAI") -> HM 1763/RAJABASA NUNYAI | D99: =IFERROR(__xludf.DUMMYFUNCTION("""COMPUTED_VALUE"""),45580.61031559028) -> 45580.61 | E99: =IFERROR(__xludf.DUMMYFUNCTION("""COMPUTED_VALUE"""),"BN JUAL-BELI") -> BN JUAL-BELI | F99: =IFERROR(__xludf.DUMMYFUNCTION("""COMPUTED_VALUE"""),"ALDY DIAN SATRIA") -> ALDY DIAN SATRIA | G99: =IF(OR(C99="-",C99="",H99<>"P0"),G98,G98+1) -> 90 | H99: =IFERROR(__xludf.DUMMYFUNCTION("""COMPUTED_VALUE"""),"P0") -> P0
B100: =IFERROR(__xludf.DUMMYFUNCTION("""COMPUTED_VALUE"""),"K/51/151024/1") -> K/51/151024/1 | C100: =IFERROR(__xludf.DUMMYFUNCTION("""COMPUTED_VALUE"""),"M. 2411/ Kota Karang") -> M. 2411/ Kota Karang | D100: =IFERROR(__xludf.DUMMYFUNCTION("""COMPUTED_VALUE"""),45580.61462719907) -> 45580.615 | E100: =IFERROR(__xludf.DUMMYFUNCTION("""COMPUTED_VALUE"""),"Gandes") -> Gandes | F100: =IFERROR(__xludf.DUMMYFUNCTION("""COMPUTED_VALUE"""),"Rendy Renaldy/ Rusgani") -> Rendy Renaldy/ Rusgani | G100: =IF(OR(C100="-",C100="",H100<>"P0"),G99,G99+1) -> 91 | H100: =IFERROR(__xludf.DUMMYFUNCTION("""COMPUTED_VALUE"""),"P0") -> P0
B101: =IFERROR(__xludf.DUMMYFUNCTION("""COMPUTED_VALUE"""),"K/52/151024/1") -> K/52/151024/1 | C101: =IFERROR(__xludf.DUMMYFUNCTION("""COMPUTED_VALUE"""),"M. 579/ KUPANG KOTA") -> M. 579/ KUPANG KOTA | D101: =IFERROR(__xludf.DUMMYFUNCTION("""COMPUTED_VALUE"""),45580.6185305324) -> 45580.619 | E101: =IFERROR(__xludf.DUMMYFUNCTION("""COMPUTED_VALUE"""),"BN WARIS") -> BN WARIS | F101: =IFERROR(__xludf.DUMMYFUNCTION("""COMPUTED_VALUE"""),"ANDRY YULIAN/ KASIH PUWANINGSIH CS") -> ANDRY YULIAN/ KASIH PUWANINGSIH CS | G101: =IF(OR(C101="-",C101="",H101<>"P0"),G100,G100+1) -> 92 | H101: =IFERROR(__xludf.DUMMYFUNCTION("""COMPUTED_VALUE"""),"P0") -> P0
...

Sheet a 01
A1: https://docs.google.com/spreadsheets/d/1caGeSM59WVEFjQpGbUW7We7Zr97jHfvg94KgbsFlB2I/edit?usp=sharing
B5: No | C5: Nomor Sertipikat | D5: Nomor TIket | E5: Nama Petugas BT | F5: Status BT | G5: Tanggal Selesai Validasi BT | H5: Nama Petugas Validator SU | I5: Status Validasi SU | J5: Tanggal Selesai Validasi SU | K5: Kesimupulan Validator | L5: Tangal BT SU Selesai | M5: Diberikan kepada Petugas Alih Media | N5: DIberikan Kepada Warkah Sementara | O5: Count
B6: =IFERROR(__xludf.DUMMYFUNCTION("IMPORTRANGE($A$1,""Validator!B7:D10000"")"),1.0) -> 1 | C6: =IFERROR(__xludf.DUMMYFUNCTION("""COMPUTED_VALUE"""),"B.895/BERINGIN JAYA") -> B.895/BERINGIN JAYA | D6: =IFERROR(__xludf.DUMMYFUNCTION("""COMPUTED_VALUE"""),"K/28/141024/1") -> K/28/141024/1 | E6: =IFERROR(__xludf.DUMMYFUNCTION("IMPORTRANGE($A$1,""Validator!H7:J10000"")"),"Afriza (BT)") -> Afriza (BT) | F6: =IFERROR(__xludf.DUMMYFUNCTION("""COMPUTED_VALUE"""),"SELESAI") -> SELESAI | G6: =IFERROR(__xludf.DUMMYFUNCTION("""COMPUTED_VALUE"""),45580.70099516204) -> 45580.701 | H6: =IFERROR(__xludf.DUMMYFUNCTION("IMPORTRANGE($A$1,""Validator!K7:O10000"")"),"Aprill (SU)") -> Aprill (SU) | I6: =IFERROR(__xludf.DUMMYFUNCTION("""COMPUTED_VALUE"""),"SELESAI") -> SELESAI | J6: =IFERROR(__xludf.DUMMYFUNCTION("""COMPUTED_VALUE"""),45580.72456549769) -> 45580.725 | K6: =IFERROR(__xludf.DUMMYFUNCTION("""COMPUTED_VALUE"""),"SELESAI") -> SELESAI | L6: =IFERROR(__xludf.DUMMYFUNCTION("""COMPUTED_VALUE"""),45580.72456549769) -> 45580.725 | M6: =IFERROR(__xludf.DUMMYFUNCTION("IMPORTRANGE($A$1,""Validator!Q7:Q1000"")"),"") | N6: =IFERROR(__xludf.DUMMYFUNCTION("IMPORTRANGE($A$1,""Validator!S7:S10000"")"),45581.419803032404) -> 45581.42 | O6: =IF(N6="","",1) -> 1
B7: =IFERROR(__xludf.DUMMYFUNCTION("""COMPUTED_VALUE"""),2.0) -> 2 | C7: =IFERROR(__xludf.DUMMYFUNCTION("""COMPUTED_VALUE"""),"M.11980/JAGABAYA II") -> M.11980/JAGABAYA II | D7: =IFERROR(__xludf.DUMMYFUNCTION("""COMPUTED_VALUE"""),"K/9/141024/1") -> K/9/141024/1 | E7: =IFERROR(__xludf.DUMMYFUNCTION("""COMPUTED_VALUE"""),"Afriza (BT)") -> Afriza (BT) | F7: =IFERROR(__xludf.DUMMYFUNCTION("""COMPUTED_VALUE"""),"SELESAI") -> SELESAI | G7: =IFERROR(__xludf.DUMMYFUNCTION("""COMPUTED_VALUE"""),45580.70099516204) -> 45580.701 | H7: =IFERROR(__xludf.DUMMYFUNCTION("""COMPUTED_VALUE"""),"Aprill (SU)") -> Aprill (SU) | I7: =IFERROR(__xludf.DUMMYFUNCTION("""COMPUTED_VALUE"""),"SELESAI") -> SELESAI | J7: =IFERROR(__xludf.DUMMYFUNCTION("""COMPUTED_VALUE"""),45580.72456756944) -> 45580.725 | K7: =IFERROR(__xludf.DUMMYFUNCTION("""COMPUTED_VALUE"""),"SELESAI") -> SELESAI | L7: =IFERROR(__xludf.DUMMYFUNCTION("""COMPUTED_VALUE"""),45580.72456756944) -> 45580.725 | M7: =IFERROR(__xludf.DUMMYFUNCTION("""COMPUTED_VALUE"""),"") | N7: =IFERROR(__xludf.DUMMYFUNCTION("""COMPUTED_VALUE"""),45581.41975490741) -> 45581.42 | O7: =IF(N7="","",O6+1) -> 2
B8: =IFERROR(__xludf.DUMMYFUNCTION("""COMPUTED_VALUE"""),3.0) -> 3 | C8: =IFERROR(__xludf.DUMMYFUNCTION("""COMPUTED_VALUE"""),"HM 1527/RAJABASA NUNYAI (SUPER PRIORITAS)") -> HM 1527/RAJABASA NUNYAI (SUPER PRIORITAS) | D8: =IFERROR(__xludf.DUMMYFUNCTION("""COMPUTED_VALUE"""),"L/18/151024/1") -> L/18/151024/1 | E8: =IFERROR(__xludf.DUMMYFUNCTION("""COMPUTED_VALUE"""),"Afriza (BT)") -> Afriza (BT) | F8: =IFERROR(__xludf.DUMMYFUNCTION("""COMPUTED_VALUE"""),"SELESAI") -> SELESAI | G8: =IFERROR(__xludf.DUMMYFUNCTION("""COMPUTED_VALUE"""),45581.486162685185) -> 45581.486 | H8: =IFERROR(__xludf.DUMMYFUNCTION("""COMPUTED_VALUE"""),"Aprill (SU)") -> Aprill (SU) | I8: =IFERROR(__xludf.DUMMYFUNCTION("""COMPUTED_VALUE"""),"SELESAI") -> SELESAI | J8: =IFERROR(__xludf.DUMMYFUNCTION("""COMPUTED_VALUE"""),45581.48314606481) -> 45581.483 | K8: =IFERROR(__xludf.DUMMYFUNCTION("""COMPUTED_VALUE"""),"SELESAI") -> SELESAI | L8: =IFERROR(__xludf.DUMMYFUNCTION("""COMPUTED_VALUE"""),45581.48314606481) -> 45581.483 | M8: =IFERROR(__xludf.DUMMYFUNCTION("""COMPUTED_VALUE"""),45581.483226701384) -> 45581.483 | N8: =IFERROR(__xludf.DUMMYFUNCTION("""COMPUTED_VALUE"""),"") | O8: =IF(N8="","",O7+1)
B9: =IFERROR(__xludf.DUMMYFUNCTION("""COMPUTED_VALUE"""),4.0) -> 4 | C9: =IFERROR(__xludf.DUMMYFUNCTION("""COMPUTED_VALUE"""),"HM 4010/TANJUNG SENANG") -> HM 4010/TANJUNG SENANG | D9: =IFERROR(__xludf.DUMMYFUNCTION("""COMPUTED_VALUE"""),"L/43/151024/1") -> L/43/151024/1 | E9: =IFERROR(__xludf.DUMMYFUNCTION("""COMPUTED_VALUE"""),"Afriza (BT)") -> Afriza (BT) | F9: =IFERROR(__xludf.DUMMYFUNCTION("""COMPUTED_VALUE"""),"SELESAI") -> SELESAI | G9: =IFERROR(__xludf.DUMMYFUNCTION("""COMPUTED_VALUE"""),45581.58696482639) -> 45581.587 | H9: =IFERROR(__xludf.DUMMYFUNCTION("""COMPUTED_VALUE"""),"Bu Eva (SU)") -> Bu Eva (SU) | I9: =IFERROR(__xludf.DUMMYFUNCTION("""COMPUTED_VALUE"""),"SELESAI") -> SELESAI | J9: =IFERROR(__xludf.DUMMYFUNCTION("""COMPUTED_VALUE"""),45582.61317506945) -> 45582.613 | K9: =IFERROR(__xludf.DUMMYFUNCTION("""COMPUTED_VALUE"""),"SELESAI") -> SELESAI | L9: =IFERROR(__xludf.DUMMYFUNCTION("""COMPUTED_VALUE"""),45582.61317506945) -> 45582.613 | M9: =IFERROR(__xludf.DUMMYFUNCTION("""COMPUTED_VALUE"""),"") | N9: =IFERROR(__xludf.DUMMYFUNCTION("""COMPUTED_VALUE"""),45582.61317506945) -> 45582.613 | O9: =IF(N9="","",O8+1) -> 1
B10: =IFERROR(__xludf.DUMMYFUNCTION("""COMPUTED_VALUE"""),5.0) -> 5 | C10: =IFERROR(__xludf.DUMMYFUNCTION("""COMPUTED_VALUE"""),"M. 2589/ Kota Baru") -> M. 2589/ Kota Baru | D10: =IFERROR(__xludf.DUMMYFUNCTION("""COMPUTED_VALUE"""),"K/42/151024/3") -> K/42/151024/3 | E10: =IFERROR(__xludf.DUMMYFUNCTION("""COMPUTED_VALUE"""),"Afriza (BT)") -> Afriza (BT) | F10: =IFERROR(__xludf.DUMMYFUNCTION("""COMPUTED_VALUE"""),"SELESAI") -> SELESAI | G10: =IFERROR(__xludf.DUMMYFUNCTION("""COMPUTED_VALUE"""),45581.58894203704) -> 45581.589 | H10: =IFERROR(__xludf.DUMMYFUNCTION("""COMPUTED_VALUE"""),"Bu Eva (SU)") -> Bu Eva (SU) | I10: =IFERROR(__xludf.DUMMYFUNCTION("""COMPUTED_VALUE"""),"SELESAI") -> SELESAI | J10: =IFERROR(__xludf.DUMMYFUNCTION("""COMPUTED_VALUE"""),45582.61317506945) -> 45582.613 | K10: =IFERROR(__xludf.DUMMYFUNCTION("""COMPUTED_VALUE"""),"SELESAI") -> SELESAI | L10: =IFERROR(__xludf.DUMMYFUNCTION("""COMPUTED_VALUE"""),45582.61317506945) -> 45582.613 | M10: =IFERROR(__xludf.DUMMYFUNCTION("""COMPUTED_VALUE"""),"") | N10: =IFERROR(__xludf.DUMMYFUNCTION("""COMPUTED_VALUE"""),45582.61317506945) -> 45582.613 | O10: =IF(N10="","",O9+1) -> 2
B11: =IFERROR(__xludf.DUMMYFUNCTION("""COMPUTED_VALUE"""),6.0) -> 6 | C11: =IFERROR(__xludf.DUMMYFUNCTION("""COMPUTED_VALUE"""),"HM 401/KALI BALAU KENCANA") -> HM 401/KALI BALAU KENCANA | D11: =IFERROR(__xludf.DUMMYFUNCTION("""COMPUTED_VALUE"""),"L/26/151024/1") -> L/26/151024/1 | E11: =IFERROR(__xludf.DUMMYFUNCTION("""COMPUTED_VALUE"""),"Afriza (BT)") -> Afriza (BT) | F11: =IFERROR(__xludf.DUMMYFUNCTION("""COMPUTED_VALUE"""),"SELESAI") -> SELESAI | G11: =IFERROR(__xludf.DUMMYFUNCTION("""COMPUTED_VALUE"""),45581.624271574074) -> 45581.624 | H11: =IFERROR(__xludf.DUMMYFUNCTION("""COMPUTED_VALUE"""),"Bu Eva (SU)") -> Bu Eva (SU) | I11: =IFERROR(__xludf.DUMMYFUNCTION("""COMPUTED_VALUE"""),"SELESAI") -> SELESAI | J11: =IFERROR(__xludf.DUMMYFUNCTION("""COMPUTED_VALUE"""),45594.40356861112) -> 45594.404 | K11: =IFERROR(__xludf.DUMMYFUNCTION("""COMPUTED_VALUE"""),"SELESAI") -> SELESAI | L11: =IFERROR(__xludf.DUMMYFUNCTION("""COMPUTED_VALUE"""),45594.40356861112) -> 45594.404 | M11: =IFERROR(__xludf.DUMMYFUNCTION("""COMPUTED_VALUE"""),"") | N11: =IFERROR(__xludf.DUMMYFUNCTION("""COMPUTED_VALUE"""),"") | O11: =IF(N11="","",O10+1)
B12: =IFERROR(__xludf.DUMMYFUNCTION("""COMPUTED_VALUE"""),7.0) -> 7 | C12: =IFERROR(__xludf.DUMMYFUNCTION("""COMPUTED_VALUE"""),"M. 11294/ Labuhan Ratu") -> M. 11294/ Labuhan Ratu | D12: =IFERROR(__xludf.DUMMYFUNCTION("""COMPUTED_VALUE"""),"K/41/151024/2") -> K/41/151024/2 | E12: =IFERROR(__xludf.DUMMYFUNCTION("""COMPUTED_VALUE"""),"Nadian (BT)") -> Nadian (BT) | F12: =IFERROR(__xludf.DUMMYFUNCTION("""COMPUTED_VALUE"""),"SELESAI") -> SELESAI | G12: =IFERROR(__xludf.DUMMYFUNCTION("""COMPUTED_VALUE"""),45581.64831726852) -> 45581.648 | H12: =IFERROR(__xludf.DUMMYFUNCTION("""COMPUTED_VALUE"""),"Bu Eva (SU)") -> Bu Eva (SU) | I12: =IFERROR(__xludf.DUMMYFUNCTION("""COMPUTED_VALUE"""),"SELESAI") -> SELESAI | J12: =IFERROR(__xludf.DUMMYFUNCTION("""COMPUTED_VALUE"""),45582.61377324074) -> 45582.614 | K12: =IFERROR(__xludf.DUMMYFUNCTION("""COMPUTED_VALUE"""),"SELESAI") -> SELESAI | L12: =IFERROR(__xludf.DUMMYFUNCTION("""COMPUTED_VALUE"""),45582.61377324074) -> 45582.614 | M12: =IFERROR(__xludf.DUMMYFUNCTION("""COMPUTED_VALUE"""),"") | N12: =IFERROR(__xludf.DUMMYFUNCTION("""COMPUTED_VALUE"""),45582.61379209491) -> 45582.614 | O12: =IF(N12="","",O11+1) -> 1
B13: =IFERROR(__xludf.DUMMYFUNCTION("""COMPUTED_VALUE"""),8.0) -> 8 | C13: =IFERROR(__xludf.DUMMYFUNCTION("""COMPUTED_VALUE"""),"M. 288/ Kaliawi") -> M. 288/ Kaliawi | D13: =IFERROR(__xludf.DUMMYFUNCTION("""COMPUTED_VALUE"""),"K/12/151024/2") -> K/12/151024/2 | E13: =IFERROR(__xludf.DUMMYFUNCTION("""COMPUTED_VALUE"""),"Afriza (BT)") -> Afriza (BT) | F13: =IFERROR(__xludf.DUMMYFUNCTION("""COMPUTED_VALUE"""),"SELESAI") -> SELESAI | G13: =IFERROR(__xludf.DUMMYFUNCTION("""COMPUTED_VALUE"""),45582.48802722222) -> 45582.488 | H13: =IFERROR(__xludf.DUMMYFUNCTION("""COMPUTED_VALUE"""),"Bu Eva (SU)") -> Bu Eva (SU) | I13: =IFERROR(__xludf.DUMMYFUNCTION("""COMPUTED_VALUE"""),"SELESAI") -> SELESAI | J13: =IFERROR(__xludf.DUMMYFUNCTION("""COMPUTED_VALUE"""),45587.66803207176) -> 45587.668 | K13: =IFERROR(__xludf.DUMMYFUNCTION("""COMPUTED_VALUE"""),"SELESAI") -> SELESAI | L13: =IFERROR(__xludf.DUMMYFUNCTION("""COMPUTED_VALUE"""),45587.66803207176) -> 45587.668 | M13: =IFERROR(__xludf.DUMMYFUNCTION("""COMPUTED_VALUE"""),"") | N13: =IFERROR(__xludf.DUMMYFUNCTION("""COMPUTED_VALUE"""),45587.66803207176) -> 45587.668 | O13: =IF(N13="","",O12+1) -> 2
B14: =IFERROR(__xludf.DUMMYFUNCTION("""COMPUTED_VALUE"""),9.0) -> 9 | C14: =IFERROR(__xludf.DUMMYFUNCTION("""COMPUTED_VALUE"""),"M. 1186/ Enggal") -> M. 1186/ Enggal | D14: =IFERROR(__xludf.DUMMYFUNCTION("""COMPUTED_VALUE"""),"K/13/161024/1") -> K/13/161024/1 | E14: =IFERROR(__xludf.DUMMYFUNCTION("""COMPUTED_VALUE"""),"Nadian (BT)") -> Nadian (BT) | F14: =IFERROR(__xludf.DUMMYFUNCTION("""COMPUTED_VALUE"""),"SELESAI") -> SELESAI | G14: =IFERROR(__xludf.DUMMYFUNCTION("""COMPUTED_VALUE"""),45582.617769351855) -> 45582.618 | H14: =IFERROR(__xludf.DUMMYFUNCTION("""COMPUTED_VALUE"""),"Bu Eva (SU)") -> Bu Eva (SU) | I14: =IFERROR(__xludf.DUMMYFUNCTION("""COMPUTED_VALUE"""),"SELESAI") -> SELESAI | J14: =IFERROR(__xludf.DUMMYFUNCTION("""COMPUTED_VALUE"""),45583.71007164352) -> 45583.71 | K14: =IFERROR(__xludf.DUMMYFUNCTION("""COMPUTED_VALUE"""),"SELESAI") -> SELESAI | L14: =IFERROR(__xludf.DUMMYFUNCTION("""COMPUTED_VALUE"""),45583.71007164352) -> 45583.71 | M14: =IFERROR(__xludf.DUMMYFUNCTION("""COMPUTED_VALUE"""),"") | N14: =IFERROR(__xludf.DUMMYFUNCTION("""COMPUTED_VALUE"""),45583.7101121875) -> 45583.71 | O14: =IF(N14="","",O13+1) -> 3
B15: =IFERROR(__xludf.DUMMYFUNCTION("""COMPUTED_VALUE"""),10.0) -> 10 | C15: =IFERROR(__xludf.DUMMYFUNCTION("""COMPUTED_VALUE"""),"M.1095/NOG") -> M.1095/NOG | D15: =IFERROR(__xludf.DUMMYFUNCTION("""COMPUTED_VALUE"""),"L/16/161024/1") -> L/16/161024/1 | E15: =IFERROR(__xludf.DUMMYFUNCTION("""COMPUTED_VALUE"""),"Nadian (BT)") -> Nadian (BT) | F15: =IFERROR(__xludf.DUMMYFUNCTION("""COMPUTED_VALUE"""),"SELESAI") -> SELESAI | G15: =IFERROR(__xludf.DUMMYFUNCTION("""COMPUTED_VALUE"""),45582.61887318287) -> 45582.619 | H15: =IFERROR(__xludf.DUMMYFUNCTION("""COMPUTED_VALUE"""),"Bu Eva (SU)") -> Bu Eva (SU) | I15: =IFERROR(__xludf.DUMMYFUNCTION("""COMPUTED_VALUE"""),"SELESAI") -> SELESAI | J15: =IFERROR(__xludf.DUMMYFUNCTION("""COMPUTED_VALUE"""),45583.7103685301) -> 45583.71 | K15: =IFERROR(__xludf.DUMMYFUNCTION("""COMPUTED_VALUE"""),"SELESAI") -> SELESAI | L15: =IFERROR(__xludf.DUMMYFUNCTION("""COMPUTED_VALUE"""),45583.7103685301) -> 45583.71 | M15: =IFERROR(__xludf.DUMMYFUNCTION("""COMPUTED_VALUE"""),"") | N15: =IFERROR(__xludf.DUMMYFUNCTION("""COMPUTED_VALUE"""),"") | O15: =IF(N15="","",O14+1)
B16: =IFERROR(__xludf.DUMMYFUNCTION("""COMPUTED_VALUE"""),11.0) -> 11 | C16: =IFERROR(__xludf.DUMMYFUNCTION("""COMPUTED_VALUE"""),"M.13036/SUKABUMI") -> M.13036/SUKABUMI | D16: =IFERROR(__xludf.DUMMYFUNCTION("""COMPUTED_VALUE"""),"L/6/171024/1") -> L/6/171024/1 | E16: =IFERROR(__xludf.DUMMYFUNCTION("""COMPUTED_VALUE"""),"Nadian (BT)") -> Nadian (BT) | F16: =IFERROR(__xludf.DUMMYFUNCTION("""COMPUTED_VALUE"""),"SELESAI") -> SELESAI | G16: =IFERROR(__xludf.DUMMYFUNCTION("""COMPUTED_VALUE"""),45582.689037777775) -> 45582.689 | H16: =IFERROR(__xludf.DUMMYFUNCTION("""COMPUTED_VALUE"""),"Bu Eva (SU)") -> Bu Eva (SU) | I16: =IFERROR(__xludf.DUMMYFUNCTION("""COMPUTED_VALUE"""),"SELESAI") -> SELESAI | J16: =IFERROR(__xludf.DUMMYFUNCTION("""COMPUTED_VALUE"""),45583.7100703125) -> 45583.71 | K16: =IFERROR(__xludf.DUMMYFUNCTION("""COMPUTED_VALUE"""),"SELESAI") -> SELESAI | L16: =IFERROR(__xludf.DUMMYFUNCTION("""COMPUTED_VALUE"""),45583.7100703125) -> 45583.71 | M16: =IFERROR(__xludf.DUMMYFUNCTION("""COMPUTED_VALUE"""),"") | N16: =IFERROR(__xludf.DUMMYFUNCTION("""COMPUTED_VALUE"""),45583.7100703125) -> 45583.71 | O16: =IF(N16="","",O15+1) -> 1
B17: =IFERROR(__xludf.DUMMYFUNCTION("""COMPUTED_VALUE"""),12.0) -> 12 | C17: =IFERROR(__xludf.DUMMYFUNCTION("""COMPUTED_VALUE"""),"HGB 416/WAY KANDIS") -> HGB 416/WAY KANDIS | D17: =IFERROR(__xludf.DUMMYFUNCTION("""COMPUTED_VALUE"""),"L/11/171024/1") -> L/11/171024/1 | E17: =IFERROR(__xludf.DUMMYFUNCTION("""COMPUTED_VALUE"""),"Nadian (BT)") -> Nadian (BT) | F17: =IFERROR(__xludf.DUMMYFUNCTION("""COMPUTED_VALUE"""),"SELESAI") -> SELESAI | G17: =IFERROR(__xludf.DUMMYFUNCTION("""COMPUTED_VALUE"""),45582.68917092592) -> 45582.689 | H17: =IFERROR(__xludf.DUMMYFUNCTION("""COMPUTED_VALUE"""),"Bu Eva (SU)") -> Bu Eva (SU) | I17: =IFERROR(__xludf.DUMMYFUNCTION("""COMPUTED_VALUE"""),"SELESAI") -> SELESAI | J17: =IFERROR(__xludf.DUMMYFUNCTION("""COMPUTED_VALUE"""),45583.7100703125) -> 45583.71 | K17: =IFERROR(__xludf.DUMMYFUNCTION("""COMPUTED_VALUE"""),"SELESAI") -> SELESAI | L17: =IFERROR(__xludf.DUMMYFUNCTION("""COMPUTED_VALUE"""),45583.7100703125) -> 45583.71 | M17: =IFERROR(__xludf.DUMMYFUNCTION("""COMPUTED_VALUE"""),"") | N17: =IFERROR(__xludf.DUMMYFUNCTION("""COMPUTED_VALUE"""),45583.7100703125) -> 45583.71 | O17: =IF(N17="","",O16+1) -> 2
B18: =IFERROR(__xludf.DUMMYFUNCTION("""COMPUTED_VALUE"""),13.0) -> 13 | C18: =IFERROR(__xludf.DUMMYFUNCTION("""COMPUTED_VALUE"""),"M. 2465/ Pinang jaya") -> M. 2465/ Pinang jaya | D18: =IFERROR(__xludf.DUMMYFUNCTION("""COMPUTED_VALUE"""),"K/14/171024/5") -> K/14/171024/5 | E18: =IFERROR(__xludf.DUMMYFUNCTION("""COMPUTED_VALUE"""),"Nadian (BT)") -> Nadian (BT) | F18: =IFERROR(__xludf.DUMMYFUNCTION("""COMPUTED_VALUE"""),"SELESAI") -> SELESAI | G18: =IFERROR(__xludf.DUMMYFUNCTION("""COMPUTED_VALUE"""),45582.68930762731) -> 45582.689 | H18: =IFERROR(__xludf.DUMMYFUNCTION("""COMPUTED_VALUE"""),"Bu Eva (SU)") -> Bu Eva (SU) | I18: =IFERROR(__xludf.DUMMYFUNCTION("""COMPUTED_VALUE"""),"SELESAI") -> SELESAI | J18: =IFERROR(__xludf.DUMMYFUNCTION("""COMPUTED_VALUE"""),45594.40396957176) -> 45594.404 | K18: =IFERROR(__xludf.DUMMYFUNCTION("""COMPUTED_VALUE"""),"SELESAI") -> SELESAI | L18: =IFERROR(__xludf.DUMMYFUNCTION("""COMPUTED_VALUE"""),45594.40396957176) -> 45594.404 | M18: =IFERROR(__xludf.DUMMYFUNCTION("""COMPUTED_VALUE"""),"") | N18: =IFERROR(__xludf.DUMMYFUNCTION("""COMPUTED_VALUE"""),"") | O18: =IF(N18="","",O17+1)
B19: =IFERROR(__xludf.DUMMYFUNCTION("""COMPUTED_VALUE"""),14.0) -> 14 | C19: =IFERROR(__xludf.DUMMYFUNCTION("""COMPUTED_VALUE"""),"M.1552/PESAWAHAN") -> M.1552/PESAWAHAN | D19: =IFERROR(__xludf.DUMMYFUNCTION("""COMPUTED_VALUE"""),"K/34/181024/2") -> K/34/181024/2 | E19: =IFERROR(__xludf.DUMMYFUNCTION("""COMPUTED_VALUE"""),"Afriza (BT)") -> Afriza (BT) | F19: =IFERROR(__xludf.DUMMYFUNCTION("""COMPUTED_VALUE"""),"SELESAI") -> SELESAI | G19: =IFERROR(__xludf.DUMMYFUNCTION("""COMPUTED_VALUE"""),45586.59689925926) -> 45586.597 | H19: =IFERROR(__xludf.DUMMYFUNCTION("""COMPUTED_VALUE"""),"Bu Eva (SU)") -> Bu Eva (SU) | I19: =IFERROR(__xludf.DUMMYFUNCTION("""COMPUTED_VALUE"""),"SELESAI") -> SELESAI | J19: =IFERROR(__xludf.DUMMYFUNCTION("""COMPUTED_VALUE"""),45587.691420138886) -> 45587.691 | K19: =IFERROR(__xludf.DUMMYFUNCTION("""COMPUTED_VALUE"""),"SELESAI") -> SELESAI | L19: =IFERROR(__xludf.DUMMYFUNCTION("""COMPUTED_VALUE"""),45587.691420138886) -> 45587.691 | M19: =IFERROR(__xludf.DUMMYFUNCTION("""COMPUTED_VALUE"""),"") | N19: =IFERROR(__xludf.DUMMYFUNCTION("""COMPUTED_VALUE"""),45587.69146971065) -> 45587.691 | O19: =IF(N19="","",O18+1) -> 1
B20: =IFERROR(__xludf.DUMMYFUNCTION("""COMPUTED_VALUE"""),15.0) -> 15 | C20: =IFERROR(__xludf.DUMMYFUNCTION("""COMPUTED_VALUE"""),"B. 653; 654/ Pesawahan dan SHT 1213/2008 dan SHT 3013/2006") -> B. 653; 654/ Pesawahan dan SHT 1213/2008 dan SHT 3013/2006 | D20: =IFERROR(__xludf.DUMMYFUNCTION("""COMPUTED_VALUE"""),"K/6/181024/1") -> K/6/181024/1 | E20: =IFERROR(__xludf.DUMMYFUNCTION("""COMPUTED_VALUE"""),"Afriza (BT)") -> Afriza (BT) | F20: =IFERROR(__xludf.DUMMYFUNCTION("""COMPUTED_VALUE"""),"SELESAI") -> SELESAI | G20: =IFERROR(__xludf.DUMMYFUNCTION("""COMPUTED_VALUE"""),45586.60736440972) -> 45586.607 | H20: =IFERROR(__xludf.DUMMYFUNCTION("""COMPUTED_VALUE"""),"Bu Eva (SU)") -> Bu Eva (SU) | I20: =IFERROR(__xludf.DUMMYFUNCTION("""COMPUTED_VALUE"""),"SELESAI") -> SELESAI | J20: =IFERROR(__xludf.DUMMYFUNCTION("""COMPUTED_VALUE"""),45587.69120581019) -> 45587.691 | K20: =IFERROR(__xludf.DUMMYFUNCTION("""COMPUTED_VALUE"""),"SELESAI") -> SELESAI | L20: =IFERROR(__xludf.DUMMYFUNCTION("""COMPUTED_VALUE"""),45587.69120581019) -> 45587.691 | M20: =IFERROR(__xludf.DUMMYFUNCTION("""COMPUTED_VALUE"""),"") | N20: =IFERROR(__xludf.DUMMYFUNCTION("""COMPUTED_VALUE"""),45587.691239884254) -> 45587.691 | O20: =IF(N20="","",O19+1) -> 2
B21: =IFERROR(__xludf.DUMMYFUNCTION("""COMPUTED_VALUE"""),16.0) -> 16 | C21: =IFERROR(__xludf.DUMMYFUNCTION("""COMPUTED_VALUE"""),"HM 1375/TANJUNG SENENG") -> HM 1375/TANJUNG SENENG | D21: =IFERROR(__xludf.DUMMYFUNCTION("""COMPUTED_VALUE"""),"L/40/171024/1") -> L/40/171024/1 | E21: =IFERROR(__xludf.DUMMYFUNCTION("""COMPUTED_VALUE"""),"Nadian (BT)") -> Nadian (BT) | F21: =IFERROR(__xludf.DUMMYFUNCTION("""COMPUTED_VALUE"""),"SELESAI") -> SELESAI | G21: =IFERROR(__xludf.DUMMYFUNCTION("""COMPUTED_VALUE"""),45586.63063859954) -> 45586.631 | H21: =IFERROR(__xludf.DUMMYFUNCTION("""COMPUTED_VALUE"""),"Bu Eva (SU)") -> Bu Eva (SU) | I21: =IFERROR(__xludf.DUMMYFUNCTION("""COMPUTED_VALUE"""),"SELESAI") -> SELESAI | J21: =IFERROR(__xludf.DUMMYFUNCTION("""COMPUTED_VALUE"""),45587.66803209491) -> 45587.668 | K21: =IFERROR(__xludf.DUMMYFUNCTION("""COMPUTED_VALUE"""),"SELESAI") -> SELESAI | L21: =IFERROR(__xludf.DUMMYFUNCTION("""COMPUTED_VALUE"""),45587.66803209491) -> 45587.668 | M21: =IFERROR(__xludf.DUMMYFUNCTION("""COMPUTED_VALUE"""),"") | N21: =IFERROR(__xludf.DUMMYFUNCTION("""COMPUTED_VALUE"""),45587.66803209491) -> 45587.668 | O21: =IF(N21="","",O20+1) -> 3
B22: =IFERROR(__xludf.DUMMYFUNCTION("""COMPUTED_VALUE"""),17.0) -> 17 | C22: =IFERROR(__xludf.DUMMYFUNCTION("""COMPUTED_VALUE"""),"HM 16138/SUKARAME I") -> HM 16138/SUKARAME I | D22: =IFERROR(__xludf.DUMMYFUNCTION("""COMPUTED_VALUE"""),"L/44/171024/1") -> L/44/171024/1 | E22: =IFERROR(__xludf.DUMMYFUNCTION("""COMPUTED_VALUE"""),"Nadian (BT)") -> Nadian (BT) | F22: =IFERROR(__xludf.DUMMYFUNCTION("""COMPUTED_VALUE"""),"SELESAI") -> SELESAI | G22: =IFERROR(__xludf.DUMMYFUNCTION("""COMPUTED_VALUE"""),45586.63057144676) -> 45586.631 | H22: =IFERROR(__xludf.DUMMYFUNCTION("""COMPUTED_VALUE"""),"Bu Eva (SU)") -> Bu Eva (SU) | I22: =IFERROR(__xludf.DUMMYFUNCTION("""COMPUTED_VALUE"""),"SELESAI") -> SELESAI | J22: =IFERROR(__xludf.DUMMYFUNCTION("""COMPUTED_VALUE"""),45587.66803209491) -> 45587.668 | K22: =IFERROR(__xludf.DUMMYFUNCTION("""COMPUTED_VALUE"""),"SELESAI") -> SELESAI | L22: =IFERROR(__xludf.DUMMYFUNCTION("""COMPUTED_VALUE"""),45587.66803209491) -> 45587.668 | M22: =IFERROR(__xludf.DUMMYFUNCTION("""COMPUTED_VALUE"""),"") | N22: =IFERROR(__xludf.DUMMYFUNCTION("""COMPUTED_VALUE"""),45587.66803209491) -> 45587.668 | O22: =IF(N22="","",O21+1) -> 4
B23: =IFERROR(__xludf.DUMMYFUNCTION("""COMPUTED_VALUE"""),18.0) -> 18 | C23: =IFERROR(__xludf.DUMMYFUNCTION("""COMPUTED_VALUE"""),"M. 377/ ENGGAL") -> M. 377/ ENGGAL | D23: =IFERROR(__xludf.DUMMYFUNCTION("""COMPUTED_VALUE"""),"K/56/171024/1") -> K/56/171024/1 | E23: =IFERROR(__xludf.DUMMYFUNCTION("""COMPUTED_VALUE"""),"Nadian (BT)") -> Nadian (BT) | F23: =IFERROR(__xludf.DUMMYFUNCTION("""COMPUTED_VALUE"""),"SELESAI") -> SELESAI | G23: =IFERROR(__xludf.DUMMYFUNCTION("""COMPUTED_VALUE"""),45586.630507650465) -> 45586.631 | H23: =IFERROR(__xludf.DUMMYFUNCTION("""COMPUTED_VALUE"""),"Bu Eva (SU)") -> Bu Eva (SU) | I23: =IFERROR(__xludf.DUMMYFUNCTION("""COMPUTED_VALUE"""),"SELESAI") -> SELESAI | J23: =IFERROR(__xludf.DUMMYFUNCTION("""COMPUTED_VALUE"""),45587.66803209491) -> 45587.668 | K23: =IFERROR(__xludf.DUMMYFUNCTION("""COMPUTED_VALUE"""),"SELESAI") -> SELESAI | L23: =IFERROR(__xludf.DUMMYFUNCTION("""COMPUTED_VALUE"""),45587.66803209491) -> 45587.668 | M23: =IFERROR(__xludf.DUMMYFUNCTION("""COMPUTED_VALUE"""),"") | N23: =IFERROR(__xludf.DUMMYFUNCTION("""COMPUTED_VALUE"""),45587.66803210648) -> 45587.668 | O23: =IF(N23="","",O22+1) -> 5
B24: =IFERROR(__xludf.DUMMYFUNCTION("""COMPUTED_VALUE"""),19.0) -> 19 | C24: =IFERROR(__xludf.DUMMYFUNCTION("""COMPUTED_VALUE"""),"B. 649/ Sumber Agung") -> B. 649/ Sumber Agung | D24: =IFERROR(__xludf.DUMMYFUNCTION("""COMPUTED_VALUE"""),"K/42/171024/1") -> K/42/171024/1 | E24: =IFERROR(__xludf.DUMMYFUNCTION("""COMPUTED_VALUE"""),"Nadian (BT)") -> Nadian (BT) | F24: =IFERROR(__xludf.DUMMYFUNCTION("""COMPUTED_VALUE"""),"SELESAI") -> SELESAI | G24: =IFERROR(__xludf.DUMMYFUNCTION("""COMPUTED_VALUE"""),45586.63040666666) -> 45586.63 | H24: =IFERROR(__xludf.DUMMYFUNCTION("""COMPUTED_VALUE"""),"Bu Eva (SU)") -> Bu Eva (SU) | I24: =IFERROR(__xludf.DUMMYFUNCTION("""COMPUTED_VALUE"""),"SELESAI") -> SELESAI | J24: =IFERROR(__xludf.DUMMYFUNCTION("""COMPUTED_VALUE"""),45587.66803210648) -> 45587.668 | K24: =IFERROR(__xludf.DUMMYFUNCTION("""COMPUTED_VALUE"""),"SELESAI") -> SELESAI | L24: =IFERROR(__xludf.DUMMYFUNCTION("""COMPUTED_VALUE"""),45587.66803210648) -> 45587.668 | M24: =IFERROR(__xludf.DUMMYFUNCTION("""COMPUTED_VALUE"""),"") | N24: =IFERROR(__xludf.DUMMYFUNCTION("""COMPUTED_VALUE"""),45587.66803210648) -> 45587.668 | O24: =IF(N24="","",O23+1) -> 6
B25: =IFERROR(__xludf.DUMMYFUNCTION("""COMPUTED_VALUE"""),20.0) -> 20 | C25: =IFERROR(__xludf.DUMMYFUNCTION("""COMPUTED_VALUE"""),"HM 296/RAJABASA RAYA") -> HM 296/RAJABASA RAYA | D25: =IFERROR(__xludf.DUMMYFUNCTION("""COMPUTED_VALUE"""),"L/35/171024/1") -> L/35/171024/1 | E25: =IFERROR(__xludf.DUMMYFUNCTION("""COMPUTED_VALUE"""),"Nadian (BT)") -> Nadian (BT) | F25: =IFERROR(__xludf.DUMMYFUNCTION("""COMPUTED_VALUE"""),"SELESAI") -> SELESAI | G25: =IFERROR(__xludf.DUMMYFUNCTION("""COMPUTED_VALUE"""),45586.6303046875) -> 45586.63 | H25: =IFERROR(__xludf.DUMMYFUNCTION("""COMPUTED_VALUE"""),"Bu Eva (SU)") -> Bu Eva (SU) | I25: =IFERROR(__xludf.DUMMYFUNCTION("""COMPUTED_VALUE"""),"SELESAI") -> SELESAI | J25: =IFERROR(__xludf.DUMMYFUNCTION("""COMPUTED_VALUE"""),45587.66803210648) -> 45587.668 | K25: =IFERROR(__xludf.DUMMYFUNCTION("""COMPUTED_VALUE"""),"SELESAI") -> SELESAI | L25: =IFERROR(__xludf.DUMMYFUNCTION("""COMPUTED_VALUE"""),45587.66803210648) -> 45587.668 | M25: =IFERROR(__xludf.DUMMYFUNCTION("""COMPUTED_VALUE"""),"") | N25: =IFERROR(__xludf.DUMMYFUNCTION("""COMPUTED_VALUE"""),45587.66803210648) -> 45587.668 | O25: =IF(N25="","",O24+1) -> 7
B26: =IFERROR(__xludf.DUMMYFUNCTION("""COMPUTED_VALUE"""),21.0) -> 21 | C26: =IFERROR(__xludf.DUMMYFUNCTION("""COMPUTED_VALUE"""),"M.13833/RAJABASA") -> M.13833/RAJABASA | D26: =IFERROR(__xludf.DUMMYFUNCTION("""COMPUTED_VALUE"""),"L/57/181024/1") -> L/57/181024/1 | E26: =IFERROR(__xludf.DUMMYFUNCTION("""COMPUTED_VALUE"""),"Afriza (BT)") -> Afriza (BT) | F26: =IFERROR(__xludf.DUMMYFUNCTION("""COMPUTED_VALUE"""),"SELESAI") -> SELESAI | G26: =IFERROR(__xludf.DUMMYFUNCTION("""COMPUTED_VALUE"""),45587.48331087963) -> 45587.483 | H26: =IFERROR(__xludf.DUMMYFUNCTION("""COMPUTED_VALUE"""),"Bu Eva (SU)") -> Bu Eva (SU) | I26: =IFERROR(__xludf.DUMMYFUNCTION("""COMPUTED_VALUE"""),"SELESAI") -> SELESAI | J26: =IFERROR(__xludf.DUMMYFUNCTION("""COMPUTED_VALUE"""),45587.69071259259) -> 45587.691 | K26: =IFERROR(__xludf.DUMMYFUNCTION("""COMPUTED_VALUE"""),"SELESAI") -> SELESAI | L26: =IFERROR(__xludf.DUMMYFUNCTION("""COMPUTED_VALUE"""),45587.69071259259) -> 45587.691 | M26: =IFERROR(__xludf.DUMMYFUNCTION("""COMPUTED_VALUE"""),"") | N26: =IFERROR(__xludf.DUMMYFUNCTION("""COMPUTED_VALUE"""),45587.69077752315) -> 45587.691 | O26: =IF(N26="","",O25+1) -> 8
B27: =IFERROR(__xludf.DUMMYFUNCTION("""COMPUTED_VALUE"""),22.0) -> 22 | C27: =IFERROR(__xludf.DUMMYFUNCTION("""COMPUTED_VALUE"""),"M.598/GUNUNG TERANG") -> M.598/GUNUNG TERANG | D27: =IFERROR(__xludf.DUMMYFUNCTION("""COMPUTED_VALUE"""),"K/46/181024/2") -> K/46/181024/2 | E27: =IFERROR(__xludf.DUMMYFUNCTION("""COMPUTED_VALUE"""),"Afriza (BT)") -> Afriza (BT) | F27: =IFERROR(__xludf.DUMMYFUNCTION("""COMPUTED_VALUE"""),"SELESAI") -> SELESAI | G27: =IFERROR(__xludf.DUMMYFUNCTION("""COMPUTED_VALUE"""),45587.66803210648) -> 45587.668 | H27: =IFERROR(__xludf.DUMMYFUNCTION("""COMPUTED_VALUE"""),"Aprill (SU)") -> Aprill (SU) | I27: =IFERROR(__xludf.DUMMYFUNCTION("""COMPUTED_VALUE"""),"SELESAI") -> SELESAI | J27: =IFERROR(__xludf.DUMMYFUNCTION("""COMPUTED_VALUE"""),45588.39084087963) -> 45588.391 | K27: =IFERROR(__xludf.DUMMYFUNCTION("""COMPUTED_VALUE"""),"SELESAI") -> SELESAI | L27: =IFERROR(__xludf.DUMMYFUNCTION("""COMPUTED_VALUE"""),45588.39084087963) -> 45588.391 | M27: =IFERROR(__xludf.DUMMYFUNCTION("""COMPUTED_VALUE"""),"") | N27: =IFERROR(__xludf.DUMMYFUNCTION("""COMPUTED_VALUE"""),45588.39087440972) -> 45588.391 | O27: =IF(N27="","",O26+1) -> 9
B28: =IFERROR(__xludf.DUMMYFUNCTION("""COMPUTED_VALUE"""),23.0) -> 23 | C28: =IFERROR(__xludf.DUMMYFUNCTION("""COMPUTED_VALUE"""),"M.2473/RAJABASA JAYA") -> M.2473/RAJABASA JAYA | D28: =IFERROR(__xludf.DUMMYFUNCTION("""COMPUTED_VALUE"""),"K/45/181024/1") -> K/45/181024/1 | E28: =IFERROR(__xludf.DUMMYFUNCTION("""COMPUTED_VALUE"""),"Afriza (BT)") -> Afriza (BT) | F28: =IFERROR(__xludf.DUMMYFUNCTION("""COMPUTED_VALUE"""),"SELESAI") -> SELESAI | G28: =IFERROR(__xludf.DUMMYFUNCTION("""COMPUTED_VALUE"""),45587.668032118054) -> 45587.668 | H28: =IFERROR(__xludf.DUMMYFUNCTION("""COMPUTED_VALUE"""),"Bu Eva (SU)") -> Bu Eva (SU) | I28: =IFERROR(__xludf.DUMMYFUNCTION("""COMPUTED_VALUE"""),"SELESAI") -> SELESAI | J28: =IFERROR(__xludf.DUMMYFUNCTION("""COMPUTED_VALUE"""),45587.68955173611) -> 45587.69 | K28: =IFERROR(__xludf.DUMMYFUNCTION("""COMPUTED_VALUE"""),"SELESAI") -> SELESAI | L28: =IFERROR(__xludf.DUMMYFUNCTION("""COMPUTED_VALUE"""),45587.68955173611) -> 45587.69 | M28: =IFERROR(__xludf.DUMMYFUNCTION("""COMPUTED_VALUE"""),"") | N28: =IFERROR(__xludf.DUMMYFUNCTION("""COMPUTED_VALUE"""),45587.689599108795) -> 45587.69 | O28: =IF(N28="","",O27+1) -> 10
B29: =IFERROR(__xludf.DUMMYFUNCTION("""COMPUTED_VALUE"""),24.0) -> 24 | C29: =IFERROR(__xludf.DUMMYFUNCTION("""COMPUTED_VALUE"""),"HM 180/PINANG JAYA") -> HM 180/PINANG JAYA | D29: =IFERROR(__xludf.DUMMYFUNCTION("""COMPUTED_VALUE"""),"L/33/211024/1") -> L/33/211024/1 | E29: =IFERROR(__xludf.DUMMYFUNCTION("""COMPUTED_VALUE"""),"Nadian (BT)") -> Nadian (BT) | F29: =IFERROR(__xludf.DUMMYFUNCTION("""COMPUTED_VALUE"""),"SELESAI") -> SELESAI | G29: =IFERROR(__xludf.DUMMYFUNCTION("""COMPUTED_VALUE"""),45587.689260520834) -> 45587.689 | H29: =IFERROR(__xludf.DUMMYFUNCTION("""COMPUTED_VALUE"""),"Bu Eva (SU)") -> Bu Eva (SU) | I29: =IFERROR(__xludf.DUMMYFUNCTION("""COMPUTED_VALUE"""),"SELESAI") -> SELESAI | J29: =IFERROR(__xludf.DUMMYFUNCTION("""COMPUTED_VALUE"""),45588.46065230324) -> 45588.461 | K29: =IFERROR(__xludf.DUMMYFUNCTION("""COMPUTED_VALUE"""),"SELESAI") -> SELESAI | L29: =IFERROR(__xludf.DUMMYFUNCTION("""COMPUTED_VALUE"""),45588.46065230324) -> 45588.461 | M29: =IFERROR(__xludf.DUMMYFUNCTION("""COMPUTED_VALUE"""),"") | N29: =IFERROR(__xludf.DUMMYFUNCTION("""COMPUTED_VALUE"""),45588.46068664352) -> 45588.461 | O29: =IF(N29="","",O28+1) -> 11
B30: =IFERROR(__xludf.DUMMYFUNCTION("""COMPUTED_VALUE"""),25.0) -> 25 | C30: =IFERROR(__xludf.DUMMYFUNCTION("""COMPUTED_VALUE"""),"HM 2414/KUPANG TEBA") -> HM 2414/KUPANG TEBA | D30: =IFERROR(__xludf.DUMMYFUNCTION("""COMPUTED_VALUE"""),"L/28/211024/1") -> L/28/211024/1 | E30: =IFERROR(__xludf.DUMMYFUNCTION("""COMPUTED_VALUE"""),"Nadian (BT)") -> Nadian (BT) | F30: =IFERROR(__xludf.DUMMYFUNCTION("""COMPUTED_VALUE"""),"SELESAI") -> SELESAI | G30: =IFERROR(__xludf.DUMMYFUNCTION("""COMPUTED_VALUE"""),45587.68946028935) -> 45587.689 | H30: =IFERROR(__xludf.DUMMYFUNCTION("""COMPUTED_VALUE"""),"Bu Eva (SU)") -> Bu Eva (SU) | I30: =IFERROR(__xludf.DUMMYFUNCTION("""COMPUTED_VALUE"""),"SELESAI") -> SELESAI | J30: =IFERROR(__xludf.DUMMYFUNCTION("""COMPUTED_VALUE"""),45588.46035569445) -> 45588.46 | K30: =IFERROR(__xludf.DUMMYFUNCTION("""COMPUTED_VALUE"""),"SELESAI") -> SELESAI | L30: =IFERROR(__xludf.DUMMYFUNCTION("""COMPUTED_VALUE"""),45588.46035569445) -> 45588.46 | M30: =IFERROR(__xludf.DUMMYFUNCTION("""COMPUTED_VALUE"""),"") | N30: =IFERROR(__xludf.DUMMYFUNCTION("""COMPUTED_VALUE"""),45588.46038564815) -> 45588.46 | O30: =IF(N30="","",O29+1) -> 12
B31: =IFERROR(__xludf.DUMMYFUNCTION("""COMPUTED_VALUE"""),26.0) -> 26 | C31: =IFERROR(__xludf.DUMMYFUNCTION("""COMPUTED_VALUE"""),"M. 467/ Sumur Putri") -> M. 467/ Sumur Putri | D31: =IFERROR(__xludf.DUMMYFUNCTION("""COMPUTED_VALUE"""),"K/16/211024/2") -> K/16/211024/2 | E31: =IFERROR(__xludf.DUMMYFUNCTION("""COMPUTED_VALUE"""),"Nadian (BT)") -> Nadian (BT) | F31: =IFERROR(__xludf.DUMMYFUNCTION("""COMPUTED_VALUE"""),"SELESAI") -> SELESAI | G31: =IFERROR(__xludf.DUMMYFUNCTION("""COMPUTED_VALUE"""),45587.689651215274) -> 45587.69 | H31: =IFERROR(__xludf.DUMMYFUNCTION("""COMPUTED_VALUE"""),"Aprill (SU)") -> Aprill (SU) | I31: =IFERROR(__xludf.DUMMYFUNCTION("""COMPUTED_VALUE"""),"SELESAI") -> SELESAI | J31: =IFERROR(__xludf.DUMMYFUNCTION("""COMPUTED_VALUE"""),45588.46004950232) -> 45588.46 | K31: =IFERROR(__xludf.DUMMYFUNCTION("""COMPUTED_VALUE"""),"SELESAI") -> SELESAI | L31: =IFERROR(__xludf.DUMMYFUNCTION("""COMPUTED_VALUE"""),45588.46004950232) -> 45588.46 | M31: =IFERROR(__xludf.DUMMYFUNCTION("""COMPUTED_VALUE"""),"") | N31: =IFERROR(__xludf.DUMMYFUNCTION("""COMPUTED_VALUE"""),45588.46010527777) -> 45588.46 | O31: =IF(N31="","",O30+1) -> 13
B32: =IFERROR(__xludf.DUMMYFUNCTION("""COMPUTED_VALUE"""),27.0) -> 27 | C32: =IFERROR(__xludf.DUMMYFUNCTION("""COMPUTED_VALUE"""),"M.2704/SUKARAME BARU-SEKARANG;B.986/SUKARAME -DAHULU") -> M.2704/SUKARAME BARU-SEKARANG;B.986/SUKARAME -DAHULU | D32: =IFERROR(__xludf.DUMMYFUNCTION("""COMPUTED_VALUE"""),"K/47/211024/1") -> K/47/211024/1 | E32: =IFERROR(__xludf.DUMMYFUNCTION("""COMPUTED_VALUE"""),"Nadian (BT)") -> Nadian (BT) | F32: =IFERROR(__xludf.DUMMYFUNCTION("""COMPUTED_VALUE"""),"SELESAI") -> SELESAI | G32: =IFERROR(__xludf.DUMMYFUNCTION("""COMPUTED_VALUE"""),45587.68979775463) -> 45587.69 | H32: =IFERROR(__xludf.DUMMYFUNCTION("""COMPUTED_VALUE"""),"Bu Eva (SU)") -> Bu Eva (SU) | I32: =IFERROR(__xludf.DUMMYFUNCTION("""COMPUTED_VALUE"""),"SELESAI") -> SELESAI | J32: =IFERROR(__xludf.DUMMYFUNCTION("""COMPUTED_VALUE"""),45588.46085725694) -> 45588.461 | K32: =IFERROR(__xludf.DUMMYFUNCTION("""COMPUTED_VALUE"""),"SELESAI") -> SELESAI | L32: =IFERROR(__xludf.DUMMYFUNCTION("""COMPUTED_VALUE"""),45588.46085725694) -> 45588.461 | M32: =IFERROR(__xludf.DUMMYFUNCTION("""COMPUTED_VALUE"""),"") | N32: =IFERROR(__xludf.DUMMYFUNCTION("""COMPUTED_VALUE"""),45588.46089155093) -> 45588.461 | O32: =IF(N32="","",O31+1) -> 14
B33: =IFERROR(__xludf.DUMMYFUNCTION("""COMPUTED_VALUE"""),28.0) -> 28 | C33: =IFERROR(__xludf.DUMMYFUNCTION("""COMPUTED_VALUE"""),"HM 101/KEMILING RAYA") -> HM 101/KEMILING RAYA | D33: =IFERROR(__xludf.DUMMYFUNCTION("""COMPUTED_VALUE"""),"L/40/211024/1") -> L/40/211024/1 | E33: =IFERROR(__xludf.DUMMYFUNCTION("""COMPUTED_VALUE"""),"Nadian (BT)") -> Nadian (BT) | F33: =IFERROR(__xludf.DUMMYFUNCTION("""COMPUTED_VALUE"""),"SELESAI") -> SELESAI | G33: =IFERROR(__xludf.DUMMYFUNCTION("""COMPUTED_VALUE"""),45587.69007590278) -> 45587.69 | H33: =IFERROR(__xludf.DUMMYFUNCTION("""COMPUTED_VALUE"""),"Bu Eva (SU)") -> Bu Eva (SU) | I33: =IFERROR(__xludf.DUMMYFUNCTION("""COMPUTED_VALUE"""),"SELESAI") -> SELESAI | J33: =IFERROR(__xludf.DUMMYFUNCTION("""COMPUTED_VALUE"""),45588.461573078705) -> 45588.462 | K33: =IFERROR(__xludf.DUMMYFUNCTION("""COMPUTED_VALUE"""),"SELESAI") -> SELESAI | L33: =IFERROR(__xludf.DUMMYFUNCTION("""COMPUTED_VALUE"""),45588.461573078705) -> 45588.462 | M33: =IFERROR(__xludf.DUMMYFUNCTION("""COMPUTED_VALUE"""),"") | N33: =IFERROR(__xludf.DUMMYFUNCTION("""COMPUTED_VALUE"""),45588.46159810185) -> 45588.462 | O33: =IF(N33="","",O32+1) -> 15
B34: =IFERROR(__xludf.DUMMYFUNCTION("""COMPUTED_VALUE"""),29.0) -> 29 | C34: =IFERROR(__xludf.DUMMYFUNCTION("""COMPUTED_VALUE"""),"HGB 3764/BERINGIN RAYA") -> HGB 3764/BERINGIN RAYA | D34: =IFERROR(__xludf.DUMMYFUNCTION("""COMPUTED_VALUE"""),"L/23/211024/1") -> L/23/211024/1 | E34: =IFERROR(__xludf.DUMMYFUNCTION("""COMPUTED_VALUE"""),"Nadian (BT)") -> Nadian (BT) | F34: =IFERROR(__xludf.DUMMYFUNCTION("""COMPUTED_VALUE"""),"SELESAI") -> SELESAI | G34: =IFERROR(__xludf.DUMMYFUNCTION("""COMPUTED_VALUE"""),45587.690326724536) -> 45587.69 | H34: =IFERROR(__xludf.DUMMYFUNCTION("""COMPUTED_VALUE"""),"Aprill (SU)") -> Aprill (SU) | I34: =IFERROR(__xludf.DUMMYFUNCTION("""COMPUTED_VALUE"""),"SELESAI") -> SELESAI | J34: =IFERROR(__xludf.DUMMYFUNCTION("""COMPUTED_VALUE"""),45588.45916158565) -> 45588.459 | K34: =IFERROR(__xludf.DUMMYFUNCTION("""COMPUTED_VALUE"""),"SELESAI") -> SELESAI | L34: =IFERROR(__xludf.DUMMYFUNCTION("""COMPUTED_VALUE"""),45588.45916158565) -> 45588.459 | M34: =IFERROR(__xludf.DUMMYFUNCTION("""COMPUTED_VALUE"""),"") | N34: =IFERROR(__xludf.DUMMYFUNCTION("""COMPUTED_VALUE"""),45588.45919435185) -> 45588.459 | O34: =IF(N34="","",O33+1) -> 16
B35: =IFERROR(__xludf.DUMMYFUNCTION("""COMPUTED_VALUE"""),30.0) -> 30 | C35: =IFERROR(__xludf.DUMMYFUNCTION("""COMPUTED_VALUE"""),"M. 240/ Kemiling Permai") -> M. 240/ Kemiling Permai | D35: =IFERROR(__xludf.DUMMYFUNCTION("""COMPUTED_VALUE"""),"K/48/211024/1") -> K/48/211024/1 | E35: =IFERROR(__xludf.DUMMYFUNCTION("""COMPUTED_VALUE"""),"Nadian (BT)") -> Nadian (BT) | F35: =IFERROR(__xludf.DUMMYFUNCTION("""COMPUTED_VALUE"""),"SELESAI") -> SELESAI | G35: =IFERROR(__xludf.DUMMYFUNCTION("""COMPUTED_VALUE"""),45587.690614861116) -> 45587.691 | H35: =IFERROR(__xludf.DUMMYFUNCTION("""COMPUTED_VALUE"""),"Bu Eva (SU)") -> Bu Eva (SU) | I35: =IFERROR(__xludf.DUMMYFUNCTION("""COMPUTED_VALUE"""),"SELESAI") -> SELESAI | J35: =IFERROR(__xludf.DUMMYFUNCTION("""COMPUTED_VALUE"""),45588.46133453704) -> 45588.461 | K35: =IFERROR(__xludf.DUMMYFUNCTION("""COMPUTED_VALUE"""),"SELESAI") -> SELESAI | L35: =IFERROR(__xludf.DUMMYFUNCTION("""COMPUTED_VALUE"""),45588.46133453704) -> 45588.461 | M35: =IFERROR(__xludf.DUMMYFUNCTION("""COMPUTED_VALUE"""),"") | N35: =IFERROR(__xludf.DUMMYFUNCTION("""COMPUTED_VALUE"""),45588.46139483796) -> 45588.461 | O35: =IF(N35="","",O34+1) -> 17
B36: =IFERROR(__xludf.DUMMYFUNCTION("""COMPUTED_VALUE"""),31.0) -> 31 | C36: =IFERROR(__xludf.DUMMYFUNCTION("""COMPUTED_VALUE"""),"HM 15995/SUKARAME I") -> HM 15995/SUKARAME I | D36: =IFERROR(__xludf.DUMMYFUNCTION("""COMPUTED_VALUE"""),"L/8/211024/1") -> L/8/211024/1 | E36: =IFERROR(__xludf.DUMMYFUNCTION("""COMPUTED_VALUE"""),"Afriza (BT)") -> Afriza (BT) | F36: =IFERROR(__xludf.DUMMYFUNCTION("""COMPUTED_VALUE"""),"SELESAI") -> SELESAI | G36: =IFERROR(__xludf.DUMMYFUNCTION("""COMPUTED_VALUE"""),45587.74088471065) -> 45587.741 | H36: =IFERROR(__xludf.DUMMYFUNCTION("""COMPUTED_VALUE"""),"Bu Eva (SU)") -> Bu Eva (SU) | I36: =IFERROR(__xludf.DUMMYFUNCTION("""COMPUTED_VALUE"""),"SELESAI") -> SELESAI | J36: =IFERROR(__xludf.DUMMYFUNCTION("""COMPUTED_VALUE"""),45588.61665216435) -> 45588.617 | K36: =IFERROR(__xludf.DUMMYFUNCTION("""COMPUTED_VALUE"""),"SELESAI") -> SELESAI | L36: =IFERROR(__xludf.DUMMYFUNCTION("""COMPUTED_VALUE"""),45588.61665216435) -> 45588.617 | M36: =IFERROR(__xludf.DUMMYFUNCTION("""COMPUTED_VALUE"""),"") | N36: =IFERROR(__xludf.DUMMYFUNCTION("""COMPUTED_VALUE"""),45588.61670496528) -> 45588.617 | O36: =IF(N36="","",O35+1) -> 18
B37: =IFERROR(__xludf.DUMMYFUNCTION("""COMPUTED_VALUE"""),32.0) -> 32 | C37: =IFERROR(__xludf.DUMMYFUNCTION("""COMPUTED_VALUE"""),"HM 2993/CAMPANG RAYA-SEKARANG;HGB 2402/CAMPANG RAYA-DAHULU") -> HM 2993/CAMPANG RAYA-SEKARANG;HGB 2402/CAMPANG RAYA-DAHULU | D37: =IFERROR(__xludf.DUMMYFUNCTION("""COMPUTED_VALUE"""),"L/9/211024/1") -> L/9/211024/1 | E37: =IFERROR(__xludf.DUMMYFUNCTION("""COMPUTED_VALUE"""),"Afriza (BT)") -> Afriza (BT) | F37: =IFERROR(__xludf.DUMMYFUNCTION("""COMPUTED_VALUE"""),"SELESAI") -> SELESAI | G37: =IFERROR(__xludf.DUMMYFUNCTION("""COMPUTED_VALUE"""),45587.74213006944) -> 45587.742 | H37: =IFERROR(__xludf.DUMMYFUNCTION("""COMPUTED_VALUE"""),"Bu Eva (SU)") -> Bu Eva (SU) | I37: =IFERROR(__xludf.DUMMYFUNCTION("""COMPUTED_VALUE"""),"SELESAI") -> SELESAI | J37: =IFERROR(__xludf.DUMMYFUNCTION("""COMPUTED_VALUE"""),45588.62060142361) -> 45588.621 | K37: =IFERROR(__xludf.DUMMYFUNCTION("""COMPUTED_VALUE"""),"SELESAI") -> SELESAI | L37: =IFERROR(__xludf.DUMMYFUNCTION("""COMPUTED_VALUE"""),45588.62060142361) -> 45588.621 | M37: =IFERROR(__xludf.DUMMYFUNCTION("""COMPUTED_VALUE"""),"") | N37: =IFERROR(__xludf.DUMMYFUNCTION("""COMPUTED_VALUE"""),45588.620649756944) -> 45588.621 | O37: =IF(N37="","",O36+1) -> 19
B38: =IFERROR(__xludf.DUMMYFUNCTION("""COMPUTED_VALUE"""),33.0) -> 33 | C38: =IFERROR(__xludf.DUMMYFUNCTION("""COMPUTED_VALUE"""),"M. 11632/ Sukarame") -> M. 11632/ Sukarame | D38: =IFERROR(__xludf.DUMMYFUNCTION("""COMPUTED_VALUE"""),"K/14/211024/1") -> K/14/211024/1 | E38: =IFERROR(__xludf.DUMMYFUNCTION("""COMPUTED_VALUE"""),"Afriza (BT)") -> Afriza (BT) | F38: =IFERROR(__xludf.DUMMYFUNCTION("""COMPUTED_VALUE"""),"SELESAI") -> SELESAI | G38: =IFERROR(__xludf.DUMMYFUNCTION("""COMPUTED_VALUE"""),45587.74593831018) -> 45587.746 | H38: =IFERROR(__xludf.DUMMYFUNCTION("""COMPUTED_VALUE"""),"Bu Eva (SU)") -> Bu Eva (SU) | I38: =IFERROR(__xludf.DUMMYFUNCTION("""COMPUTED_VALUE"""),"SELESAI") -> SELESAI | J38: =IFERROR(__xludf.DUMMYFUNCTION("""COMPUTED_VALUE"""),45588.616923043985) -> 45588.617 | K38: =IFERROR(__xludf.DUMMYFUNCTION("""COMPUTED_VALUE"""),"SELESAI") -> SELESAI | L38: =IFERROR(__xludf.DUMMYFUNCTION("""COMPUTED_VALUE"""),45588.616923043985) -> 45588.617 | M38: =IFERROR(__xludf.DUMMYFUNCTION("""COMPUTED_VALUE"""),"") | N38: =IFERROR(__xludf.DUMMYFUNCTION("""COMPUTED_VALUE"""),45588.61685142361) -> 45588.617 | O38: =IF(N38="","",O37+1) -> 20
B39: =IFERROR(__xludf.DUMMYFUNCTION("""COMPUTED_VALUE"""),34.0) -> 34 | C39: =IFERROR(__xludf.DUMMYFUNCTION("""COMPUTED_VALUE"""),"M. 2226/ kedaung") -> M. 2226/ kedaung | D39: =IFERROR(__xludf.DUMMYFUNCTION("""COMPUTED_VALUE"""),"K/20/211024/3") -> K/20/211024/3 | E39: =IFERROR(__xludf.DUMMYFUNCTION("""COMPUTED_VALUE"""),"Afriza (BT)") -> Afriza (BT) | F39: =IFERROR(__xludf.DUMMYFUNCTION("""COMPUTED_VALUE"""),"SELESAI") -> SELESAI | G39: =IFERROR(__xludf.DUMMYFUNCTION("""COMPUTED_VALUE"""),45588.599406608795) -> 45588.599 | H39: =IFERROR(__xludf.DUMMYFUNCTION("""COMPUTED_VALUE"""),"Bu Eva (SU)") -> Bu Eva (SU) | I39: =IFERROR(__xludf.DUMMYFUNCTION("""COMPUTED_VALUE"""),"SELESAI") -> SELESAI | J39: =IFERROR(__xludf.DUMMYFUNCTION("""COMPUTED_VALUE"""),45588.61865122685) -> 45588.619 | K39: =IFERROR(__xludf.DUMMYFUNCTION("""COMPUTED_VALUE"""),"SELESAI") -> SELESAI | L39: =IFERROR(__xludf.DUMMYFUNCTION("""COMPUTED_VALUE"""),45588.61865122685) -> 45588.619 | M39: =IFERROR(__xludf.DUMMYFUNCTION("""COMPUTED_VALUE"""),"") | N39: =IFERROR(__xludf.DUMMYFUNCTION("""COMPUTED_VALUE"""),45588.61978658565) -> 45588.62 | O39: =IF(N39="","",O38+1) -> 21
B40: =IFERROR(__xludf.DUMMYFUNCTION("""COMPUTED_VALUE"""),35.0) -> 35 | C40: =IFERROR(__xludf.DUMMYFUNCTION("""COMPUTED_VALUE"""),"M. 1992/ L R R") -> M. 1992/ L R R | D40: =IFERROR(__xludf.DUMMYFUNCTION("""COMPUTED_VALUE"""),"K/53/221024/3") -> K/53/221024/3 | E40: =IFERROR(__xludf.DUMMYFUNCTION("""COMPUTED_VALUE"""),"Afriza (BT)") -> Afriza (BT) | F40: =IFERROR(__xludf.DUMMYFUNCTION("""COMPUTED_VALUE"""),"SELESAI") -> SELESAI | G40: =IFERROR(__xludf.DUMMYFUNCTION("""COMPUTED_VALUE"""),45588.78777646991) -> 45588.788 | H40: =IFERROR(__xludf.DUMMYFUNCTION("""COMPUTED_VALUE"""),"Bu Eva (SU)") -> Bu Eva (SU) | I40: =IFERROR(__xludf.DUMMYFUNCTION("""COMPUTED_VALUE"""),"SELESAI") -> SELESAI | J40: =IFERROR(__xludf.DUMMYFUNCTION("""COMPUTED_VALUE"""),45589.47600072916) -> 45589.476 | K40: =IFERROR(__xludf.DUMMYFUNCTION("""COMPUTED_VALUE"""),"SELESAI") -> SELESAI | L40: =IFERROR(__xludf.DUMMYFUNCTION("""COMPUTED_VALUE"""),45589.47600072916) -> 45589.476 | M40: =IFERROR(__xludf.DUMMYFUNCTION("""COMPUTED_VALUE"""),"") | N40: =IFERROR(__xludf.DUMMYFUNCTION("""COMPUTED_VALUE"""),45589.47603019676) -> 45589.476 | O40: =IF(N40="","",O39+1) -> 22
B41: =IFERROR(__xludf.DUMMYFUNCTION("""COMPUTED_VALUE"""),36.0) -> 36 | C41: =IFERROR(__xludf.DUMMYFUNCTION("""COMPUTED_VALUE"""),"M. 543/ Sumur Putri") -> M. 543/ Sumur Putri | D41: =IFERROR(__xludf.DUMMYFUNCTION("""COMPUTED_VALUE"""),"K/45/221024/1") -> K/45/221024/1 | E41: =IFERROR(__xludf.DUMMYFUNCTION("""COMPUTED_VALUE"""),"Afriza (BT)") -> Afriza (BT) | F41: =IFERROR(__xludf.DUMMYFUNCTION("""COMPUTED_VALUE"""),"SELESAI") -> SELESAI | G41: =IFERROR(__xludf.DUMMYFUNCTION("""COMPUTED_VALUE"""),45588.78825204862) -> 45588.788 | H41: =IFERROR(__xludf.DUMMYFUNCTION("""COMPUTED_VALUE"""),"Aprill (SU)") -> Aprill (SU) | I41: =IFERROR(__xludf.DUMMYFUNCTION("""COMPUTED_VALUE"""),"SELESAI") -> SELESAI | J41: =IFERROR(__xludf.DUMMYFUNCTION("""COMPUTED_VALUE"""),45589.471529375005) -> 45589.472 | K41: =IFERROR(__xludf.DUMMYFUNCTION("""COMPUTED_VALUE"""),"SELESAI") -> SELESAI | L41: =IFERROR(__xludf.DUMMYFUNCTION("""COMPUTED_VALUE"""),45589.471529375005) -> 45589.472 | M41: =IFERROR(__xludf.DUMMYFUNCTION("""COMPUTED_VALUE"""),"") | N41: =IFERROR(__xludf.DUMMYFUNCTION("""COMPUTED_VALUE"""),45589.47158612269) -> 45589.472 | O41: =IF(N41="","",O40+1) -> 23
B42: =IFERROR(__xludf.DUMMYFUNCTION("""COMPUTED_VALUE"""),37.0) -> 37 | C42: =IFERROR(__xludf.DUMMYFUNCTION("""COMPUTED_VALUE"""),"M. 8119/ Sukabumi") -> M. 8119/ Sukabumi | D42: =IFERROR(__xludf.DUMMYFUNCTION("""COMPUTED_VALUE"""),"K/15/231024/1") -> K/15/231024/1 | E42: =IFERROR(__xludf.DUMMYFUNCTION("""COMPUTED_VALUE"""),"Afriza (BT)") -> Afriza (BT) | F42: =IFERROR(__xludf.DUMMYFUNCTION("""COMPUTED_VALUE"""),"SELESAI") -> SELESAI | G42: =IFERROR(__xludf.DUMMYFUNCTION("""COMPUTED_VALUE"""),45588.789395740736) -> 45588.789 | H42: =IFERROR(__xludf.DUMMYFUNCTION("""COMPUTED_VALUE"""),"Aprill (SU)") -> Aprill (SU) | I42: =IFERROR(__xludf.DUMMYFUNCTION("""COMPUTED_VALUE"""),"SELESAI") -> SELESAI | J42: =IFERROR(__xludf.DUMMYFUNCTION("""COMPUTED_VALUE"""),45589.473263935186) -> 45589.473 | K42: =IFERROR(__xludf.DUMMYFUNCTION("""COMPUTED_VALUE"""),"SELESAI") -> SELESAI | L42: =IFERROR(__xludf.DUMMYFUNCTION("""COMPUTED_VALUE"""),45589.473263935186) -> 45589.473 | M42: =IFERROR(__xludf.DUMMYFUNCTION("""COMPUTED_VALUE"""),"") | N42: =IFERROR(__xludf.DUMMYFUNCTION("""COMPUTED_VALUE"""),45589.473299108795) -> 45589.473 | O42: =IF(N42="","",O41+1) -> 24
B43: =IFERROR(__xludf.DUMMYFUNCTION("""COMPUTED_VALUE"""),38.0) -> 38 | C43: =IFERROR(__xludf.DUMMYFUNCTION("""COMPUTED_VALUE"""),"M. 1046/ Kupang Teba") -> M. 1046/ Kupang Teba | D43: =IFERROR(__xludf.DUMMYFUNCTION("""COMPUTED_VALUE"""),"K/5/231024/1") -> K/5/231024/1 | E43: =IFERROR(__xludf.DUMMYFUNCTION("""COMPUTED_VALUE"""),"Afriza (BT)") -> Afriza (BT) | F43: =IFERROR(__xludf.DUMMYFUNCTION("""COMPUTED_VALUE"""),"SELESAI") -> SELESAI | G43: =IFERROR(__xludf.DUMMYFUNCTION("""COMPUTED_VALUE"""),45588.78994116899) -> 45588.79 | H43: =IFERROR(__xludf.DUMMYFUNCTION("""COMPUTED_VALUE"""),"Aprill (SU)") -> Aprill (SU) | I43: =IFERROR(__xludf.DUMMYFUNCTION("""COMPUTED_VALUE"""),"SELESAI") -> SELESAI | J43: =IFERROR(__xludf.DUMMYFUNCTION("""COMPUTED_VALUE"""),45589.47205747685) -> 45589.472 | K43: =IFERROR(__xludf.DUMMYFUNCTION("""COMPUTED_VALUE"""),"SELESAI") -> SELESAI | L43: =IFERROR(__xludf.DUMMYFUNCTION("""COMPUTED_VALUE"""),45589.47205747685) -> 45589.472 | M43: =IFERROR(__xludf.DUMMYFUNCTION("""COMPUTED_VALUE"""),"") | N43: =IFERROR(__xludf.DUMMYFUNCTION("""COMPUTED_VALUE"""),45589.47209920139) -> 45589.472 | O43: =IF(N43="","",O42+1) -> 25
B44: =IFERROR(__xludf.DUMMYFUNCTION("""COMPUTED_VALUE"""),39.0) -> 39 | C44: =IFERROR(__xludf.DUMMYFUNCTION("""COMPUTED_VALUE"""),"M. 1186/ Teluk betung") -> M. 1186/ Teluk betung | D44: =IFERROR(__xludf.DUMMYFUNCTION("""COMPUTED_VALUE"""),"K/3/231024/1") -> K/3/231024/1 | E44: =IFERROR(__xludf.DUMMYFUNCTION("""COMPUTED_VALUE"""),"Afriza (BT)") -> Afriza (BT) | F44: =IFERROR(__xludf.DUMMYFUNCTION("""COMPUTED_VALUE"""),"SELESAI") -> SELESAI | G44: =IFERROR(__xludf.DUMMYFUNCTION("""COMPUTED_VALUE"""),45589.456235543985) -> 45589.456 | H44: =IFERROR(__xludf.DUMMYFUNCTION("""COMPUTED_VALUE"""),"Bu Eva (SU)") -> Bu Eva (SU) | I44: =IFERROR(__xludf.DUMMYFUNCTION("""COMPUTED_VALUE"""),"SELESAI") -> SELESAI | J44: =IFERROR(__xludf.DUMMYFUNCTION("""COMPUTED_VALUE"""),45594.389591597224) -> 45594.39 | K44: =IFERROR(__xludf.DUMMYFUNCTION("""COMPUTED_VALUE"""),"SELESAI") -> SELESAI | L44: =IFERROR(__xludf.DUMMYFUNCTION("""COMPUTED_VALUE"""),45594.389591597224) -> 45594.39 | M44: =IFERROR(__xludf.DUMMYFUNCTION("""COMPUTED_VALUE"""),"") | N44: =IFERROR(__xludf.DUMMYFUNCTION("""COMPUTED_VALUE"""),45594.38963604167) -> 45594.39 | O44: =IF(N44="","",O43+1) -> 26
B45: =IFERROR(__xludf.DUMMYFUNCTION("""COMPUTED_VALUE"""),40.0) -> 40 | C45: =IFERROR(__xludf.DUMMYFUNCTION("""COMPUTED_VALUE"""),"M.3337/SUKADANA HAM") -> M.3337/SUKADANA HAM | D45: =IFERROR(__xludf.DUMMYFUNCTION("""COMPUTED_VALUE"""),"L/17/231024/2") -> L/17/231024/2 | E45: =IFERROR(__xludf.DUMMYFUNCTION("""COMPUTED_VALUE"""),"Afriza (BT)") -> Afriza (BT) | F45: =IFERROR(__xludf.DUMMYFUNCTION("""COMPUTED_VALUE"""),"SELESAI") -> SELESAI | G45: =IFERROR(__xludf.DUMMYFUNCTION("""COMPUTED_VALUE"""),45589.47706208333) -> 45589.477 | H45: =IFERROR(__xludf.DUMMYFUNCTION("""COMPUTED_VALUE"""),"Bu Eva (SU)") -> Bu Eva (SU) | I45: =IFERROR(__xludf.DUMMYFUNCTION("""COMPUTED_VALUE"""),"SELESAI") -> SELESAI | J45: =IFERROR(__xludf.DUMMYFUNCTION("""COMPUTED_VALUE"""),45594.384232592594) -> 45594.384 | K45: =IFERROR(__xludf.DUMMYFUNCTION("""COMPUTED_VALUE"""),"SELESAI") -> SELESAI | L45: =IFERROR(__xludf.DUMMYFUNCTION("""COMPUTED_VALUE"""),45594.384232592594) -> 45594.384 | M45: =IFERROR(__xludf.DUMMYFUNCTION("""COMPUTED_VALUE"""),"") | N45: =IFERROR(__xludf.DUMMYFUNCTION("""COMPUTED_VALUE"""),45594.384334409726) -> 45594.384 | O45: =IF(N45="","",O44+1) -> 27
B46: =IFERROR(__xludf.DUMMYFUNCTION("""COMPUTED_VALUE"""),41.0) -> 41 | C46: =IFERROR(__xludf.DUMMYFUNCTION("""COMPUTED_VALUE"""),"M.3338/SUKADANA HAM") -> M.3338/SUKADANA HAM | D46: =IFERROR(__xludf.DUMMYFUNCTION("""COMPUTED_VALUE"""),"L/16/231024/1") -> L/16/231024/1 | E46: =IFERROR(__xludf.DUMMYFUNCTION("""COMPUTED_VALUE"""),"Afriza (BT)") -> Afriza (BT) | F46: =IFERROR(__xludf.DUMMYFUNCTION("""COMPUTED_VALUE"""),"SELESAI") -> SELESAI | G46: =IFERROR(__xludf.DUMMYFUNCTION("""COMPUTED_VALUE"""),45589.47706960648) -> 45589.477 | H46: =IFERROR(__xludf.DUMMYFUNCTION("""COMPUTED_VALUE"""),"Bu Eva (SU)") -> Bu Eva (SU) | I46: =IFERROR(__xludf.DUMMYFUNCTION("""COMPUTED_VALUE"""),"SELESAI") -> SELESAI | J46: =IFERROR(__xludf.DUMMYFUNCTION("""COMPUTED_VALUE"""),45594.38424876158) -> 45594.384 | K46: =IFERROR(__xludf.DUMMYFUNCTION("""COMPUTED_VALUE"""),"SELESAI") -> SELESAI | L46: =IFERROR(__xludf.DUMMYFUNCTION("""COMPUTED_VALUE"""),45594.38424876158) -> 45594.384 | M46: =IFERROR(__xludf.DUMMYFUNCTION("""COMPUTED_VALUE"""),"") | N46: =IFERROR(__xludf.DUMMYFUNCTION("""COMPUTED_VALUE"""),45594.38434108796) -> 45594.384 | O46: =IF(N46="","",O45+1) -> 28
B47: =IFERROR(__xludf.DUMMYFUNCTION("""COMPUTED_VALUE"""),42.0) -> 42 | C47: =IFERROR(__xludf.DUMMYFUNCTION("""COMPUTED_VALUE"""),"M. 1556/ Bumi Waras") -> M. 1556/ Bumi Waras | D47: =IFERROR(__xludf.DUMMYFUNCTION("""COMPUTED_VALUE"""),"K/2/221024/2") -> K/2/221024/2 | E47: =IFERROR(__xludf.DUMMYFUNCTION("""COMPUTED_VALUE"""),"Afriza (BT)") -> Afriza (BT) | F47: =IFERROR(__xludf.DUMMYFUNCTION("""COMPUTED_VALUE"""),"SELESAI") -> SELESAI | G47: =IFERROR(__xludf.DUMMYFUNCTION("""COMPUTED_VALUE"""),45589.61624717593) -> 45589.616 | H47: =IFERROR(__xludf.DUMMYFUNCTION("""COMPUTED_VALUE"""),"Aprill (SU)") -> Aprill (SU) | I47: =IFERROR(__xludf.DUMMYFUNCTION("""COMPUTED_VALUE"""),"SELESAI") -> SELESAI | J47: =IFERROR(__xludf.DUMMYFUNCTION("""COMPUTED_VALUE"""),45594.400102060186) -> 45594.4 | K47: =IFERROR(__xludf.DUMMYFUNCTION("""COMPUTED_VALUE"""),"SELESAI") -> SELESAI | L47: =IFERROR(__xludf.DUMMYFUNCTION("""COMPUTED_VALUE"""),45594.400102060186) -> 45594.4 | M47: =IFERROR(__xludf.DUMMYFUNCTION("""COMPUTED_VALUE"""),"") | N47: =IFERROR(__xludf.DUMMYFUNCTION("""COMPUTED_VALUE"""),45594.40014482639) -> 45594.4 | O47: =IF(N47="","",O46+1) -> 29
B48: =IFERROR(__xludf.DUMMYFUNCTION("""COMPUTED_VALUE"""),43.0) -> 43 | C48: =IFERROR(__xludf.DUMMYFUNCTION("""COMPUTED_VALUE"""),"HM 3875/LANGKAPURA") -> HM 3875/LANGKAPURA | D48: =IFERROR(__xludf.DUMMYFUNCTION("""COMPUTED_VALUE"""),"L/4/221024/1") -> L/4/221024/1 | E48: =IFERROR(__xludf.DUMMYFUNCTION("""COMPUTED_VALUE"""),"Afriza (BT)") -> Afriza (BT) | F48: =IFERROR(__xludf.DUMMYFUNCTION("""COMPUTED_VALUE"""),"SELESAI") -> SELESAI | G48: =IFERROR(__xludf.DUMMYFUNCTION("""COMPUTED_VALUE"""),45589.617001875) -> 45589.617 | H48: =IFERROR(__xludf.DUMMYFUNCTION("""COMPUTED_VALUE"""),"Bu Eva (SU)") -> Bu Eva (SU) | I48: =IFERROR(__xludf.DUMMYFUNCTION("""COMPUTED_VALUE"""),"SELESAI") -> SELESAI | J48: =IFERROR(__xludf.DUMMYFUNCTION("""COMPUTED_VALUE"""),45594.38561835648) -> 45594.386 | K48: =IFERROR(__xludf.DUMMYFUNCTION("""COMPUTED_VALUE"""),"SELESAI") -> SELESAI | L48: =IFERROR(__xludf.DUMMYFUNCTION("""COMPUTED_VALUE"""),45594.38561835648) -> 45594.386 | M48: =IFERROR(__xludf.DUMMYFUNCTION("""COMPUTED_VALUE"""),"") | N48: =IFERROR(__xludf.DUMMYFUNCTION("""COMPUTED_VALUE"""),45594.386066770836) -> 45594.386 | O48: =IF(N48="","",O47+1) -> 30
B49: =IFERROR(__xludf.DUMMYFUNCTION("""COMPUTED_VALUE"""),44.0) -> 44 | C49: =IFERROR(__xludf.DUMMYFUNCTION("""COMPUTED_VALUE"""),"HGB 143/KAMPUNG BARU") -> HGB 143/KAMPUNG BARU | D49: =IFERROR(__xludf.DUMMYFUNCTION("""COMPUTED_VALUE"""),"L/8/221024/1") -> L/8/221024/1 | E49: =IFERROR(__xludf.DUMMYFUNCTION("""COMPUTED_VALUE"""),"Afriza (BT)") -> Afriza (BT) | F49: =IFERROR(__xludf.DUMMYFUNCTION("""COMPUTED_VALUE"""),"SELESAI") -> SELESAI | G49: =IFERROR(__xludf.DUMMYFUNCTION("""COMPUTED_VALUE"""),45589.62432971065) -> 45589.624 | H49: =IFERROR(__xludf.DUMMYFUNCTION("""COMPUTED_VALUE"""),"Bu Eva (SU)") -> Bu Eva (SU) | I49: =IFERROR(__xludf.DUMMYFUNCTION("""COMPUTED_VALUE"""),"SELESAI") -> SELESAI | J49: =IFERROR(__xludf.DUMMYFUNCTION("""COMPUTED_VALUE"""),45594.37943425926) -> 45594.379 | K49: =IFERROR(__xludf.DUMMYFUNCTION("""COMPUTED_VALUE"""),"SELESAI") -> SELESAI | L49: =IFERROR(__xludf.DUMMYFUNCTION("""COMPUTED_VALUE"""),45594.37943425926) -> 45594.379 | M49: =IFERROR(__xludf.DUMMYFUNCTION("""COMPUTED_VALUE"""),"") | N49: =IFERROR(__xludf.DUMMYFUNCTION("""COMPUTED_VALUE"""),45594.379479641204) -> 45594.379 | O49: =IF(N49="","",O48+1) -> 31
B50: =IFERROR(__xludf.DUMMYFUNCTION("""COMPUTED_VALUE"""),45.0) -> 45 | C50: =IFERROR(__xludf.DUMMYFUNCTION("""COMPUTED_VALUE"""),"M.26/LANGKAPURA BARU-SEKARANG;B.113/LANGKAPURA-DAHULU") -> M.26/LANGKAPURA BARU-SEKARANG;B.113/LANGKAPURA-DAHULU | D50: =IFERROR(__xludf.DUMMYFUNCTION("""COMPUTED_VALUE"""),"K/9/221024/1") -> K/9/221024/1 | E50: =IFERROR(__xludf.DUMMYFUNCTION("""COMPUTED_VALUE"""),"Afriza (BT)") -> Afriza (BT) | F50: =IFERROR(__xludf.DUMMYFUNCTION("""COMPUTED_VALUE"""),"SELESAI") -> SELESAI | G50: =IFERROR(__xludf.DUMMYFUNCTION("""COMPUTED_VALUE"""),45589.62690125) -> 45589.627 | H50: =IFERROR(__xludf.DUMMYFUNCTION("""COMPUTED_VALUE"""),"Aprill (SU)") -> Aprill (SU) | I50: =IFERROR(__xludf.DUMMYFUNCTION("""COMPUTED_VALUE"""),"SELESAI") -> SELESAI | J50: =IFERROR(__xludf.DUMMYFUNCTION("""COMPUTED_VALUE"""),45594.402609745375) -> 45594.403 | K50: =IFERROR(__xludf.DUMMYFUNCTION("""COMPUTED_VALUE"""),"SELESAI") -> SELESAI | L50: =IFERROR(__xludf.DUMMYFUNCTION("""COMPUTED_VALUE"""),45594.402609745375) -> 45594.403 | M50: =IFERROR(__xludf.DUMMYFUNCTION("""COMPUTED_VALUE"""),"") | N50: =IFERROR(__xludf.DUMMYFUNCTION("""COMPUTED_VALUE"""),45594.40265016204) -> 45594.403 | O50: =IF(N50="","",O49+1) -> 32
B51: =IFERROR(__xludf.DUMMYFUNCTION("""COMPUTED_VALUE"""),46.0) -> 46 | C51: =IFERROR(__xludf.DUMMYFUNCTION("""COMPUTED_VALUE"""),"M.12607/RAJABASA;B.1164/RAJABASA-DAHULU") -> M.12607/RAJABASA;B.1164/RAJABASA-DAHULU | D51: =IFERROR(__xludf.DUMMYFUNCTION("""COMPUTED_VALUE"""),"L/11/221024/1") -> L/11/221024/1 | E51: =IFERROR(__xludf.DUMMYFUNCTION("""COMPUTED_VALUE"""),"Afriza (BT)") -> Afriza (BT) | F51: =IFERROR(__xludf.DUMMYFUNCTION("""COMPUTED_VALUE"""),"SELESAI") -> SELESAI | G51: =IFERROR(__xludf.DUMMYFUNCTION("""COMPUTED_VALUE"""),45589.63371076389) -> 45589.634 | H51: =IFERROR(__xludf.DUMMYFUNCTION("""COMPUTED_VALUE"""),"Bu Eva (SU)") -> Bu Eva (SU) | I51: =IFERROR(__xludf.DUMMYFUNCTION("""COMPUTED_VALUE"""),"SELESAI") -> SELESAI | J51: =IFERROR(__xludf.DUMMYFUNCTION("""COMPUTED_VALUE"""),45594.38000826389) -> 45594.38 | K51: =IFERROR(__xludf.DUMMYFUNCTION("""COMPUTED_VALUE"""),"SELESAI") -> SELESAI | L51: =IFERROR(__xludf.DUMMYFUNCTION("""COMPUTED_VALUE"""),45594.38000826389) -> 45594.38 | M51: =IFERROR(__xludf.DUMMYFUNCTION("""COMPUTED_VALUE"""),"") | N51: =IFERROR(__xludf.DUMMYFUNCTION("""COMPUTED_VALUE"""),45594.38006769676) -> 45594.38 | O51: =IF(N51="","",O50+1) -> 33
B52: =IFERROR(__xludf.DUMMYFUNCTION("""COMPUTED_VALUE"""),47.0) -> 47 | C52: =IFERROR(__xludf.DUMMYFUNCTION("""COMPUTED_VALUE"""),"M. 3903/ Way Kandis") -> M. 3903/ Way Kandis | D52: =IFERROR(__xludf.DUMMYFUNCTION("""COMPUTED_VALUE"""),"K/14/221024/2") -> K/14/221024/2 | E52: =IFERROR(__xludf.DUMMYFUNCTION("""COMPUTED_VALUE"""),"Afriza (BT)") -> Afriza (BT) | F52: =IFERROR(__xludf.DUMMYFUNCTION("""COMPUTED_VALUE"""),"SELESAI") -> SELESAI | G52: =IFERROR(__xludf.DUMMYFUNCTION("""COMPUTED_VALUE"""),45589.63632261574) -> 45589.636 | H52: =IFERROR(__xludf.DUMMYFUNCTION("""COMPUTED_VALUE"""),"Bu Eva (SU)") -> Bu Eva (SU) | I52: =IFERROR(__xludf.DUMMYFUNCTION("""COMPUTED_VALUE"""),"SELESAI") -> SELESAI | J52: =IFERROR(__xludf.DUMMYFUNCTION("""COMPUTED_VALUE"""),45594.38919646991) -> 45594.389 | K52: =IFERROR(__xludf.DUMMYFUNCTION("""COMPUTED_VALUE"""),"SELESAI") -> SELESAI | L52: =IFERROR(__xludf.DUMMYFUNCTION("""COMPUTED_VALUE"""),45594.38919646991) -> 45594.389 | M52: =IFERROR(__xludf.DUMMYFUNCTION("""COMPUTED_VALUE"""),"") | N52: =IFERROR(__xludf.DUMMYFUNCTION("""COMPUTED_VALUE"""),45594.38921306713) -> 45594.389 | O52: =IF(N52="","",O51+1) -> 34
B53: =IFERROR(__xludf.DUMMYFUNCTION("""COMPUTED_VALUE"""),48.0) -> 48 | C53: =IFERROR(__xludf.DUMMYFUNCTION("""COMPUTED_VALUE"""),"M. 11085/ Kedamaian; SHT 4351/2015") -> M. 11085/ Kedamaian; SHT 4351/2015 | D53: =IFERROR(__xludf.DUMMYFUNCTION("""COMPUTED_VALUE"""),"K/44/231024/1") -> K/44/231024/1 | E53: =IFERROR(__xludf.DUMMYFUNCTION("""COMPUTED_VALUE"""),"Nadian (BT)") -> Nadian (BT) | F53: =IFERROR(__xludf.DUMMYFUNCTION("""COMPUTED_VALUE"""),"SELESAI") -> SELESAI | G53: =IFERROR(__xludf.DUMMYFUNCTION("""COMPUTED_VALUE"""),45589.63712305555) -> 45589.637 | H53: =IFERROR(__xludf.DUMMYFUNCTION("""COMPUTED_VALUE"""),"Bu Eva (SU)") -> Bu Eva (SU) | I53: =IFERROR(__xludf.DUMMYFUNCTION("""COMPUTED_VALUE"""),"SELESAI") -> SELESAI | J53: =IFERROR(__xludf.DUMMYFUNCTION("""COMPUTED_VALUE"""),45589.711079479166) -> 45589.711 | K53: =IFERROR(__xludf.DUMMYFUNCTION("""COMPUTED_VALUE"""),"SELESAI") -> SELESAI | L53: =IFERROR(__xludf.DUMMYFUNCTION("""COMPUTED_VALUE"""),45589.711079479166) -> 45589.711 | M53: =IFERROR(__xludf.DUMMYFUNCTION("""COMPUTED_VALUE"""),"") | N53: =IFERROR(__xludf.DUMMYFUNCTION("""COMPUTED_VALUE"""),45589.71111780092) -> 45589.711 | O53: =IF(N53="","",O52+1) -> 35
B54: =IFERROR(__xludf.DUMMYFUNCTION("""COMPUTED_VALUE"""),49.0) -> 49 | C54: =IFERROR(__xludf.DUMMYFUNCTION("""COMPUTED_VALUE"""),"M. 2278/ Rajabasa Jaya") -> M. 2278/ Rajabasa Jaya | D54: =IFERROR(__xludf.DUMMYFUNCTION("""COMPUTED_VALUE"""),"K/49/231024/1") -> K/49/231024/1 | E54: =IFERROR(__xludf.DUMMYFUNCTION("""COMPUTED_VALUE"""),"Nadian (BT)") -> Nadian (BT) | F54: =IFERROR(__xludf.DUMMYFUNCTION("""COMPUTED_VALUE"""),"SELESAI") -> SELESAI | G54: =IFERROR(__xludf.DUMMYFUNCTION("""COMPUTED_VALUE"""),45589.63726326389) -> 45589.637 | H54: =IFERROR(__xludf.DUMMYFUNCTION("""COMPUTED_VALUE"""),"Bu Eva (SU)") -> Bu Eva (SU) | I54: =IFERROR(__xludf.DUMMYFUNCTION("""COMPUTED_VALUE"""),"SELESAI") -> SELESAI | J54: =IFERROR(__xludf.DUMMYFUNCTION("""COMPUTED_VALUE"""),45589.7082640625) -> 45589.708 | K54: =IFERROR(__xludf.DUMMYFUNCTION("""COMPUTED_VALUE"""),"SELESAI") -> SELESAI | L54: =IFERROR(__xludf.DUMMYFUNCTION("""COMPUTED_VALUE"""),45589.7082640625) -> 45589.708 | M54: =IFERROR(__xludf.DUMMYFUNCTION("""COMPUTED_VALUE"""),"") | N54: =IFERROR(__xludf.DUMMYFUNCTION("""COMPUTED_VALUE"""),45589.708311863425) -> 45589.708 | O54: =IF(N54="","",O53+1) -> 36
B55: =IFERROR(__xludf.DUMMYFUNCTION("""COMPUTED_VALUE"""),50.0) -> 50 | C55: =IFERROR(__xludf.DUMMYFUNCTION("""COMPUTED_VALUE"""),"HM 1642/KOTA KARANG") -> HM 1642/KOTA KARANG | D55: =IFERROR(__xludf.DUMMYFUNCTION("""COMPUTED_VALUE"""),"L/37/231024/1") -> L/37/231024/1 | E55: =IFERROR(__xludf.DUMMYFUNCTION("""COMPUTED_VALUE"""),"Nadian (BT)") -> Nadian (BT) | F55: =IFERROR(__xludf.DUMMYFUNCTION("""COMPUTED_VALUE"""),"SELESAI") -> SELESAI | G55: =IFERROR(__xludf.DUMMYFUNCTION("""COMPUTED_VALUE"""),45589.637448622685) -> 45589.637 | H55: =IFERROR(__xludf.DUMMYFUNCTION("""COMPUTED_VALUE"""),"Bu Eva (SU)") -> Bu Eva (SU) | I55: =IFERROR(__xludf.DUMMYFUNCTION("""COMPUTED_VALUE"""),"SELESAI") -> SELESAI | J55: =IFERROR(__xludf.DUMMYFUNCTION("""COMPUTED_VALUE"""),45589.71083166667) -> 45589.711 | K55: =IFERROR(__xludf.DUMMYFUNCTION("""COMPUTED_VALUE"""),"SELESAI") -> SELESAI | L55: =IFERROR(__xludf.DUMMYFUNCTION("""COMPUTED_VALUE"""),45589.71083166667) -> 45589.711 | M55: =IFERROR(__xludf.DUMMYFUNCTION("""COMPUTED_VALUE"""),"") | N55: =IFERROR(__xludf.DUMMYFUNCTION("""COMPUTED_VALUE"""),45589.710863113425) -> 45589.711 | O55: =IF(N55="","",O54+1) -> 37
B56: =IFERROR(__xludf.DUMMYFUNCTION("""COMPUTED_VALUE"""),51.0) -> 51 | C56: =IFERROR(__xludf.DUMMYFUNCTION("""COMPUTED_VALUE"""),"M.1878/KEDAUNG") -> M.1878/KEDAUNG | D56: =IFERROR(__xludf.DUMMYFUNCTION("""COMPUTED_VALUE"""),"K/42/231024/1") -> K/42/231024/1 | E56: =IFERROR(__xludf.DUMMYFUNCTION("""COMPUTED_VALUE"""),"Nadian (BT)") -> Nadian (BT) | F56: =IFERROR(__xludf.DUMMYFUNCTION("""COMPUTED_VALUE"""),"SELESAI") -> SELESAI | G56: =IFERROR(__xludf.DUMMYFUNCTION("""COMPUTED_VALUE"""),45589.63789597222) -> 45589.638 | H56: =IFERROR(__xludf.DUMMYFUNCTION("""COMPUTED_VALUE"""),"Bu Eva (SU)") -> Bu Eva (SU) | I56: =IFERROR(__xludf.DUMMYFUNCTION("""COMPUTED_VALUE"""),"SELESAI") -> SELESAI | J56: =IFERROR(__xludf.DUMMYFUNCTION("""COMPUTED_VALUE"""),45589.70942038194) -> 45589.709 | K56: =IFERROR(__xludf.DUMMYFUNCTION("""COMPUTED_VALUE"""),"SELESAI") -> SELESAI | L56: =IFERROR(__xludf.DUMMYFUNCTION("""COMPUTED_VALUE"""),45589.70942038194) -> 45589.709 | M56: =IFERROR(__xludf.DUMMYFUNCTION("""COMPUTED_VALUE"""),"") | N56: =IFERROR(__xludf.DUMMYFUNCTION("""COMPUTED_VALUE"""),45589.70945461806) -> 45589.709 | O56: =IF(N56="","",O55+1) -> 38
B57: =IFERROR(__xludf.DUMMYFUNCTION("""COMPUTED_VALUE"""),52.0) -> 52 | C57: =IFERROR(__xludf.DUMMYFUNCTION("""COMPUTED_VALUE"""),"HM 1366/KALIAWI") -> HM 1366/KALIAWI | D57: =IFERROR(__xludf.DUMMYFUNCTION("""COMPUTED_VALUE"""),"L/22/241024/1") -> L/22/241024/1 | E57: =IFERROR(__xludf.DUMMYFUNCTION("""COMPUTED_VALUE"""),"Afriza (BT)") -> Afriza (BT) | F57: =IFERROR(__xludf.DUMMYFUNCTION("""COMPUTED_VALUE"""),"SELESAI") -> SELESAI | G57: =IFERROR(__xludf.DUMMYFUNCTION("""COMPUTED_VALUE"""),45590.469380462964) -> 45590.469 | H57: =IFERROR(__xludf.DUMMYFUNCTION("""COMPUTED_VALUE"""),"Bu Eva (SU)") -> Bu Eva (SU) | I57: =IFERROR(__xludf.DUMMYFUNCTION("""COMPUTED_VALUE"""),"SELESAI") -> SELESAI | J57: =IFERROR(__xludf.DUMMYFUNCTION("""COMPUTED_VALUE"""),45594.36648207176) -> 45594.366 | K57: =IFERROR(__xludf.DUMMYFUNCTION("""COMPUTED_VALUE"""),"SELESAI") -> SELESAI | L57: =IFERROR(__xludf.DUMMYFUNCTION("""COMPUTED_VALUE"""),45594.36648207176) -> 45594.366 | M57: =IFERROR(__xludf.DUMMYFUNCTION("""COMPUTED_VALUE"""),"") | N57: =IFERROR(__xludf.DUMMYFUNCTION("""COMPUTED_VALUE"""),45594.36658340278) -> 45594.367 | O57: =IF(N57="","",O56+1) -> 39
B58: =IFERROR(__xludf.DUMMYFUNCTION("""COMPUTED_VALUE"""),53.0) -> 53 | C58: =IFERROR(__xludf.DUMMYFUNCTION("""COMPUTED_VALUE"""),"M.16877/SUKARAME I") -> M.16877/SUKARAME I | D58: =IFERROR(__xludf.DUMMYFUNCTION("""COMPUTED_VALUE"""),"L/14/241024/1") -> L/14/241024/1 | E58: =IFERROR(__xludf.DUMMYFUNCTION("""COMPUTED_VALUE"""),"Afriza (BT)") -> Afriza (BT) | F58: =IFERROR(__xludf.DUMMYFUNCTION("""COMPUTED_VALUE"""),"SELESAI") -> SELESAI | G58: =IFERROR(__xludf.DUMMYFUNCTION("""COMPUTED_VALUE"""),45590.616405266206) -> 45590.616 | H58: =IFERROR(__xludf.DUMMYFUNCTION("""COMPUTED_VALUE"""),"Bu Eva (SU)") -> Bu Eva (SU) | I58: =IFERROR(__xludf.DUMMYFUNCTION("""COMPUTED_VALUE"""),"SELESAI") -> SELESAI | J58: =IFERROR(__xludf.DUMMYFUNCTION("""COMPUTED_VALUE"""),45594.36806496528) -> 45594.368 | K58: =IFERROR(__xludf.DUMMYFUNCTION("""COMPUTED_VALUE"""),"SELESAI") -> SELESAI | L58: =IFERROR(__xludf.DUMMYFUNCTION("""COMPUTED_VALUE"""),45594.36806496528) -> 45594.368 | M58: =IFERROR(__xludf.DUMMYFUNCTION("""COMPUTED_VALUE"""),"") | N58: =IFERROR(__xludf.DUMMYFUNCTION("""COMPUTED_VALUE"""),45594.368105243055) -> 45594.368 | O58: =IF(N58="","",O57+1) -> 40
B59: =IFERROR(__xludf.DUMMYFUNCTION("""COMPUTED_VALUE"""),54.0) -> 54 | C59: =IFERROR(__xludf.DUMMYFUNCTION("""COMPUTED_VALUE"""),"M.4791/BERINGIN RAYA-SEKARANG;B.1135/SUMBERREJO-DAHULU") -> M.4791/BERINGIN RAYA-SEKARANG;B.1135/SUMBERREJO-DAHULU | D59: =IFERROR(__xludf.DUMMYFUNCTION("""COMPUTED_VALUE"""),"K/36/151024/1") -> K/36/151024/1 | E59: =IFERROR(__xludf.DUMMYFUNCTION("""COMPUTED_VALUE"""),"Nadian (BT)") -> Nadian (BT) | F59: =IFERROR(__xludf.DUMMYFUNCTION("""COMPUTED_VALUE"""),"SELESAI (VIA PERMOHONAN)") -> SELESAI (VIA PERMOHONAN) | G59: =IFERROR(__xludf.DUMMYFUNCTION("""COMPUTED_VALUE"""),45591.37108946759) -> 45591.371 | H59: =IFERROR(__xludf.DUMMYFUNCTION("""COMPUTED_VALUE"""),"Aprill (SU)") -> Aprill (SU) | I59: =IFERROR(__xludf.DUMMYFUNCTION("""COMPUTED_VALUE"""),"SELESAI (VIA PERMOHONAN)") -> SELESAI (VIA PERMOHONAN) | J59: =IFERROR(__xludf.DUMMYFUNCTION("""COMPUTED_VALUE"""),45593.68707828704) -> 45593.687 | K59: =IFERROR(__xludf.DUMMYFUNCTION("""COMPUTED_VALUE"""),"Selesai") -> Selesai | L59: =IFERROR(__xludf.DUMMYFUNCTION("""COMPUTED_VALUE"""),45593.68707828704) -> 45593.687 | M59: =IFERROR(__xludf.DUMMYFUNCTION("""COMPUTED_VALUE"""),45593.68714753472) -> 45593.687 | N59: =IFERROR(__xludf.DUMMYFUNCTION("""COMPUTED_VALUE"""),"") | O59: =IF(N59="","",O58+1)
B60: =IFERROR(__xludf.DUMMYFUNCTION("""COMPUTED_VALUE"""),55.0) -> 55 | C60: =IFERROR(__xludf.DUMMYFUNCTION("""COMPUTED_VALUE"""),"M. 224/ Kampung Baru Raya") -> M. 224/ Kampung Baru Raya | D60: =IFERROR(__xludf.DUMMYFUNCTION("""COMPUTED_VALUE"""),"K/23/181024/1") -> K/23/181024/1 | E60: =IFERROR(__xludf.DUMMYFUNCTION("""COMPUTED_VALUE"""),"Nadian (BT)") -> Nadian (BT) | F60: =IFERROR(__xludf.DUMMYFUNCTION("""COMPUTED_VALUE"""),"SELESAI (VIA PERMOHONAN)") -> SELESAI (VIA PERMOHONAN) | G60: =IFERROR(__xludf.DUMMYFUNCTION("""COMPUTED_VALUE"""),45591.37109971065) -> 45591.371 | H60: =IFERROR(__xludf.DUMMYFUNCTION("""COMPUTED_VALUE"""),"Aprill (SU)") -> Aprill (SU) | I60: =IFERROR(__xludf.DUMMYFUNCTION("""COMPUTED_VALUE"""),"SELESAI (VIA PERMOHONAN)") -> SELESAI (VIA PERMOHONAN) | J60: =IFERROR(__xludf.DUMMYFUNCTION("""COMPUTED_VALUE"""),45593.70637866898) -> 45593.706 | K60: =IFERROR(__xludf.DUMMYFUNCTION("""COMPUTED_VALUE"""),"Selesai") -> Selesai | L60: =IFERROR(__xludf.DUMMYFUNCTION("""COMPUTED_VALUE"""),45593.70637866898) -> 45593.706 | M60: =IFERROR(__xludf.DUMMYFUNCTION("""COMPUTED_VALUE"""),45593.70645690973) -> 45593.706 | N60: =IFERROR(__xludf.DUMMYFUNCTION("""COMPUTED_VALUE"""),"") | O60: =IF(N60="","",O59+1)
B61: =IFERROR(__xludf.DUMMYFUNCTION("""COMPUTED_VALUE"""),56.0) -> 56 | C61: =IFERROR(__xludf.DUMMYFUNCTION("""COMPUTED_VALUE"""),"B.311/PEMATANG WANGI;B.546/TJ SENANG-DAHULU") -> B.311/PEMATANG WANGI;B.546/TJ SENANG-DAHULU | D61: =IFERROR(__xludf.DUMMYFUNCTION("""COMPUTED_VALUE"""),"L/31/241024/1") -> L/31/241024/1 | E61: =IFERROR(__xludf.DUMMYFUNCTION("""COMPUTED_VALUE"""),"Nadian (BT)") -> Nadian (BT) | F61: =IFERROR(__xludf.DUMMYFUNCTION("""COMPUTED_VALUE"""),"SELESAI") -> SELESAI | G61: =IFERROR(__xludf.DUMMYFUNCTION("""COMPUTED_VALUE"""),45590.62214435185) -> 45590.622 | H61: =IFERROR(__xludf.DUMMYFUNCTION("""COMPUTED_VALUE"""),"Bu Eva (SU)") -> Bu Eva (SU) | I61: =IFERROR(__xludf.DUMMYFUNCTION("""COMPUTED_VALUE"""),"SELESAI") -> SELESAI | J61: =IFERROR(__xludf.DUMMYFUNCTION("""COMPUTED_VALUE"""),45594.40488290509) -> 45594.405 | K61: =IFERROR(__xludf.DUMMYFUNCTION("""COMPUTED_VALUE"""),"SELESAI") -> SELESAI | L61: =IFERROR(__xludf.DUMMYFUNCTION("""COMPUTED_VALUE"""),45594.40488290509) -> 45594.405 | M61: =IFERROR(__xludf.DUMMYFUNCTION("""COMPUTED_VALUE"""),"") | N61: =IFERROR(__xludf.DUMMYFUNCTION("""COMPUTED_VALUE"""),45595.38265753472) -> 45595.383 | O61: =IF(N61="","",O60+1) -> 1
B62: =IFERROR(__xludf.DUMMYFUNCTION("""COMPUTED_VALUE"""),57.0) -> 57 | C62: =IFERROR(__xludf.DUMMYFUNCTION("""COMPUTED_VALUE"""),"M. 1120/ Sukajawa") -> M. 1120/ Sukajawa | D62: =IFERROR(__xludf.DUMMYFUNCTION("""COMPUTED_VALUE"""),"K/32/241024/1") -> K/32/241024/1 | E62: =IFERROR(__xludf.DUMMYFUNCTION("""COMPUTED_VALUE"""),"Nadian (BT)") -> Nadian (BT) | F62: =IFERROR(__xludf.DUMMYFUNCTION("""COMPUTED_VALUE"""),"SELESAI") -> SELESAI | G62: =IFERROR(__xludf.DUMMYFUNCTION("""COMPUTED_VALUE"""),45590.622265868056) -> 45590.622 | H62: =IFERROR(__xludf.DUMMYFUNCTION("""COMPUTED_VALUE"""),"Bu Eva (SU)") -> Bu Eva (SU) | I62: =IFERROR(__xludf.DUMMYFUNCTION("""COMPUTED_VALUE"""),"SELESAI") -> SELESAI | J62: =IFERROR(__xludf.DUMMYFUNCTION("""COMPUTED_VALUE"""),45594.40492347222) -> 45594.405 | K62: =IFERROR(__xludf.DUMMYFUNCTION("""COMPUTED_VALUE"""),"SELESAI") -> SELESAI | L62: =IFERROR(__xludf.DUMMYFUNCTION("""COMPUTED_VALUE"""),45594.40492347222) -> 45594.405 | M62: =IFERROR(__xludf.DUMMYFUNCTION("""COMPUTED_VALUE"""),"") | N62: =IFERROR(__xludf.DUMMYFUNCTION("""COMPUTED_VALUE"""),45595.38230293982) -> 45595.382 | O62: =IF(N62="","",O61+1) -> 2
B63: =IFERROR(__xludf.DUMMYFUNCTION("""COMPUTED_VALUE"""),58.0) -> 58 | C63: =IFERROR(__xludf.DUMMYFUNCTION("""COMPUTED_VALUE"""),"M. 16581/ Sukabumi") -> M. 16581/ Sukabumi | D63: =IFERROR(__xludf.DUMMYFUNCTION("""COMPUTED_VALUE"""),"K/49/241024/2") -> K/49/241024/2 | E63: =IFERROR(__xludf.DUMMYFUNCTION("""COMPUTED_VALUE"""),"Nadian (BT)") -> Nadian (BT) | F63: =IFERROR(__xludf.DUMMYFUNCTION("""COMPUTED_VALUE"""),"SELESAI") -> SELESAI | G63: =IFERROR(__xludf.DUMMYFUNCTION("""COMPUTED_VALUE"""),45590.62239509259) -> 45590.622 | H63: =IFERROR(__xludf.DUMMYFUNCTION("""COMPUTED_VALUE"""),"Bu Eva (SU)") -> Bu Eva (SU) | I63: =IFERROR(__xludf.DUMMYFUNCTION("""COMPUTED_VALUE"""),"SELESAI") -> SELESAI | J63: =IFERROR(__xludf.DUMMYFUNCTION("""COMPUTED_VALUE"""),45594.40496331018) -> 45594.405 | K63: =IFERROR(__xludf.DUMMYFUNCTION("""COMPUTED_VALUE"""),"SELESAI") -> SELESAI | L63: =IFERROR(__xludf.DUMMYFUNCTION("""COMPUTED_VALUE"""),45594.40496331018) -> 45594.405 | M63: =IFERROR(__xludf.DUMMYFUNCTION("""COMPUTED_VALUE"""),"") | N63: =IFERROR(__xludf.DUMMYFUNCTION("""COMPUTED_VALUE"""),45595.38087502315) -> 45595.381 | O63: =IF(N63="","",O62+1) -> 3
B64: =IFERROR(__xludf.DUMMYFUNCTION("""COMPUTED_VALUE"""),59.0) -> 59 | C64: =IFERROR(__xludf.DUMMYFUNCTION("""COMPUTED_VALUE"""),"M. 9800/ Kedamaian; SHT 2878/2017 dan SHT 1059/20211") -> M. 9800/ Kedamaian; SHT 2878/2017 dan SHT 1059/20211 | D64: =IFERROR(__xludf.DUMMYFUNCTION("""COMPUTED_VALUE"""),"K/9/241024/1") -> K/9/241024/1 | E64: =IFERROR(__xludf.DUMMYFUNCTION("""COMPUTED_VALUE"""),"Afriza (BT)") -> Afriza (BT) | F64: =IFERROR(__xludf.DUMMYFUNCTION("""COMPUTED_VALUE"""),"SELESAI") -> SELESAI | G64: =IFERROR(__xludf.DUMMYFUNCTION("""COMPUTED_VALUE"""),45590.62865690972) -> 45590.629 | H64: =IFERROR(__xludf.DUMMYFUNCTION("""COMPUTED_VALUE"""),"Bu Eva (SU)") -> Bu Eva (SU) | I64: =IFERROR(__xludf.DUMMYFUNCTION("""COMPUTED_VALUE"""),"SELESAI") -> SELESAI | J64: =IFERROR(__xludf.DUMMYFUNCTION("""COMPUTED_VALUE"""),45594.368569872684) -> 45594.369 | K64: =IFERROR(__xludf.DUMMYFUNCTION("""COMPUTED_VALUE"""),"SELESAI") -> SELESAI | L64: =IFERROR(__xludf.DUMMYFUNCTION("""COMPUTED_VALUE"""),45594.368569872684) -> 45594.369 | M64: =IFERROR(__xludf.DUMMYFUNCTION("""COMPUTED_VALUE"""),"") | N64: =IFERROR(__xludf.DUMMYFUNCTION("""COMPUTED_VALUE"""),45594.368606041666) -> 45594.369 | O64: =IF(N64="","",O63+1) -> 4
B65: =IFERROR(__xludf.DUMMYFUNCTION("""COMPUTED_VALUE"""),60.0) -> 60 | C65: =IFERROR(__xludf.DUMMYFUNCTION("""COMPUTED_VALUE"""),"HMASRS/64/I/MASRS/Tanjung karang") -> HMASRS/64/I/MASRS/Tanjung karang | D65: =IFERROR(__xludf.DUMMYFUNCTION("""COMPUTED_VALUE"""),"K/41/241024/1") -> K/41/241024/1 | E65: =IFERROR(__xludf.DUMMYFUNCTION("""COMPUTED_VALUE"""),"Afriza (BT)") -> Afriza (BT) | F65: =IFERROR(__xludf.DUMMYFUNCTION("""COMPUTED_VALUE"""),"SELESAI") -> SELESAI | G65: =IFERROR(__xludf.DUMMYFUNCTION("""COMPUTED_VALUE"""),45590.641531747686) -> 45590.642 | H65: =IFERROR(__xludf.DUMMYFUNCTION("""COMPUTED_VALUE"""),"Aprill (SU)") -> Aprill (SU) | I65: =IFERROR(__xludf.DUMMYFUNCTION("""COMPUTED_VALUE"""),"SELESAI") -> SELESAI | J65: =IFERROR(__xludf.DUMMYFUNCTION("""COMPUTED_VALUE"""),45594.372205486114) -> 45594.372 | K65: =IFERROR(__xludf.DUMMYFUNCTION("""COMPUTED_VALUE"""),"SELESAI") -> SELESAI | L65: =IFERROR(__xludf.DUMMYFUNCTION("""COMPUTED_VALUE"""),45594.372205486114) -> 45594.372 | M65: =IFERROR(__xludf.DUMMYFUNCTION("""COMPUTED_VALUE"""),"") | N65: =IFERROR(__xludf.DUMMYFUNCTION("""COMPUTED_VALUE"""),45594.37224686342) -> 45594.372 | O65: =IF(N65="","",O64+1) -> 5
B66: =IFERROR(__xludf.DUMMYFUNCTION("""COMPUTED_VALUE"""),61.0) -> 61 | C66: =IFERROR(__xludf.DUMMYFUNCTION("""COMPUTED_VALUE"""),"M.3314/KOTA KARANG") -> M.3314/KOTA KARANG | D66: =IFERROR(__xludf.DUMMYFUNCTION("""COMPUTED_VALUE"""),"K/33/181024/1") -> K/33/181024/1 | E66: =IFERROR(__xludf.DUMMYFUNCTION("""COMPUTED_VALUE"""),"Afriza (BT)") -> Afriza (BT) | F66: =IFERROR(__xludf.DUMMYFUNCTION("""COMPUTED_VALUE"""),"SELESAI (VIA PERMOHONAN)") -> SELESAI (VIA PERMOHONAN) | G66: =IFERROR(__xludf.DUMMYFUNCTION("""COMPUTED_VALUE"""),45591.37119805555) -> 45591.371 | H66: =IFERROR(__xludf.DUMMYFUNCTION("""COMPUTED_VALUE"""),"Aprill (SU)") -> Aprill (SU) | I66: =IFERROR(__xludf.DUMMYFUNCTION("""COMPUTED_VALUE"""),"SELESAI (VIA PERMOHONAN)") -> SELESAI (VIA PERMOHONAN) | J66: =IFERROR(__xludf.DUMMYFUNCTION("""COMPUTED_VALUE"""),45594.405561168984) -> 45594.406 | K66: =IFERROR(__xludf.DUMMYFUNCTION("""COMPUTED_VALUE"""),"Selesai") -> Selesai | L66: =IFERROR(__xludf.DUMMYFUNCTION("""COMPUTED_VALUE"""),45594.405561168984) -> 45594.406 | M66: =IFERROR(__xludf.DUMMYFUNCTION("""COMPUTED_VALUE"""),45594.40559055556) -> 45594.406 | N66: =IFERROR(__xludf.DUMMYFUNCTION("""COMPUTED_VALUE"""),"") | O66: =IF(N66="","",O65+1)
B67: =IFERROR(__xludf.DUMMYFUNCTION("""COMPUTED_VALUE"""),62.0) -> 62 | C67: =IFERROR(__xludf.DUMMYFUNCTION("""COMPUTED_VALUE"""),"M.14233/SEGALA MIDER") -> M.14233/SEGALA MIDER | D67: =IFERROR(__xludf.DUMMYFUNCTION("""COMPUTED_VALUE"""),"L/10/251024/1") -> L/10/251024/1 | E67: =IFERROR(__xludf.DUMMYFUNCTION("""COMPUTED_VALUE"""),"Afriza (BT)") -> Afriza (BT) | F67: =IFERROR(__xludf.DUMMYFUNCTION("""COMPUTED_VALUE"""),"SELESAI") -> SELESAI | G67: =IFERROR(__xludf.DUMMYFUNCTION("""COMPUTED_VALUE"""),45593.52075561343) -> 45593.521 | H67: =IFERROR(__xludf.DUMMYFUNCTION("""COMPUTED_VALUE"""),"Bu Eva (SU)") -> Bu Eva (SU) | I67: =IFERROR(__xludf.DUMMYFUNCTION("""COMPUTED_VALUE"""),"SELESAI") -> SELESAI | J67: =IFERROR(__xludf.DUMMYFUNCTION("""COMPUTED_VALUE"""),45595.57029012732) -> 45595.57 | K67: =IFERROR(__xludf.DUMMYFUNCTION("""COMPUTED_VALUE"""),"SELESAI") -> SELESAI | L67: =IFERROR(__xludf.DUMMYFUNCTION("""COMPUTED_VALUE"""),45595.57029012732) -> 45595.57 | M67: =IFERROR(__xludf.DUMMYFUNCTION("""COMPUTED_VALUE"""),"") | N67: =IFERROR(__xludf.DUMMYFUNCTION("""COMPUTED_VALUE"""),45595.57031645833) -> 45595.57 | O67: =IF(N67="","",O66+1) -> 1
B68: =IFERROR(__xludf.DUMMYFUNCTION("""COMPUTED_VALUE"""),63.0) -> 63 | C68: =IFERROR(__xludf.DUMMYFUNCTION("""COMPUTED_VALUE"""),"B. 503/ Gunung Sulah") -> B. 503/ Gunung Sulah | D68: =IFERROR(__xludf.DUMMYFUNCTION("""COMPUTED_VALUE"""),"K/31/251024/2") -> K/31/251024/2 | E68: =IFERROR(__xludf.DUMMYFUNCTION("""COMPUTED_VALUE"""),"Afriza (BT)") -> Afriza (BT) | F68: =IFERROR(__xludf.DUMMYFUNCTION("""COMPUTED_VALUE"""),"SELESAI") -> SELESAI | G68: =IFERROR(__xludf.DUMMYFUNCTION("""COMPUTED_VALUE"""),45593.553644803236) -> 45593.554 | H68: =IFERROR(__xludf.DUMMYFUNCTION("""COMPUTED_VALUE"""),"Aprill (SU)") -> Aprill (SU) | I68: =IFERROR(__xludf.DUMMYFUNCTION("""COMPUTED_VALUE"""),"SELESAI") -> SELESAI | J68: =IFERROR(__xludf.DUMMYFUNCTION("""COMPUTED_VALUE"""),45595.54838673611) -> 45595.548 | K68: =IFERROR(__xludf.DUMMYFUNCTION("""COMPUTED_VALUE"""),"SELESAI") -> SELESAI | L68: =IFERROR(__xludf.DUMMYFUNCTION("""COMPUTED_VALUE"""),45595.54838673611) -> 45595.548 | M68: =IFERROR(__xludf.DUMMYFUNCTION("""COMPUTED_VALUE"""),"") | N68: =IFERROR(__xludf.DUMMYFUNCTION("""COMPUTED_VALUE"""),45595.548419178245) -> 45595.548 | O68: =IF(N68="","",O67+1) -> 2
B69: =IFERROR(__xludf.DUMMYFUNCTION("""COMPUTED_VALUE"""),64.0) -> 64 | C69: =IFERROR(__xludf.DUMMYFUNCTION("""COMPUTED_VALUE"""),"HM 12867/TANJUNG BARU") -> HM 12867/TANJUNG BARU | D69: =IFERROR(__xludf.DUMMYFUNCTION("""COMPUTED_VALUE"""),"L/9/251024/1") -> L/9/251024/1 | E69: =IFERROR(__xludf.DUMMYFUNCTION("""COMPUTED_VALUE"""),"Afriza (BT)") -> Afriza (BT) | F69: =IFERROR(__xludf.DUMMYFUNCTION("""COMPUTED_VALUE"""),"SELESAI") -> SELESAI | G69: =IFERROR(__xludf.DUMMYFUNCTION("""COMPUTED_VALUE"""),45593.58532834491) -> 45593.585 | H69: =IFERROR(__xludf.DUMMYFUNCTION("""COMPUTED_VALUE"""),"Bu Eva (SU)") -> Bu Eva (SU) | I69: =IFERROR(__xludf.DUMMYFUNCTION("""COMPUTED_VALUE"""),"SELESAI") -> SELESAI | J69: =IFERROR(__xludf.DUMMYFUNCTION("""COMPUTED_VALUE"""),45595.56651050926) -> 45595.567 | K69: =IFERROR(__xludf.DUMMYFUNCTION("""COMPUTED_VALUE"""),"SELESAI") -> SELESAI | L69: =IFERROR(__xludf.DUMMYFUNCTION("""COMPUTED_VALUE"""),45595.56651050926) -> 45595.567 | M69: =IFERROR(__xludf.DUMMYFUNCTION("""COMPUTED_VALUE"""),"") | N69: =IFERROR(__xludf.DUMMYFUNCTION("""COMPUTED_VALUE"""),45595.56655725694) -> 45595.567 | O69: =IF(N69="","",O68+1) -> 3
B70: =IFERROR(__xludf.DUMMYFUNCTION("""COMPUTED_VALUE"""),65.0) -> 65 | C70: =IFERROR(__xludf.DUMMYFUNCTION("""COMPUTED_VALUE"""),"M.990/DURIAN PAYUNG") -> M.990/DURIAN PAYUNG | D70: =IFERROR(__xludf.DUMMYFUNCTION("""COMPUTED_VALUE"""),"K/13/251024/1") -> K/13/251024/1 | E70: =IFERROR(__xludf.DUMMYFUNCTION("""COMPUTED_VALUE"""),"Afriza (BT)") -> Afriza (BT) | F70: =IFERROR(__xludf.DUMMYFUNCTION("""COMPUTED_VALUE"""),"SELESAI") -> SELESAI | G70: =IFERROR(__xludf.DUMMYFUNCTION("""COMPUTED_VALUE"""),45593.59668495371) -> 45593.597 | H70: =IFERROR(__xludf.DUMMYFUNCTION("""COMPUTED_VALUE"""),"Bu Eva (SU)") -> Bu Eva (SU) | I70: =IFERROR(__xludf.DUMMYFUNCTION("""COMPUTED_VALUE"""),"SELESAI") -> SELESAI | J70: =IFERROR(__xludf.DUMMYFUNCTION("""COMPUTED_VALUE"""),45595.56527680556) -> 45595.565 | K70: =IFERROR(__xludf.DUMMYFUNCTION("""COMPUTED_VALUE"""),"SELESAI") -> SELESAI | L70: =IFERROR(__xludf.DUMMYFUNCTION("""COMPUTED_VALUE"""),45595.56527680556) -> 45595.565 | M70: =IFERROR(__xludf.DUMMYFUNCTION("""COMPUTED_VALUE"""),"") | N70: =IFERROR(__xludf.DUMMYFUNCTION("""COMPUTED_VALUE"""),45595.5653078125) -> 45595.565 | O70: =IF(N70="","",O69+1) -> 4
B71: =IFERROR(__xludf.DUMMYFUNCTION("""COMPUTED_VALUE"""),66.0) -> 66 | C71: =IFERROR(__xludf.DUMMYFUNCTION("""COMPUTED_VALUE"""),"HGB 254/CAMPANG RAYA") -> HGB 254/CAMPANG RAYA | D71: =IFERROR(__xludf.DUMMYFUNCTION("""COMPUTED_VALUE"""),"L/34/251024/1") -> L/34/251024/1 | E71: =IFERROR(__xludf.DUMMYFUNCTION("""COMPUTED_VALUE"""),"Afriza (BT)") -> Afriza (BT) | F71: =IFERROR(__xludf.DUMMYFUNCTION("""COMPUTED_VALUE"""),"SELESAI") -> SELESAI | G71: =IFERROR(__xludf.DUMMYFUNCTION("""COMPUTED_VALUE"""),45593.63022961805) -> 45593.63 | H71: =IFERROR(__xludf.DUMMYFUNCTION("""COMPUTED_VALUE"""),"Bu Eva (SU)") -> Bu Eva (SU) | I71: =IFERROR(__xludf.DUMMYFUNCTION("""COMPUTED_VALUE"""),"SELESAI") -> SELESAI | J71: =IFERROR(__xludf.DUMMYFUNCTION("""COMPUTED_VALUE"""),45595.54944688657) -> 45595.549 | K71: =IFERROR(__xludf.DUMMYFUNCTION("""COMPUTED_VALUE"""),"SELESAI") -> SELESAI | L71: =IFERROR(__xludf.DUMMYFUNCTION("""COMPUTED_VALUE"""),45595.54944688657) -> 45595.549 | M71: =IFERROR(__xludf.DUMMYFUNCTION("""COMPUTED_VALUE"""),"") | N71: =IFERROR(__xludf.DUMMYFUNCTION("""COMPUTED_VALUE"""),45595.54949771991) -> 45595.55 | O71: =IF(N71="","",O70+1) -> 5
B72: =IFERROR(__xludf.DUMMYFUNCTION("""COMPUTED_VALUE"""),67.0) -> 67 | C72: =IFERROR(__xludf.DUMMYFUNCTION("""COMPUTED_VALUE"""),"M. 3227/Gunung Terang") -> M. 3227/Gunung Terang | D72: =IFERROR(__xludf.DUMMYFUNCTION("""COMPUTED_VALUE"""),"K/37/251024/1") -> K/37/251024/1 | E72: =IFERROR(__xludf.DUMMYFUNCTION("""COMPUTED_VALUE"""),"Afriza (BT)") -> Afriza (BT) | F72: =IFERROR(__xludf.DUMMYFUNCTION("""COMPUTED_VALUE"""),"SELESAI") -> SELESAI | G72: =IFERROR(__xludf.DUMMYFUNCTION("""COMPUTED_VALUE"""),45594.61528614583) -> 45594.615 | H72: =IFERROR(__xludf.DUMMYFUNCTION("""COMPUTED_VALUE"""),"Bu Eva (SU)") -> Bu Eva (SU) | I72: =IFERROR(__xludf.DUMMYFUNCTION("""COMPUTED_VALUE"""),"SELESAI") -> SELESAI | J72: =IFERROR(__xludf.DUMMYFUNCTION("""COMPUTED_VALUE"""),45595.48598813657) -> 45595.486 | K72: =IFERROR(__xludf.DUMMYFUNCTION("""COMPUTED_VALUE"""),"SELESAI") -> SELESAI | L72: =IFERROR(__xludf.DUMMYFUNCTION("""COMPUTED_VALUE"""),45595.48598813657) -> 45595.486 | M72: =IFERROR(__xludf.DUMMYFUNCTION("""COMPUTED_VALUE"""),"") | N72: =IFERROR(__xludf.DUMMYFUNCTION("""COMPUTED_VALUE"""),45595.48602387731) -> 45595.486 | O72: =IF(N72="","",O71+1) -> 6
B73: =IFERROR(__xludf.DUMMYFUNCTION("""COMPUTED_VALUE"""),68.0) -> 68 | C73: =IFERROR(__xludf.DUMMYFUNCTION("""COMPUTED_VALUE"""),"M. 9417/ Sidodadi") -> M. 9417/ Sidodadi | D73: =IFERROR(__xludf.DUMMYFUNCTION("""COMPUTED_VALUE"""),"K/15/281024/1") -> K/15/281024/1 | E73: =IFERROR(__xludf.DUMMYFUNCTION("""COMPUTED_VALUE"""),"Afriza (BT)") -> Afriza (BT) | F73: =IFERROR(__xludf.DUMMYFUNCTION("""COMPUTED_VALUE"""),"SELESAI") -> SELESAI | G73: =IFERROR(__xludf.DUMMYFUNCTION("""COMPUTED_VALUE"""),45594.61537141204) -> 45594.615 | H73: =IFERROR(__xludf.DUMMYFUNCTION("""COMPUTED_VALUE"""),"Bu Eva (SU)") -> Bu Eva (SU) | I73: =IFERROR(__xludf.DUMMYFUNCTION("""COMPUTED_VALUE"""),"SELESAI") -> SELESAI | J73: =IFERROR(__xludf.DUMMYFUNCTION("""COMPUTED_VALUE"""),45595.48790385417) -> 45595.488 | K73: =IFERROR(__xludf.DUMMYFUNCTION("""COMPUTED_VALUE"""),"SELESAI") -> SELESAI | L73: =IFERROR(__xludf.DUMMYFUNCTION("""COMPUTED_VALUE"""),45595.48790385417) -> 45595.488 | M73: =IFERROR(__xludf.DUMMYFUNCTION("""COMPUTED_VALUE"""),"") | N73: =IFERROR(__xludf.DUMMYFUNCTION("""COMPUTED_VALUE"""),45595.488282986116) -> 45595.488 | O73: =IF(N73="","",O72+1) -> 7
B74: =IFERROR(__xludf.DUMMYFUNCTION("""COMPUTED_VALUE"""),69.0) -> 69 | C74: =IFERROR(__xludf.DUMMYFUNCTION("""COMPUTED_VALUE"""),"M.739/NOG") -> M.739/NOG | D74: =IFERROR(__xludf.DUMMYFUNCTION("""COMPUTED_VALUE"""),"L/16/281024/1") -> L/16/281024/1 | E74: =IFERROR(__xludf.DUMMYFUNCTION("""COMPUTED_VALUE"""),"Afriza (BT)") -> Afriza (BT) | F74: =IFERROR(__xludf.DUMMYFUNCTION("""COMPUTED_VALUE"""),"SELESAI") -> SELESAI | G74: =IFERROR(__xludf.DUMMYFUNCTION("""COMPUTED_VALUE"""),45594.61549012731) -> 45594.615 | H74: =IFERROR(__xludf.DUMMYFUNCTION("""COMPUTED_VALUE"""),"Bu Eva (SU)") -> Bu Eva (SU) | I74: =IFERROR(__xludf.DUMMYFUNCTION("""COMPUTED_VALUE"""),"SELESAI") -> SELESAI | J74: =IFERROR(__xludf.DUMMYFUNCTION("""COMPUTED_VALUE"""),45595.48856395834) -> 45595.489 | K74: =IFERROR(__xludf.DUMMYFUNCTION("""COMPUTED_VALUE"""),"SELESAI") -> SELESAI | L74: =IFERROR(__xludf.DUMMYFUNCTION("""COMPUTED_VALUE"""),45595.48856395834) -> 45595.489 | M74: =IFERROR(__xludf.DUMMYFUNCTION("""COMPUTED_VALUE"""),"") | N74: =IFERROR(__xludf.DUMMYFUNCTION("""COMPUTED_VALUE"""),45595.488582245365) -> 45595.489 | O74: =IF(N74="","",O73+1) -> 8
B75: =IFERROR(__xludf.DUMMYFUNCTION("""COMPUTED_VALUE"""),70.0) -> 70 | C75: =IFERROR(__xludf.DUMMYFUNCTION("""COMPUTED_VALUE"""),"B. 903/ Kemiling Permai") -> B. 903/ Kemiling Permai | D75: =IFERROR(__xludf.DUMMYFUNCTION("""COMPUTED_VALUE"""),"K/40/281024/1") -> K/40/281024/1 | E75: =IFERROR(__xludf.DUMMYFUNCTION("""COMPUTED_VALUE"""),"Afriza (BT)") -> Afriza (BT) | F75: =IFERROR(__xludf.DUMMYFUNCTION("""COMPUTED_VALUE"""),"SELESAI") -> SELESAI | G75: =IFERROR(__xludf.DUMMYFUNCTION("""COMPUTED_VALUE"""),45594.61586658565) -> 45594.616 | H75: =IFERROR(__xludf.DUMMYFUNCTION("""COMPUTED_VALUE"""),"Bu Eva (SU)") -> Bu Eva (SU) | I75: =IFERROR(__xludf.DUMMYFUNCTION("""COMPUTED_VALUE"""),"SELESAI") -> SELESAI | J75: =IFERROR(__xludf.DUMMYFUNCTION("""COMPUTED_VALUE"""),45595.48632949074) -> 45595.486 | K75: =IFERROR(__xludf.DUMMYFUNCTION("""COMPUTED_VALUE"""),"SELESAI") -> SELESAI | L75: =IFERROR(__xludf.DUMMYFUNCTION("""COMPUTED_VALUE"""),45595.48632949074) -> 45595.486 | M75: =IFERROR(__xludf.DUMMYFUNCTION("""COMPUTED_VALUE"""),45603.41693021991) -> 45603.417 | N75: =IFERROR(__xludf.DUMMYFUNCTION("""COMPUTED_VALUE"""),45595.486369363425) -> 45595.486 | O75: =IF(N75="","",O74+1) -> 9
B76: =IFERROR(__xludf.DUMMYFUNCTION("""COMPUTED_VALUE"""),71.0) -> 71 | C76: =IFERROR(__xludf.DUMMYFUNCTION("""COMPUTED_VALUE"""),"M. 652/ PINANG JAYA") -> M. 652/ PINANG JAYA | D76: =IFERROR(__xludf.DUMMYFUNCTION("""COMPUTED_VALUE"""),"K/21/151024/1") -> K/21/151024/1 | E76: =IFERROR(__xludf.DUMMYFUNCTION("""COMPUTED_VALUE"""),"Afriza (BT)") -> Afriza (BT) | F76: =IFERROR(__xludf.DUMMYFUNCTION("""COMPUTED_VALUE"""),"SELESAI (VIA PERMOHONAN)") -> SELESAI (VIA PERMOHONAN) | G76: =IFERROR(__xludf.DUMMYFUNCTION("""COMPUTED_VALUE"""),45594.66283952547) -> 45594.663 | H76: =IFERROR(__xludf.DUMMYFUNCTION("""COMPUTED_VALUE"""),"Bu Eva (SU)") -> Bu Eva (SU) | I76: =IFERROR(__xludf.DUMMYFUNCTION("""COMPUTED_VALUE"""),"SELESAI (VIA PERMOHONAN)") -> SELESAI (VIA PERMOHONAN) | J76: =IFERROR(__xludf.DUMMYFUNCTION("""COMPUTED_VALUE"""),45594.70446359954) -> 45594.704 | K76: =IFERROR(__xludf.DUMMYFUNCTION("""COMPUTED_VALUE"""),"Selesai") -> Selesai | L76: =IFERROR(__xludf.DUMMYFUNCTION("""COMPUTED_VALUE"""),45594.70446359954) -> 45594.704 | M76: =IFERROR(__xludf.DUMMYFUNCTION("""COMPUTED_VALUE"""),45594.70450315972) -> 45594.704 | N76: =IFERROR(__xludf.DUMMYFUNCTION("""COMPUTED_VALUE"""),"") | O76: =IF(N76="","",O75+1)
B77: =IFERROR(__xludf.DUMMYFUNCTION("""COMPUTED_VALUE"""),72.0) -> 72 | C77: =IFERROR(__xludf.DUMMYFUNCTION("""COMPUTED_VALUE"""),"B.1072/CAMPANG JAYA") -> B.1072/CAMPANG JAYA | D77: =IFERROR(__xludf.DUMMYFUNCTION("""COMPUTED_VALUE"""),"L/32/231024/1") -> L/32/231024/1 | E77: =IFERROR(__xludf.DUMMYFUNCTION("""COMPUTED_VALUE"""),"Afriza (BT)") -> Afriza (BT) | F77: =IFERROR(__xludf.DUMMYFUNCTION("""COMPUTED_VALUE"""),"SELESAI (VIA PERMOHONAN)") -> SELESAI (VIA PERMOHONAN) | G77: =IFERROR(__xludf.DUMMYFUNCTION("""COMPUTED_VALUE"""),45594.66440173611) -> 45594.664 | H77: =IFERROR(__xludf.DUMMYFUNCTION("""COMPUTED_VALUE"""),"Aprill (SU)") -> Aprill (SU) | I77: =IFERROR(__xludf.DUMMYFUNCTION("""COMPUTED_VALUE"""),"SELESAI (VIA PERMOHONAN)") -> SELESAI (VIA PERMOHONAN) | J77: =IFERROR(__xludf.DUMMYFUNCTION("""COMPUTED_VALUE"""),45595.57007613426) -> 45595.57 | K77: =IFERROR(__xludf.DUMMYFUNCTION("""COMPUTED_VALUE"""),"Selesai") -> Selesai | L77: =IFERROR(__xludf.DUMMYFUNCTION("""COMPUTED_VALUE"""),45595.57007613426) -> 45595.57 | M77: =IFERROR(__xludf.DUMMYFUNCTION("""COMPUTED_VALUE"""),45595.57009165509) -> 45595.57 | N77: =IFERROR(__xludf.DUMMYFUNCTION("""COMPUTED_VALUE"""),"") | O77: =IF(N77="","",O76+1)
B78: =IFERROR(__xludf.DUMMYFUNCTION("""COMPUTED_VALUE"""),73.0) -> 73 | C78: =IFERROR(__xludf.DUMMYFUNCTION("""COMPUTED_VALUE"""),"M.2112 SUMBEREJO/KEMILING") -> M.2112 SUMBEREJO/KEMILING | D78: =IFERROR(__xludf.DUMMYFUNCTION("""COMPUTED_VALUE"""),"L/31/281024/1") -> L/31/281024/1 | E78: =IFERROR(__xludf.DUMMYFUNCTION("""COMPUTED_VALUE"""),"Nadian (BT)") -> Nadian (BT) | F78: =IFERROR(__xludf.DUMMYFUNCTION("""COMPUTED_VALUE"""),"SELESAI") -> SELESAI | G78: =IFERROR(__xludf.DUMMYFUNCTION("""COMPUTED_VALUE"""),45594.67371525463) -> 45594.674 | H78: =IFERROR(__xludf.DUMMYFUNCTION("""COMPUTED_VALUE"""),"Aprill (SU)") -> Aprill (SU) | I78: =IFERROR(__xludf.DUMMYFUNCTION("""COMPUTED_VALUE"""),"SELESAI") -> SELESAI | J78: =IFERROR(__xludf.DUMMYFUNCTION("""COMPUTED_VALUE"""),45595.49148109954) -> 45595.491 | K78: =IFERROR(__xludf.DUMMYFUNCTION("""COMPUTED_VALUE"""),"SELESAI") -> SELESAI | L78: =IFERROR(__xludf.DUMMYFUNCTION("""COMPUTED_VALUE"""),45595.49148109954) -> 45595.491 | M78: =IFERROR(__xludf.DUMMYFUNCTION("""COMPUTED_VALUE"""),"") | N78: =IFERROR(__xludf.DUMMYFUNCTION("""COMPUTED_VALUE"""),45595.4915246412) -> 45595.492 | O78: =IF(N78="","",O77+1) -> 1
B79: =IFERROR(__xludf.DUMMYFUNCTION("""COMPUTED_VALUE"""),74.0) -> 74 | C79: =IFERROR(__xludf.DUMMYFUNCTION("""COMPUTED_VALUE"""),"B.244/LRR;B.28/LR-DAHULU") -> B.244/LRR;B.28/LR-DAHULU | D79: =IFERROR(__xludf.DUMMYFUNCTION("""COMPUTED_VALUE"""),"L/32/281024/1") -> L/32/281024/1 | E79: =IFERROR(__xludf.DUMMYFUNCTION("""COMPUTED_VALUE"""),"Nadian (BT)") -> Nadian (BT) | F79: =IFERROR(__xludf.DUMMYFUNCTION("""COMPUTED_VALUE"""),"SELESAI") -> SELESAI | G79: =IFERROR(__xludf.DUMMYFUNCTION("""COMPUTED_VALUE"""),45594.67391582176) -> 45594.674 | H79: =IFERROR(__xludf.DUMMYFUNCTION("""COMPUTED_VALUE"""),"Aprill (SU)") -> Aprill (SU) | I79: =IFERROR(__xludf.DUMMYFUNCTION("""COMPUTED_VALUE"""),"SELESAI") -> SELESAI | J79: =IFERROR(__xludf.DUMMYFUNCTION("""COMPUTED_VALUE"""),45595.494501099536) -> 45595.495 | K79: =IFERROR(__xludf.DUMMYFUNCTION("""COMPUTED_VALUE"""),"SELESAI") -> SELESAI | L79: =IFERROR(__xludf.DUMMYFUNCTION("""COMPUTED_VALUE"""),45595.494501099536) -> 45595.495 | M79: =IFERROR(__xludf.DUMMYFUNCTION("""COMPUTED_VALUE"""),"") | N79: =IFERROR(__xludf.DUMMYFUNCTION("""COMPUTED_VALUE"""),45595.4945334838) -> 45595.495 | O79: =IF(N79="","",O78+1) -> 2
B80: =IFERROR(__xludf.DUMMYFUNCTION("""COMPUTED_VALUE"""),75.0) -> 75 | C80: =IFERROR(__xludf.DUMMYFUNCTION("""COMPUTED_VALUE"""),"B.161/LRR;B.161/LR-DAHULU") -> B.161/LRR;B.161/LR-DAHULU | D80: =IFERROR(__xludf.DUMMYFUNCTION("""COMPUTED_VALUE"""),"L/33/281024/2") -> L/33/281024/2 | E80: =IFERROR(__xludf.DUMMYFUNCTION("""COMPUTED_VALUE"""),"Nadian (BT)") -> Nadian (BT) | F80: =IFERROR(__xludf.DUMMYFUNCTION("""COMPUTED_VALUE"""),"SELESAI") -> SELESAI | G80: =IFERROR(__xludf.DUMMYFUNCTION("""COMPUTED_VALUE"""),45594.67405741898) -> 45594.674 | H80: =IFERROR(__xludf.DUMMYFUNCTION("""COMPUTED_VALUE"""),"Aprill (SU)") -> Aprill (SU) | I80: =IFERROR(__xludf.DUMMYFUNCTION("""COMPUTED_VALUE"""),"SELESAI") -> SELESAI | J80: =IFERROR(__xludf.DUMMYFUNCTION("""COMPUTED_VALUE"""),45595.49256665509) -> 45595.493 | K80: =IFERROR(__xludf.DUMMYFUNCTION("""COMPUTED_VALUE"""),"SELESAI") -> SELESAI | L80: =IFERROR(__xludf.DUMMYFUNCTION("""COMPUTED_VALUE"""),45595.49256665509) -> 45595.493 | M80: =IFERROR(__xludf.DUMMYFUNCTION("""COMPUTED_VALUE"""),"") | N80: =IFERROR(__xludf.DUMMYFUNCTION("""COMPUTED_VALUE"""),45595.49260116898) -> 45595.493 | O80: =IF(N80="","",O79+1) -> 3
B81: =IFERROR(__xludf.DUMMYFUNCTION("""COMPUTED_VALUE"""),76.0) -> 76 | C81: =IFERROR(__xludf.DUMMYFUNCTION("""COMPUTED_VALUE"""),"M.15567/S I") -> M.15567/S I | D81: =IFERROR(__xludf.DUMMYFUNCTION("""COMPUTED_VALUE"""),"L/26/251024/1") -> L/26/251024/1 | E81: =IFERROR(__xludf.DUMMYFUNCTION("""COMPUTED_VALUE"""),"Nadian (BT)") -> Nadian (BT) | F81: =IFERROR(__xludf.DUMMYFUNCTION("""COMPUTED_VALUE"""),"SELESAI") -> SELESAI | G81: =IFERROR(__xludf.DUMMYFUNCTION("""COMPUTED_VALUE"""),45594.674276087964) -> 45594.674 | H81: =IFERROR(__xludf.DUMMYFUNCTION("""COMPUTED_VALUE"""),"Aprill (SU)") -> Aprill (SU) | I81: =IFERROR(__xludf.DUMMYFUNCTION("""COMPUTED_VALUE"""),"SELESAI") -> SELESAI | J81: =IFERROR(__xludf.DUMMYFUNCTION("""COMPUTED_VALUE"""),45595.49600854167) -> 45595.496 | K81: =IFERROR(__xludf.DUMMYFUNCTION("""COMPUTED_VALUE"""),"SELESAI") -> SELESAI | L81: =IFERROR(__xludf.DUMMYFUNCTION("""COMPUTED_VALUE"""),45595.49600854167) -> 45595.496 | M81: =IFERROR(__xludf.DUMMYFUNCTION("""COMPUTED_VALUE"""),"") | N81: =IFERROR(__xludf.DUMMYFUNCTION("""COMPUTED_VALUE"""),45595.49606052083) -> 45595.496 | O81: =IF(N81="","",O80+1) -> 4
B82: =IFERROR(__xludf.DUMMYFUNCTION("""COMPUTED_VALUE"""),77.0) -> 77 | C82: =IFERROR(__xludf.DUMMYFUNCTION("""COMPUTED_VALUE"""),"HGB 208/PWK") -> HGB 208/PWK | D82: =IFERROR(__xludf.DUMMYFUNCTION("""COMPUTED_VALUE"""),"L/1/261024/1") -> L/1/261024/1 | E82: =IFERROR(__xludf.DUMMYFUNCTION("""COMPUTED_VALUE"""),"Nadian (BT)") -> Nadian (BT) | F82: =IFERROR(__xludf.DUMMYFUNCTION("""COMPUTED_VALUE"""),"SELESAI") -> SELESAI | G82: =IFERROR(__xludf.DUMMYFUNCTION("""COMPUTED_VALUE"""),45594.67443677083) -> 45594.674 | H82: =IFERROR(__xludf.DUMMYFUNCTION("""COMPUTED_VALUE"""),"Aprill (SU)") -> Aprill (SU) | I82: =IFERROR(__xludf.DUMMYFUNCTION("""COMPUTED_VALUE"""),"SELESAI") -> SELESAI | J82: =IFERROR(__xludf.DUMMYFUNCTION("""COMPUTED_VALUE"""),45595.49636207176) -> 45595.496 | K82: =IFERROR(__xludf.DUMMYFUNCTION("""COMPUTED_VALUE"""),"SELESAI") -> SELESAI | L82: =IFERROR(__xludf.DUMMYFUNCTION("""COMPUTED_VALUE"""),45595.49636207176) -> 45595.496 | M82: =IFERROR(__xludf.DUMMYFUNCTION("""COMPUTED_VALUE"""),"") | N82: =IFERROR(__xludf.DUMMYFUNCTION("""COMPUTED_VALUE"""),45595.49641577546) -> 45595.496 | O82: =IF(N82="","",O81+1) -> 5
B83: =IFERROR(__xludf.DUMMYFUNCTION("""COMPUTED_VALUE"""),78.0) -> 78 | C83: =IFERROR(__xludf.DUMMYFUNCTION("""COMPUTED_VALUE"""),"M.231/CAMPANG JAYA-SEKARANG;M.231/NUSANTARA PERMAI-DAHULU") -> M.231/CAMPANG JAYA-SEKARANG;M.231/NUSANTARA PERMAI-DAHULU | D83: =IFERROR(__xludf.DUMMYFUNCTION("""COMPUTED_VALUE"""),"K/19/281024/1") -> K/19/281024/1 | E83: =IFERROR(__xludf.DUMMYFUNCTION("""COMPUTED_VALUE"""),"Nadian (BT)") -> Nadian (BT) | F83: =IFERROR(__xludf.DUMMYFUNCTION("""COMPUTED_VALUE"""),"SELESAI") -> SELESAI | G83: =IFERROR(__xludf.DUMMYFUNCTION("""COMPUTED_VALUE"""),45594.67485768518) -> 45594.675 | H83: =IFERROR(__xludf.DUMMYFUNCTION("""COMPUTED_VALUE"""),"Aprill (SU)") -> Aprill (SU) | I83: =IFERROR(__xludf.DUMMYFUNCTION("""COMPUTED_VALUE"""),"SELESAI") -> SELESAI | J83: =IFERROR(__xludf.DUMMYFUNCTION("""COMPUTED_VALUE"""),45595.491182673606) -> 45595.491 | K83: =IFERROR(__xludf.DUMMYFUNCTION("""COMPUTED_VALUE"""),"SELESAI") -> SELESAI | L83: =IFERROR(__xludf.DUMMYFUNCTION("""COMPUTED_VALUE"""),45595.491182673606) -> 45595.491 | M83: =IFERROR(__xludf.DUMMYFUNCTION("""COMPUTED_VALUE"""),"") | N83: =IFERROR(__xludf.DUMMYFUNCTION("""COMPUTED_VALUE"""),45595.49122361111) -> 45595.491 | O83: =IF(N83="","",O82+1) -> 6
B84: =IFERROR(__xludf.DUMMYFUNCTION("""COMPUTED_VALUE"""),79.0) -> 79 | C84: =IFERROR(__xludf.DUMMYFUNCTION("""COMPUTED_VALUE"""),"HGB 3734/BERINGIN RAYA") -> HGB 3734/BERINGIN RAYA | D84: =IFERROR(__xludf.DUMMYFUNCTION("""COMPUTED_VALUE"""),"L/22/281024/1") -> L/22/281024/1 | E84: =IFERROR(__xludf.DUMMYFUNCTION("""COMPUTED_VALUE"""),"Nadian (BT)") -> Nadian (BT) | F84: =IFERROR(__xludf.DUMMYFUNCTION("""COMPUTED_VALUE"""),"SELESAI") -> SELESAI | G84: =IFERROR(__xludf.DUMMYFUNCTION("""COMPUTED_VALUE"""),45594.67507744213) -> 45594.675 | H84: =IFERROR(__xludf.DUMMYFUNCTION("""COMPUTED_VALUE"""),"Aprill (SU)") -> Aprill (SU) | I84: =IFERROR(__xludf.DUMMYFUNCTION("""COMPUTED_VALUE"""),"SELESAI") -> SELESAI | J84: =IFERROR(__xludf.DUMMYFUNCTION("""COMPUTED_VALUE"""),45595.49508784722) -> 45595.495 | K84: =IFERROR(__xludf.DUMMYFUNCTION("""COMPUTED_VALUE"""),"SELESAI") -> SELESAI | L84: =IFERROR(__xludf.DUMMYFUNCTION("""COMPUTED_VALUE"""),45595.49508784722) -> 45595.495 | M84: =IFERROR(__xludf.DUMMYFUNCTION("""COMPUTED_VALUE"""),"") | N84: =IFERROR(__xludf.DUMMYFUNCTION("""COMPUTED_VALUE"""),45595.495125104164) -> 45595.495 | O84: =IF(N84="","",O83+1) -> 7
B85: =IFERROR(__xludf.DUMMYFUNCTION("""COMPUTED_VALUE"""),80.0) -> 80 | C85: =IFERROR(__xludf.DUMMYFUNCTION("""COMPUTED_VALUE"""),"B. 835/ Perumnas Way Kandis; B. 309/ Way Kandis") -> B. 835/ Perumnas Way Kandis; B. 309/ Way Kandis | D85: =IFERROR(__xludf.DUMMYFUNCTION("""COMPUTED_VALUE"""),"K/27/281024/1") -> K/27/281024/1 | E85: =IFERROR(__xludf.DUMMYFUNCTION("""COMPUTED_VALUE"""),"Nadian (BT)") -> Nadian (BT) | F85: =IFERROR(__xludf.DUMMYFUNCTION("""COMPUTED_VALUE"""),"SELESAI") -> SELESAI | G85: =IFERROR(__xludf.DUMMYFUNCTION("""COMPUTED_VALUE"""),45594.67524456019) -> 45594.675 | H85: =IFERROR(__xludf.DUMMYFUNCTION("""COMPUTED_VALUE"""),"Aprill (SU)") -> Aprill (SU) | I85: =IFERROR(__xludf.DUMMYFUNCTION("""COMPUTED_VALUE"""),"SELESAI") -> SELESAI | J85: =IFERROR(__xludf.DUMMYFUNCTION("""COMPUTED_VALUE"""),45595.49367788194) -> 45595.494 | K85: =IFERROR(__xludf.DUMMYFUNCTION("""COMPUTED_VALUE"""),"SELESAI") -> SELESAI | L85: =IFERROR(__xludf.DUMMYFUNCTION("""COMPUTED_VALUE"""),45595.49367788194) -> 45595.494 | M85: =IFERROR(__xludf.DUMMYFUNCTION("""COMPUTED_VALUE"""),"") | N85: =IFERROR(__xludf.DUMMYFUNCTION("""COMPUTED_VALUE"""),45595.49537361111) -> 45595.495 | O85: =IF(N85="","",O84+1) -> 8
B86: =IFERROR(__xludf.DUMMYFUNCTION("""COMPUTED_VALUE"""),81.0) -> 81 | C86: =IFERROR(__xludf.DUMMYFUNCTION("""COMPUTED_VALUE"""),"M. 12564/ Rajabasa Nunyai; 1137/ Rajabasa Dahulu") -> M. 12564/ Rajabasa Nunyai; 1137/ Rajabasa Dahulu | D86: =IFERROR(__xludf.DUMMYFUNCTION("""COMPUTED_VALUE"""),"K/27/161024/1") -> K/27/161024/1 | E86: =IFERROR(__xludf.DUMMYFUNCTION("""COMPUTED_VALUE"""),"Nadian (BT)") -> Nadian (BT) | F86: =IFERROR(__xludf.DUMMYFUNCTION("""COMPUTED_VALUE"""),"SELESAI (VIA PERMOHONAN)") -> SELESAI (VIA PERMOHONAN) | G86: =IFERROR(__xludf.DUMMYFUNCTION("""COMPUTED_VALUE"""),45594.67578853009) -> 45594.676 | H86: =IFERROR(__xludf.DUMMYFUNCTION("""COMPUTED_VALUE"""),"Aprill (SU)") -> Aprill (SU) | I86: =IFERROR(__xludf.DUMMYFUNCTION("""COMPUTED_VALUE"""),"SELESAI (VIA PERMOHONAN)") -> SELESAI (VIA PERMOHONAN) | J86: =IFERROR(__xludf.DUMMYFUNCTION("""COMPUTED_VALUE"""),45596.55514606481) -> 45596.555 | K86: =IFERROR(__xludf.DUMMYFUNCTION("""COMPUTED_VALUE"""),"Selesai") -> Selesai | L86: =IFERROR(__xludf.DUMMYFUNCTION("""COMPUTED_VALUE"""),45596.55514606481) -> 45596.555 | M86: =IFERROR(__xludf.DUMMYFUNCTION("""COMPUTED_VALUE"""),45596.555765613426) -> 45596.556 | N86: =IFERROR(__xludf.DUMMYFUNCTION("""COMPUTED_VALUE"""),"") | O86: =IF(N86="","",O85+1)
B87: =IFERROR(__xludf.DUMMYFUNCTION("""COMPUTED_VALUE"""),82.0) -> 82 | C87: =IFERROR(__xludf.DUMMYFUNCTION("""COMPUTED_VALUE"""),"M. 11085/ Kedamaian; SHT 4351/2015") -> M. 11085/ Kedamaian; SHT 4351/2015 | D87: =IFERROR(__xludf.DUMMYFUNCTION("""COMPUTED_VALUE"""),"K/44/231024/1") -> K/44/231024/1 | E87: =IFERROR(__xludf.DUMMYFUNCTION("""COMPUTED_VALUE"""),"Nadian (BT)") -> Nadian (BT) | F87: =IFERROR(__xludf.DUMMYFUNCTION("""COMPUTED_VALUE"""),"SELESAI") -> SELESAI | G87: =IFERROR(__xludf.DUMMYFUNCTION("""COMPUTED_VALUE"""),45594.67651171296) -> 45594.677 | H87: =IFERROR(__xludf.DUMMYFUNCTION("""COMPUTED_VALUE"""),"Aprill (SU)") -> Aprill (SU) | I87: =IFERROR(__xludf.DUMMYFUNCTION("""COMPUTED_VALUE"""),"SELESAI (VIA PERMOHONAN)") -> SELESAI (VIA PERMOHONAN) | J87: =IFERROR(__xludf.DUMMYFUNCTION("""COMPUTED_VALUE"""),45596.55550258102) -> 45596.556 | K87: =IFERROR(__xludf.DUMMYFUNCTION("""COMPUTED_VALUE"""),"Selesai") -> Selesai | L87: =IFERROR(__xludf.DUMMYFUNCTION("""COMPUTED_VALUE"""),45596.55550258102) -> 45596.556 | M87: =IFERROR(__xludf.DUMMYFUNCTION("""COMPUTED_VALUE"""),45596.55579387731) -> 45596.556 | N87: =IFERROR(__xludf.DUMMYFUNCTION("""COMPUTED_VALUE"""),"") | O87: =IF(N87="","",O86+1)
B88: =IFERROR(__xludf.DUMMYFUNCTION("""COMPUTED_VALUE"""),83.0) -> 83 | C88: =IFERROR(__xludf.DUMMYFUNCTION("""COMPUTED_VALUE"""),"M. 13651/ Labuhan Ratu; SHT 2739/2019") -> M. 13651/ Labuhan Ratu; SHT 2739/2019 | D88: =IFERROR(__xludf.DUMMYFUNCTION("""COMPUTED_VALUE"""),"K/50/211024/1") -> K/50/211024/1 | E88: =IFERROR(__xludf.DUMMYFUNCTION("""COMPUTED_VALUE"""),"Afriza (BT)") -> Afriza (BT) | F88: =IFERROR(__xludf.DUMMYFUNCTION("""COMPUTED_VALUE"""),"SELESAI") -> SELESAI | G88: =IFERROR(__xludf.DUMMYFUNCTION("""COMPUTED_VALUE"""),45595.58891980324) -> 45595.589 | H88: =IFERROR(__xludf.DUMMYFUNCTION("""COMPUTED_VALUE"""),"Aprill (SU)") -> Aprill (SU) | I88: =IFERROR(__xludf.DUMMYFUNCTION("""COMPUTED_VALUE"""),"SELESAI (VIA PERMOHONAN)") -> SELESAI (VIA PERMOHONAN) | J88: =IFERROR(__xludf.DUMMYFUNCTION("""COMPUTED_VALUE"""),45597.575680787035) -> 45597.576 | K88: =IFERROR(__xludf.DUMMYFUNCTION("""COMPUTED_VALUE"""),"Selesai") -> Selesai | L88: =IFERROR(__xludf.DUMMYFUNCTION("""COMPUTED_VALUE"""),45597.575680787035) -> 45597.576 | M88: =IFERROR(__xludf.DUMMYFUNCTION("""COMPUTED_VALUE"""),45597.57578427083) -> 45597.576 | N88: =IFERROR(__xludf.DUMMYFUNCTION("""COMPUTED_VALUE"""),45609.47586160879) -> 45609.476 | O88: =IF(N88="","",O87+1) -> 1
B89: =IFERROR(__xludf.DUMMYFUNCTION("""COMPUTED_VALUE"""),84.0) -> 84 | C89: =IFERROR(__xludf.DUMMYFUNCTION("""COMPUTED_VALUE"""),"M.2281/SU HAM") -> M.2281/SU HAM | D89: =IFERROR(__xludf.DUMMYFUNCTION("""COMPUTED_VALUE"""),"L/23/291024/1") -> L/23/291024/1 | E89: =IFERROR(__xludf.DUMMYFUNCTION("""COMPUTED_VALUE"""),"Nadian (BT)") -> Nadian (BT) | F89: =IFERROR(__xludf.DUMMYFUNCTION("""COMPUTED_VALUE"""),"SELESAI") -> SELESAI | G89: =IFERROR(__xludf.DUMMYFUNCTION("""COMPUTED_VALUE"""),45595.66857834491) -> 45595.669 | H89: =IFERROR(__xludf.DUMMYFUNCTION("""COMPUTED_VALUE"""),"Bu Eva (SU)") -> Bu Eva (SU) | I89: =IFERROR(__xludf.DUMMYFUNCTION("""COMPUTED_VALUE"""),"SELESAI") -> SELESAI | J89: =IFERROR(__xludf.DUMMYFUNCTION("""COMPUTED_VALUE"""),45596.55688207176) -> 45596.557 | K89: =IFERROR(__xludf.DUMMYFUNCTION("""COMPUTED_VALUE"""),"SELESAI") -> SELESAI | L89: =IFERROR(__xludf.DUMMYFUNCTION("""COMPUTED_VALUE"""),45596.55688207176) -> 45596.557 | M89: =IFERROR(__xludf.DUMMYFUNCTION("""COMPUTED_VALUE"""),"") | N89: =IFERROR(__xludf.DUMMYFUNCTION("""COMPUTED_VALUE"""),45596.55734306713) -> 45596.557 | O89: =IF(N89="","",O88+1) -> 2
B90: =IFERROR(__xludf.DUMMYFUNCTION("""COMPUTED_VALUE"""),85.0) -> 85 | C90: =IFERROR(__xludf.DUMMYFUNCTION("""COMPUTED_VALUE"""),"HM 208/KUPANG RAYA") -> HM 208/KUPANG RAYA | D90: =IFERROR(__xludf.DUMMYFUNCTION("""COMPUTED_VALUE"""),"L/2/291024/1") -> L/2/291024/1 | E90: =IFERROR(__xludf.DUMMYFUNCTION("""COMPUTED_VALUE"""),"Nadian (BT)") -> Nadian (BT) | F90: =IFERROR(__xludf.DUMMYFUNCTION("""COMPUTED_VALUE"""),"SELESAI") -> SELESAI | G90: =IFERROR(__xludf.DUMMYFUNCTION("""COMPUTED_VALUE"""),45595.669295011576) -> 45595.669 | H90: =IFERROR(__xludf.DUMMYFUNCTION("""COMPUTED_VALUE"""),"Bu Eva (SU)") -> Bu Eva (SU) | I90: =IFERROR(__xludf.DUMMYFUNCTION("""COMPUTED_VALUE"""),"SELESAI") -> SELESAI | J90: =IFERROR(__xludf.DUMMYFUNCTION("""COMPUTED_VALUE"""),45596.55712601852) -> 45596.557 | K90: =IFERROR(__xludf.DUMMYFUNCTION("""COMPUTED_VALUE"""),"SELESAI") -> SELESAI | L90: =IFERROR(__xludf.DUMMYFUNCTION("""COMPUTED_VALUE"""),45596.55712601852) -> 45596.557 | M90: =IFERROR(__xludf.DUMMYFUNCTION("""COMPUTED_VALUE"""),"") | N90: =IFERROR(__xludf.DUMMYFUNCTION("""COMPUTED_VALUE"""),45596.55728376158) -> 45596.557 | O90: =IF(N90="","",O89+1) -> 3
B91: =IFERROR(__xludf.DUMMYFUNCTION("""COMPUTED_VALUE"""),86.0) -> 86 | C91: =IFERROR(__xludf.DUMMYFUNCTION("""COMPUTED_VALUE"""),"M. 1360/ Tanjungkarang") -> M. 1360/ Tanjungkarang | D91: =IFERROR(__xludf.DUMMYFUNCTION("""COMPUTED_VALUE"""),"K/21/251024/1") -> K/21/251024/1 | E91: =IFERROR(__xludf.DUMMYFUNCTION("""COMPUTED_VALUE"""),"Nadian (BT)") -> Nadian (BT) | F91: =IFERROR(__xludf.DUMMYFUNCTION("""COMPUTED_VALUE"""),"SELESAI") -> SELESAI | G91: =IFERROR(__xludf.DUMMYFUNCTION("""COMPUTED_VALUE"""),45595.67097486111) -> 45595.671 | H91: =IFERROR(__xludf.DUMMYFUNCTION("""COMPUTED_VALUE"""),"Bu Eva (SU)") -> Bu Eva (SU) | I91: =IFERROR(__xludf.DUMMYFUNCTION("""COMPUTED_VALUE"""),"SELESAI (VIA PERMOHONAN)") -> SELESAI (VIA PERMOHONAN) | J91: =IFERROR(__xludf.DUMMYFUNCTION("""COMPUTED_VALUE"""),45596.55456584491) -> 45596.555 | K91: =IFERROR(__xludf.DUMMYFUNCTION("""COMPUTED_VALUE"""),"Selesai") -> Selesai | L91: =IFERROR(__xludf.DUMMYFUNCTION("""COMPUTED_VALUE"""),45596.55456584491) -> 45596.555 | M91: =IFERROR(__xludf.DUMMYFUNCTION("""COMPUTED_VALUE"""),45597.57594821759) -> 45597.576 | N91: =IFERROR(__xludf.DUMMYFUNCTION("""COMPUTED_VALUE"""),"") | O91: =IF(N91="","",O90+1)
B92: =IFERROR(__xludf.DUMMYFUNCTION("""COMPUTED_VALUE"""),87.0) -> 87 | C92: =IFERROR(__xludf.DUMMYFUNCTION("""COMPUTED_VALUE"""),"M.3314/KOTA KARANG") -> M.3314/KOTA KARANG | D92: =IFERROR(__xludf.DUMMYFUNCTION("""COMPUTED_VALUE"""),"K/33/181024/1") -> K/33/181024/1 | E92: =IFERROR(__xludf.DUMMYFUNCTION("""COMPUTED_VALUE"""),"Nadian (BT)") -> Nadian (BT) | F92: =IFERROR(__xludf.DUMMYFUNCTION("""COMPUTED_VALUE"""),"SELESAI") -> SELESAI | G92: =IFERROR(__xludf.DUMMYFUNCTION("""COMPUTED_VALUE"""),45595.67127219908) -> 45595.671 | H92: =IFERROR(__xludf.DUMMYFUNCTION("""COMPUTED_VALUE"""),"Bu Eva (SU)") -> Bu Eva (SU) | I92: =IFERROR(__xludf.DUMMYFUNCTION("""COMPUTED_VALUE"""),"SELESAI (VIA PERMOHONAN)") -> SELESAI (VIA PERMOHONAN) | J92: =IFERROR(__xludf.DUMMYFUNCTION("""COMPUTED_VALUE"""),45596.5546725) -> 45596.555 | K92: =IFERROR(__xludf.DUMMYFUNCTION("""COMPUTED_VALUE"""),"Selesai") -> Selesai | L92: =IFERROR(__xludf.DUMMYFUNCTION("""COMPUTED_VALUE"""),45596.5546725) -> 45596.555 | M92: =IFERROR(__xludf.DUMMYFUNCTION("""COMPUTED_VALUE"""),45597.57594821759) -> 45597.576 | N92: =IFERROR(__xludf.DUMMYFUNCTION("""COMPUTED_VALUE"""),"") | O92: =IF(N92="","",O91+1)
B93: =IFERROR(__xludf.DUMMYFUNCTION("""COMPUTED_VALUE"""),88.0) -> 88 | C93: =IFERROR(__xludf.DUMMYFUNCTION("""COMPUTED_VALUE"""),"HM 1869/TANJUNG SENANG") -> HM 1869/TANJUNG SENANG | D93: =IFERROR(__xludf.DUMMYFUNCTION("""COMPUTED_VALUE"""),"L/38/301024/1") -> L/38/301024/1 | E93: =IFERROR(__xludf.DUMMYFUNCTION("""COMPUTED_VALUE"""),"Nadian (BT)") -> Nadian (BT) | F93: =IFERROR(__xludf.DUMMYFUNCTION("""COMPUTED_VALUE"""),"SELESAI") -> SELESAI | G93: =IFERROR(__xludf.DUMMYFUNCTION("""COMPUTED_VALUE"""),45596.68803148148) -> 45596.688 | H93: =IFERROR(__xludf.DUMMYFUNCTION("""COMPUTED_VALUE"""),"Bu Eva (SU)") -> Bu Eva (SU) | I93: =IFERROR(__xludf.DUMMYFUNCTION("""COMPUTED_VALUE"""),"SELESAI") -> SELESAI | J93: =IFERROR(__xludf.DUMMYFUNCTION("""COMPUTED_VALUE"""),45597.57849431713) -> 45597.578 | K93: =IFERROR(__xludf.DUMMYFUNCTION("""COMPUTED_VALUE"""),"SELESAI") -> SELESAI | L93: =IFERROR(__xludf.DUMMYFUNCTION("""COMPUTED_VALUE"""),45597.57849431713) -> 45597.578 | M93: =IFERROR(__xludf.DUMMYFUNCTION("""COMPUTED_VALUE"""),"") | N93: =IFERROR(__xludf.DUMMYFUNCTION("""COMPUTED_VALUE"""),45600.37450888889) -> 45600.375 | O93: =IF(N93="","",O92+1) -> 1
B94: =IFERROR(__xludf.DUMMYFUNCTION("""COMPUTED_VALUE"""),89.0) -> 89 | C94: =IFERROR(__xludf.DUMMYFUNCTION("""COMPUTED_VALUE"""),"HM 11867/LABUHAN RATU") -> HM 11867/LABUHAN RATU | D94: =IFERROR(__xludf.DUMMYFUNCTION("""COMPUTED_VALUE"""),"L/22/301024/1") -> L/22/301024/1 | E94: =IFERROR(__xludf.DUMMYFUNCTION("""COMPUTED_VALUE"""),"Nadian (BT)") -> Nadian (BT) | F94: =IFERROR(__xludf.DUMMYFUNCTION("""COMPUTED_VALUE"""),"SELESAI") -> SELESAI | G94: =IFERROR(__xludf.DUMMYFUNCTION("""COMPUTED_VALUE"""),45596.68803148148) -> 45596.688 | H94: =IFERROR(__xludf.DUMMYFUNCTION("""COMPUTED_VALUE"""),"Bu Eva (SU)") -> Bu Eva (SU) | I94: =IFERROR(__xludf.DUMMYFUNCTION("""COMPUTED_VALUE"""),"SELESAI") -> SELESAI | J94: =IFERROR(__xludf.DUMMYFUNCTION("""COMPUTED_VALUE"""),45597.57853101852) -> 45597.579 | K94: =IFERROR(__xludf.DUMMYFUNCTION("""COMPUTED_VALUE"""),"SELESAI") -> SELESAI | L94: =IFERROR(__xludf.DUMMYFUNCTION("""COMPUTED_VALUE"""),45597.57853101852) -> 45597.579 | M94: =IFERROR(__xludf.DUMMYFUNCTION("""COMPUTED_VALUE"""),"") | N94: =IFERROR(__xludf.DUMMYFUNCTION("""COMPUTED_VALUE"""),45600.374526493055) -> 45600.375 | O94: =IF(N94="","",O93+1) -> 2
B95: =IFERROR(__xludf.DUMMYFUNCTION("""COMPUTED_VALUE"""),90.0) -> 90 | C95: =IFERROR(__xludf.DUMMYFUNCTION("""COMPUTED_VALUE"""),"HM 2070/PWH") -> HM 2070/PWH | D95: =IFERROR(__xludf.DUMMYFUNCTION("""COMPUTED_VALUE"""),"L/16/301024/1") -> L/16/301024/1 | E95: =IFERROR(__xludf.DUMMYFUNCTION("""COMPUTED_VALUE"""),"Nadian (BT)") -> Nadian (BT) | F95: =IFERROR(__xludf.DUMMYFUNCTION("""COMPUTED_VALUE"""),"SELESAI") -> SELESAI | G95: =IFERROR(__xludf.DUMMYFUNCTION("""COMPUTED_VALUE"""),45596.68812) -> 45596.688 | H95: =IFERROR(__xludf.DUMMYFUNCTION("""COMPUTED_VALUE"""),"Bu Eva (SU)") -> Bu Eva (SU) | I95: =IFERROR(__xludf.DUMMYFUNCTION("""COMPUTED_VALUE"""),"SELESAI") -> SELESAI | J95: =IFERROR(__xludf.DUMMYFUNCTION("""COMPUTED_VALUE"""),45597.57860496528) -> 45597.579 | K95: =IFERROR(__xludf.DUMMYFUNCTION("""COMPUTED_VALUE"""),"SELESAI") -> SELESAI | L95: =IFERROR(__xludf.DUMMYFUNCTION("""COMPUTED_VALUE"""),45597.57860496528) -> 45597.579 | M95: =IFERROR(__xludf.DUMMYFUNCTION("""COMPUTED_VALUE"""),"") | N95: =IFERROR(__xludf.DUMMYFUNCTION("""COMPUTED_VALUE"""),45600.37454844908) -> 45600.375 | O95: =IF(N95="","",O94+1) -> 3
B96: =IFERROR(__xludf.DUMMYFUNCTION("""COMPUTED_VALUE"""),91.0) -> 91 | C96: =IFERROR(__xludf.DUMMYFUNCTION("""COMPUTED_VALUE"""),"HM 617/SUKARAJA") -> HM 617/SUKARAJA | D96: =IFERROR(__xludf.DUMMYFUNCTION("""COMPUTED_VALUE"""),"L/15/301024/1") -> L/15/301024/1 | E96: =IFERROR(__xludf.DUMMYFUNCTION("""COMPUTED_VALUE"""),"Nadian (BT)") -> Nadian (BT) | F96: =IFERROR(__xludf.DUMMYFUNCTION("""COMPUTED_VALUE"""),"SELESAI") -> SELESAI | G96: =IFERROR(__xludf.DUMMYFUNCTION("""COMPUTED_VALUE"""),45596.68829578704) -> 45596.688 | H96: =IFERROR(__xludf.DUMMYFUNCTION("""COMPUTED_VALUE"""),"Bu Eva (SU)") -> Bu Eva (SU) | I96: =IFERROR(__xludf.DUMMYFUNCTION("""COMPUTED_VALUE"""),"SELESAI") -> SELESAI | J96: =IFERROR(__xludf.DUMMYFUNCTION("""COMPUTED_VALUE"""),45597.578725011575) -> 45597.579 | K96: =IFERROR(__xludf.DUMMYFUNCTION("""COMPUTED_VALUE"""),"SELESAI") -> SELESAI | L96: =IFERROR(__xludf.DUMMYFUNCTION("""COMPUTED_VALUE"""),45597.578725011575) -> 45597.579 | M96: =IFERROR(__xludf.DUMMYFUNCTION("""COMPUTED_VALUE"""),"") | N96: =IFERROR(__xludf.DUMMYFUNCTION("""COMPUTED_VALUE"""),45600.374556828705) -> 45600.375 | O96: =IF(N96="","",O95+1) -> 4
B97: =IFERROR(__xludf.DUMMYFUNCTION("""COMPUTED_VALUE"""),92.0) -> 92 | C97: =IFERROR(__xludf.DUMMYFUNCTION("""COMPUTED_VALUE"""),"M.11011/KEDAMAIAN- HT 5445/2014") -> M.11011/KEDAMAIAN- HT 5445/2014 | D97: =IFERROR(__xludf.DUMMYFUNCTION("""COMPUTED_VALUE"""),"L/39/301024/1") -> L/39/301024/1 | E97: =IFERROR(__xludf.DUMMYFUNCTION("""COMPUTED_VALUE"""),"Nadian (BT)") -> Nadian (BT) | F97: =IFERROR(__xludf.DUMMYFUNCTION("""COMPUTED_VALUE"""),"SELESAI") -> SELESAI | G97: =IFERROR(__xludf.DUMMYFUNCTION("""COMPUTED_VALUE"""),45596.68881394676) -> 45596.689 | H97: =IFERROR(__xludf.DUMMYFUNCTION("""COMPUTED_VALUE"""),"Bu Eva (SU)") -> Bu Eva (SU) | I97: =IFERROR(__xludf.DUMMYFUNCTION("""COMPUTED_VALUE"""),"SELESAI") -> SELESAI | J97: =IFERROR(__xludf.DUMMYFUNCTION("""COMPUTED_VALUE"""),45597.57883994213) -> 45597.579 | K97: =IFERROR(__xludf.DUMMYFUNCTION("""COMPUTED_VALUE"""),"SELESAI") -> SELESAI | L97: =IFERROR(__xludf.DUMMYFUNCTION("""COMPUTED_VALUE"""),45597.57883994213) -> 45597.579 | M97: =IFERROR(__xludf.DUMMYFUNCTION("""COMPUTED_VALUE"""),"") | N97: =IFERROR(__xludf.DUMMYFUNCTION("""COMPUTED_VALUE"""),45600.374586446764) -> 45600.375 | O97: =IF(N97="","",O96+1) -> 5
B98: =IFERROR(__xludf.DUMMYFUNCTION("""COMPUTED_VALUE"""),93.0) -> 93 | C98: =IFERROR(__xludf.DUMMYFUNCTION("""COMPUTED_VALUE"""),"HM 2509/WAY KANDIS") -> HM 2509/WAY KANDIS | D98: =IFERROR(__xludf.DUMMYFUNCTION("""COMPUTED_VALUE"""),"L/1/301024/1") -> L/1/301024/1 | E98: =IFERROR(__xludf.DUMMYFUNCTION("""COMPUTED_VALUE"""),"Nadian (BT)") -> Nadian (BT) | F98: =IFERROR(__xludf.DUMMYFUNCTION("""COMPUTED_VALUE"""),"SELESAI") -> SELESAI | G98: =IFERROR(__xludf.DUMMYFUNCTION("""COMPUTED_VALUE"""),45596.6898287963) -> 45596.69 | H98: =IFERROR(__xludf.DUMMYFUNCTION("""COMPUTED_VALUE"""),"Bu Eva (SU)") -> Bu Eva (SU) | I98: =IFERROR(__xludf.DUMMYFUNCTION("""COMPUTED_VALUE"""),"SELESAI") -> SELESAI | J98: =IFERROR(__xludf.DUMMYFUNCTION("""COMPUTED_VALUE"""),45597.57916581018) -> 45597.579 | K98: =IFERROR(__xludf.DUMMYFUNCTION("""COMPUTED_VALUE"""),"SELESAI") -> SELESAI | L98: =IFERROR(__xludf.DUMMYFUNCTION("""COMPUTED_VALUE"""),45597.57916581018) -> 45597.579 | M98: =IFERROR(__xludf.DUMMYFUNCTION("""COMPUTED_VALUE"""),"") | N98: =IFERROR(__xludf.DUMMYFUNCTION("""COMPUTED_VALUE"""),45600.37470122685) -> 45600.375 | O98: =IF(N98="","",O97+1) -> 6
B99: =IFERROR(__xludf.DUMMYFUNCTION("""COMPUTED_VALUE"""),94.0) -> 94 | C99: =IFERROR(__xludf.DUMMYFUNCTION("""COMPUTED_VALUE"""),"HM 2000/WAY KANDIS") -> HM 2000/WAY KANDIS | D99: =IFERROR(__xludf.DUMMYFUNCTION("""COMPUTED_VALUE"""),"L/1/301024/2") -> L/1/301024/2 | E99: =IFERROR(__xludf.DUMMYFUNCTION("""COMPUTED_VALUE"""),"Nadian (BT)") -> Nadian (BT) | F99: =IFERROR(__xludf.DUMMYFUNCTION("""COMPUTED_VALUE"""),"SELESAI") -> SELESAI | G99: =IFERROR(__xludf.DUMMYFUNCTION("""COMPUTED_VALUE"""),45596.689913263894) -> 45596.69 | H99: =IFERROR(__xludf.DUMMYFUNCTION("""COMPUTED_VALUE"""),"Bu Eva (SU)") -> Bu Eva (SU) | I99: =IFERROR(__xludf.DUMMYFUNCTION("""COMPUTED_VALUE"""),"SELESAI") -> SELESAI | J99: =IFERROR(__xludf.DUMMYFUNCTION("""COMPUTED_VALUE"""),45597.57918366898) -> 45597.579 | K99: =IFERROR(__xludf.DUMMYFUNCTION("""COMPUTED_VALUE"""),"SELESAI") -> SELESAI | L99: =IFERROR(__xludf.DUMMYFUNCTION("""COMPUTED_VALUE"""),45597.57918366898) -> 45597.579 | M99: =IFERROR(__xludf.DUMMYFUNCTION("""COMPUTED_VALUE"""),"") | N99: =IFERROR(__xludf.DUMMYFUNCTION("""COMPUTED_VALUE"""),45600.37471068287) -> 45600.375 | O99: =IF(N99="","",O98+1) -> 7
B100: =IFERROR(__xludf.DUMMYFUNCTION("""COMPUTED_VALUE"""),95.0) -> 95 | C100: =IFERROR(__xludf.DUMMYFUNCTION("""COMPUTED_VALUE"""),"M.1637/BUMI KEDAMAIAN-SEKARANG;M.13670/KEDAMAIAN-DAHULU") -> M.1637/BUMI KEDAMAIAN-SEKARANG;M.13670/KEDAMAIAN-DAHULU | D100: =IFERROR(__xludf.DUMMYFUNCTION("""COMPUTED_VALUE"""),"K/11/181024/1") -> K/11/181024/1 | E100: =IFERROR(__xludf.DUMMYFUNCTION("""COMPUTED_VALUE"""),"Nadian (BT)") -> Nadian (BT) | F100: =IFERROR(__xludf.DUMMYFUNCTION("""COMPUTED_VALUE"""),"SELESAI") -> SELESAI | G100: =IFERROR(__xludf.DUMMYFUNCTION("""COMPUTED_VALUE"""),45596.69040872685) -> 45596.69 | H100: =IFERROR(__xludf.DUMMYFUNCTION("""COMPUTED_VALUE"""),"Bu Eva (SU)") -> Bu Eva (SU) | I100: =IFERROR(__xludf.DUMMYFUNCTION("""COMPUTED_VALUE"""),"SELESAI (VIA PERMOHONAN)") -> SELESAI (VIA PERMOHONAN) | J100: =IFERROR(__xludf.DUMMYFUNCTION("""COMPUTED_VALUE"""),45597.5800762963) -> 45597.58 | K100: =IFERROR(__xludf.DUMMYFUNCTION("""COMPUTED_VALUE"""),"Selesai") -> Selesai | L100: =IFERROR(__xludf.DUMMYFUNCTION("""COMPUTED_VALUE"""),45597.5800762963) -> 45597.58 | M100: =IFERROR(__xludf.DUMMYFUNCTION("""COMPUTED_VALUE"""),45600.374766319444) -> 45600.375 | N100: =IFERROR(__xludf.DUMMYFUNCTION("""COMPUTED_VALUE"""),"") | O100: =IF(N100="","",O99+1)
B101: =IFERROR(__xludf.DUMMYFUNCTION("""COMPUTED_VALUE"""),96.0) -> 96 | C101: =IFERROR(__xludf.DUMMYFUNCTION("""COMPUTED_VALUE"""),"HM 1472/DURIAN PAYUNG") -> HM 1472/DURIAN PAYUNG | D101: =IFERROR(__xludf.DUMMYFUNCTION("""COMPUTED_VALUE"""),"L/27/291024/1") -> L/27/291024/1 | E101: =IFERROR(__xludf.DUMMYFUNCTION("""COMPUTED_VALUE"""),"Afriza (BT)") -> Afriza (BT) | F101: =IFERROR(__xludf.DUMMYFUNCTION("""COMPUTED_VALUE"""),"SELESAI") -> SELESAI | G101: =IFERROR(__xludf.DUMMYFUNCTION("""COMPUTED_VALUE"""),45597.36600983796) -> 45597.366 | H101: =IFERROR(__xludf.DUMMYFUNCTION("""COMPUTED_VALUE"""),"Aprill (SU)") -> Aprill (SU) | I101: =IFERROR(__xludf.DUMMYFUNCTION("""COMPUTED_VALUE"""),"SELESAI") -> SELESAI | J101: =IFERROR(__xludf.DUMMYFUNCTION("""COMPUTED_VALUE"""),45597.580994247684) -> 45597.581 | K101: =IFERROR(__xludf.DUMMYFUNCTION("""COMPUTED_VALUE"""),"SELESAI") -> SELESAI | L101: =IFERROR(__xludf.DUMMYFUNCTION("""COMPUTED_VALUE"""),45597.580994247684) -> 45597.581 | M101: =IFERROR(__xludf.DUMMYFUNCTION("""COMPUTED_VALUE"""),"") | N101: =IFERROR(__xludf.DUMMYFUNCTION("""COMPUTED_VALUE"""),45600.36860271991) -> 45600.369 | O101: =IF(N101="","",O100+1) -> 1
B102: =IFERROR(__xludf.DUMMYFUNCTION("""COMPUTED_VALUE"""),97.0) -> 97 | C102: =IFERROR(__xludf.DUMMYFUNCTION("""COMPUTED_VALUE"""),"M. 9298/ Rajabasa") -> M. 9298/ Rajabasa | D102: =IFERROR(__xludf.DUMMYFUNCTION("""COMPUTED_VALUE"""),"K/29/291024/1") -> K/29/291024/1 | E102: =IFERROR(__xludf.DUMMYFUNCTION("""COMPUTED_VALUE"""),"Afriza (BT)") -> Afriza (BT) | F102: =IFERROR(__xludf.DUMMYFUNCTION("""COMPUTED_VALUE"""),"SELESAI") -> SELESAI | G102: =IFERROR(__xludf.DUMMYFUNCTION("""COMPUTED_VALUE"""),45597.366270046296) -> 45597.366 | H102: =IFERROR(__xludf.DUMMYFUNCTION("""COMPUTED_VALUE"""),"Aprill (SU)") -> Aprill (SU) | I102: =IFERROR(__xludf.DUMMYFUNCTION("""COMPUTED_VALUE"""),"SELESAI") -> SELESAI | J102: =IFERROR(__xludf.DUMMYFUNCTION("""COMPUTED_VALUE"""),45597.58100913194) -> 45597.581 | K102: =IFERROR(__xludf.DUMMYFUNCTION("""COMPUTED_VALUE"""),"SELESAI") -> SELESAI | L102: =IFERROR(__xludf.DUMMYFUNCTION("""COMPUTED_VALUE"""),45597.58100913194) -> 45597.581 | M102: =IFERROR(__xludf.DUMMYFUNCTION("""COMPUTED_VALUE"""),"") | N102: =IFERROR(__xludf.DUMMYFUNCTION("""COMPUTED_VALUE"""),45600.36633168982) -> 45600.366 | O102: =IF(N102="","",O101+1) -> 2
B103: =IFERROR(__xludf.DUMMYFUNCTION("""COMPUTED_VALUE"""),98.0) -> 98 | C103: =IFERROR(__xludf.DUMMYFUNCTION("""COMPUTED_VALUE"""),"M. 1126/ Gotong Royong") -> M. 1126/ Gotong Royong | D103: =IFERROR(__xludf.DUMMYFUNCTION("""COMPUTED_VALUE"""),"K/33/291024/1") -> K/33/291024/1 | E103: =IFERROR(__xludf.DUMMYFUNCTION("""COMPUTED_VALUE"""),"Afriza (BT)") -> Afriza (BT) | F103: =IFERROR(__xludf.DUMMYFUNCTION("""COMPUTED_VALUE"""),"SELESAI") -> SELESAI | G103: =IFERROR(__xludf.DUMMYFUNCTION("""COMPUTED_VALUE"""),45597.36644702546) -> 45597.366 | H103: =IFERROR(__xludf.DUMMYFUNCTION("""COMPUTED_VALUE"""),"Aprill (SU)") -> Aprill (SU) | I103: =IFERROR(__xludf.DUMMYFUNCTION("""COMPUTED_VALUE"""),"SELESAI") -> SELESAI | J103: =IFERROR(__xludf.DUMMYFUNCTION("""COMPUTED_VALUE"""),45597.581030057874) -> 45597.581 | K103: =IFERROR(__xludf.DUMMYFUNCTION("""COMPUTED_VALUE"""),"SELESAI") -> SELESAI | L103: =IFERROR(__xludf.DUMMYFUNCTION("""COMPUTED_VALUE"""),45597.581030057874) -> 45597.581 | M103: =IFERROR(__xludf.DUMMYFUNCTION("""COMPUTED_VALUE"""),"") | N103: =IFERROR(__xludf.DUMMYFUNCTION("""COMPUTED_VALUE"""),45600.369310208334) -> 45600.369 | O103: =IF(N103="","",O102+1) -> 3
...

Sheet Warkah
B3: Kantor Pertanahan Kota Bandar Lampung
B4: Lembar Kerja Warkah
A5: P0
B6: No | C6: Kode Tiket | D6: Nomor Sertipikat | E6: Tanggal Input Loket | F6: Jenis Permohonan | G6: Nama Petugas Warkah | H6: Status Sertipikat | I6: Tanggal diserahkan kepada Validator/Back Office | J6: Tanggal Kembali | K6: Tanggal Kembali
B7: 1 | C7: {=IFNA(_xlfn.XLOOKUP(B7,Table_Respons_Loket[Count],Table_Respons_Loket[Nomor Tiket]),"")} | D7: {=IFNA(_xlfn.XLOOKUP(B7,Table_Respons_Loket[Count],Table_Respons_Loket[Daftar Nomor Hak]),"")} | E7: {=IFNA(_xlfn.XLOOKUP(B7,Table_Respons_Loket[Count],Table_Respons_Loket[Time Stamp]),"")} | F7: {=IFNA(_xlfn.XLOOKUP(B7,Table_Respons_Loket[Count],Table_Respons_Loket[Jenis Permohonan]),"")} | I7: =IF(OR(H7="DISERAHKAN",H7="DISERAHKAN BT",H7="DISERAHKAN SU"),IF(I7<>"",I7,NOW()),"") | J7: FALSE | K7: =IF(J7=TRUE,IF(K7<>"",K7,NOW()),"")
B8: =B7+1 -> 2 | C8: {=IFNA(_xlfn.XLOOKUP(B8,Table_Respons_Loket[Count],Table_Respons_Loket[Nomor Tiket]),"")} -> L/1/141024/1 | D8: {=IFNA(_xlfn.XLOOKUP(B8,Table_Respons_Loket[Count],Table_Respons_Loket[Daftar Nomor Hak]),"")} -> HM 9463/GEDUNG MENENG | E8: {=IFNA(_xlfn.XLOOKUP(B8,Table_Respons_Loket[Count],Table_Respons_Loket[Time Stamp]),"")} -> 45579.361 | F8: {=IFNA(_xlfn.XLOOKUP(B8,Table_Respons_Loket[Count],Table_Respons_Loket[Jenis Permohonan]),"")} -> ROYA | H8: PROSES | I8: =IF(OR(H8="DISERAHKAN",H8="DISERAHKAN BT",H8="DISERAHKAN SU"),IF(I8<>"",I8,NOW()),"") | J8: FALSE | K8: =IF(J8=TRUE,IF(K8<>"",K8,NOW()),"")
B9: =B8+1 -> 3 | C9: {=IFNA(_xlfn.XLOOKUP(B9,Table_Respons_Loket[Count],Table_Respons_Loket[Nomor Tiket]),"")} -> L/2/141024/1 | D9: {=IFNA(_xlfn.XLOOKUP(B9,Table_Respons_Loket[Count],Table_Respons_Loket[Daftar Nomor Hak]),"")} -> HM 17565/SUKARAME I | E9: {=IFNA(_xlfn.XLOOKUP(B9,Table_Respons_Loket[Count],Table_Respons_Loket[Time Stamp]),"")} -> 45579.377 | F9: {=IFNA(_xlfn.XLOOKUP(B9,Table_Respons_Loket[Count],Table_Respons_Loket[Jenis Permohonan]),"")} -> ROYA | G9: Berry | H9: DISERAHKAN | I9: =IF(H9="DISERAHKAN",IF(I9<>"",I9,NOW()),"") -> 45579.631 | J9: FALSE | K9: =IF(J9=TRUE,IF(K9<>"",K9,NOW()),"")
B10: =B9+1 -> 4 | C10: {=IFNA(_xlfn.XLOOKUP(B10,Table_Respons_Loket[Count],Table_Respons_Loket[Nomor Tiket]),"")} -> L/5/141024/1 | D10: {=IFNA(_xlfn.XLOOKUP(B10,Table_Respons_Loket[Count],Table_Respons_Loket[Daftar Nomor Hak]),"")} -> M.9974/TANJUNG BARU | E10: {=IFNA(_xlfn.XLOOKUP(B10,Table_Respons_Loket[Count],Table_Respons_Loket[Time Stamp]),"")} -> 45579.403 | F10: {=IFNA(_xlfn.XLOOKUP(B10,Table_Respons_Loket[Count],Table_Respons_Loket[Jenis Permohonan]),"")} -> ROYA | G10: Berry | H10: DISERAHKAN | I10: =IF(H10="DISERAHKAN",IF(I10<>"",I10,NOW()),"") -> 45579.629 | J10: FALSE | K10: =IF(J10=TRUE,IF(K10<>"",K10,NOW()),"")
B11: =B10+1 -> 5 | C11: {=IFNA(_xlfn.XLOOKUP(B11,Table_Respons_Loket[Count],Table_Respons_Loket[Nomor Tiket]),"")} -> L/6/141024/1 | D11: {=IFNA(_xlfn.XLOOKUP(B11,Table_Respons_Loket[Count],Table_Respons_Loket[Daftar Nomor Hak]),"")} -> HM 154/SUSUNAN BARU | E11: {=IFNA(_xlfn.XLOOKUP(B11,Table_Respons_Loket[Count],Table_Respons_Loket[Time Stamp]),"")} -> 45579.405 | F11: {=IFNA(_xlfn.XLOOKUP(B11,Table_Respons_Loket[Count],Table_Respons_Loket[Jenis Permohonan]),"")} -> PLOT SERTIPIKAT HILANG | G11: David | H11: DISERAHKAN | I11: =IF(H11="DISERAHKAN",IF(I11<>"",I11,NOW()),"") -> 45579.626 | J11: FALSE | K11: =IF(J11=TRUE,IF(K11<>"",K11,NOW()),"")
B12: =B11+1 -> 6 | C12: {=IFNA(_xlfn.XLOOKUP(B12,Table_Respons_Loket[Count],Table_Respons_Loket[Nomor Tiket]),"")} -> K/7/141024/1 | D12: {=IFNA(_xlfn.XLOOKUP(B12,Table_Respons_Loket[Count],Table_Respons_Loket[Daftar Nomor Hak]),"")} -> M. 631/Pahoman- sekarang; M. 631/Pahoman-Dahulu | E12: {=IFNA(_xlfn.XLOOKUP(B12,Table_Respons_Loket[Count],Table_Respons_Loket[Time Stamp]),"")} -> 45579.41 | F12: {=IFNA(_xlfn.XLOOKUP(B12,Table_Respons_Loket[Count],Table_Respons_Loket[Jenis Permohonan]),"")} -> ANGKAT SITA | G12: Berry | H12: DISERAHKAN | I12: =IF(H12="DISERAHKAN",IF(I12<>"",I12,NOW()),"") -> 45579.629 | J12: FALSE | K12: =IF(J12=TRUE,IF(K12<>"",K12,NOW()),"")
B13: =B12+1 -> 7 | C13: {=IFNA(_xlfn.XLOOKUP(B13,Table_Respons_Loket[Count],Table_Respons_Loket[Nomor Tiket]),"")} -> L/8/141024/1 | D13: {=IFNA(_xlfn.XLOOKUP(B13,Table_Respons_Loket[Count],Table_Respons_Loket[Daftar Nomor Hak]),"")} -> M.1134/GULAK GALIK | E13: {=IFNA(_xlfn.XLOOKUP(B13,Table_Respons_Loket[Count],Table_Respons_Loket[Time Stamp]),"")} -> 45579.416 | F13: {=IFNA(_xlfn.XLOOKUP(B13,Table_Respons_Loket[Count],Table_Respons_Loket[Jenis Permohonan]),"")} -> HAPUS BPHTB | G13: Berry | H13: DISERAHKAN | I13: =IF(H13="DISERAHKAN",IF(I13<>"",I13,NOW()),"") -> 45579.63 | J13: FALSE | K13: =IF(J13=TRUE,IF(K13<>"",K13,NOW()),"")
B14: =B13+1 -> 8 | C14: {=IFNA(_xlfn.XLOOKUP(B14,Table_Respons_Loket[Count],Table_Respons_Loket[Nomor Tiket]),"")} -> K/9/141024/1 | D14: {=IFNA(_xlfn.XLOOKUP(B14,Table_Respons_Loket[Count],Table_Respons_Loket[Daftar Nomor Hak]),"")} -> M.11980/JAGABAYA II | E14: {=IFNA(_xlfn.XLOOKUP(B14,Table_Respons_Loket[Count],Table_Respons_Loket[Time Stamp]),"")} -> 45579.424 | F14: {=IFNA(_xlfn.XLOOKUP(B14,Table_Respons_Loket[Count],Table_Respons_Loket[Jenis Permohonan]),"")} -> ROYA | G14: Berry | H14: DISERAHKAN | I14: =IF(H14="DISERAHKAN",IF(I14<>"",I14,NOW()),"") -> 45579.63 | J14: FALSE | K14: =IF(J14=TRUE,IF(K14<>"",K14,NOW()),"")
B15: =B14+1 -> 9 | C15: {=IFNA(_xlfn.XLOOKUP(B15,Table_Respons_Loket[Count],Table_Respons_Loket[Nomor Tiket]),"")} -> L/11/141024/1 | D15: {=IFNA(_xlfn.XLOOKUP(B15,Table_Respons_Loket[Count],Table_Respons_Loket[Daftar Nomor Hak]),"")} -> HM 1505 LABUHAN DALAM & HM 1506 LABUHAN DALAM | E15: {=IFNA(_xlfn.XLOOKUP(B15,Table_Respons_Loket[Count],Table_Respons_Loket[Time Stamp]),"")} -> 45579.435 | F15: {=IFNA(_xlfn.XLOOKUP(B15,Table_Respons_Loket[Count],Table_Respons_Loket[Jenis Permohonan]),"")} -> ROYA | H15: TIDAK DITEMUKAN | I15: =IF(OR(H15="DISERAHKAN",H15="DISERAHKAN BT",H15="DISERAHKAN SU"),IF(I15<>"",I15,NOW()),"") | J15: FALSE | K15: =IF(J15=TRUE,IF(K15<>"",K15,NOW()),"")
B16: =B15+1 -> 10 | C16: {=IFNA(_xlfn.XLOOKUP(B16,Table_Respons_Loket[Count],Table_Respons_Loket[Nomor Tiket]),"")} -> K/12/141024/1 | D16: {=IFNA(_xlfn.XLOOKUP(B16,Table_Respons_Loket[Count],Table_Respons_Loket[Daftar Nomor Hak]),"")} -> M.3326/LANGKAPURA | E16: {=IFNA(_xlfn.XLOOKUP(B16,Table_Respons_Loket[Count],Table_Respons_Loket[Time Stamp]),"")} -> 45579.446 | F16: {=IFNA(_xlfn.XLOOKUP(B16,Table_Respons_Loket[Count],Table_Respons_Loket[Jenis Permohonan]),"")} -> ROYA | G16: Berry | H16: DISERAHKAN | I16: =IF(H16="DISERAHKAN",IF(I16<>"",I16,NOW()),"") -> 45579.627 | J16: FALSE | K16: =IF(J16=TRUE,IF(K16<>"",K16,NOW()),"")
B17: =B16+1 -> 11 | C17: {=IFNA(_xlfn.XLOOKUP(B17,Table_Respons_Loket[Count],Table_Respons_Loket[Nomor Tiket]),"")} -> K/13/141024/2 | D17: {=IFNA(_xlfn.XLOOKUP(B17,Table_Respons_Loket[Count],Table_Respons_Loket[Daftar Nomor Hak]),"")} -> M.1088/NEGERI OLOK GADING-SEKARANG;B.1201/NEGERI OLOK GADING-DAHULU | E17: {=IFNA(_xlfn.XLOOKUP(B17,Table_Respons_Loket[Count],Table_Respons_Loket[Time Stamp]),"")} -> 45579.448 | F17: {=IFNA(_xlfn.XLOOKUP(B17,Table_Respons_Loket[Count],Table_Respons_Loket[Jenis Permohonan]),"")} -> ROYA | G17: Berry | H17: DISERAHKAN | I17: =IF(H17="DISERAHKAN",IF(I17<>"",I17,NOW()),"") -> 45579.63 | J17: FALSE | K17: =IF(J17=TRUE,IF(K17<>"",K17,NOW()),"")
B18: =B17+1 -> 12 | C18: {=IFNA(_xlfn.XLOOKUP(B18,Table_Respons_Loket[Count],Table_Respons_Loket[Nomor Tiket]),"")} -> K/14/141024/3 | D18: {=IFNA(_xlfn.XLOOKUP(B18,Table_Respons_Loket[Count],Table_Respons_Loket[Daftar Nomor Hak]),"")} -> M.988/NEGERI OLOK GADING-SEKARANG;B.1050/NEGERI OLOK GADING-DAHULU | E18: {=IFNA(_xlfn.XLOOKUP(B18,Table_Respons_Loket[Count],Table_Respons_Loket[Time Stamp]),"")} -> 45579.449 | F18: {=IFNA(_xlfn.XLOOKUP(B18,Table_Respons_Loket[Count],Table_Respons_Loket[Jenis Permohonan]),"")} -> ROYA | G18: Berry | H18: DISERAHKAN | I18: =IF(H18="DISERAHKAN",IF(I18<>"",I18,NOW()),"") -> 45579.631 | J18: FALSE | K18: =IF(J18=TRUE,IF(K18<>"",K18,NOW()),"")
B19: =B18+1 -> 13 | C19: {=IFNA(_xlfn.XLOOKUP(B19,Table_Respons_Loket[Count],Table_Respons_Loket[Nomor Tiket]),"")} -> K/16/141024/1 | D19: {=IFNA(_xlfn.XLOOKUP(B19,Table_Respons_Loket[Count],Table_Respons_Loket[Daftar Nomor Hak]),"")} -> M.9137/GEDONG MENENG | E19: {=IFNA(_xlfn.XLOOKUP(B19,Table_Respons_Loket[Count],Table_Respons_Loket[Time Stamp]),"")} -> 45579.464 | F19: {=IFNA(_xlfn.XLOOKUP(B19,Table_Respons_Loket[Count],Table_Respons_Loket[Jenis Permohonan]),"")} -> SKPT | G19: Berry | H19: DISERAHKAN | I19: =IF(H19="DISERAHKAN",IF(I19<>"",I19,NOW()),"") -> 45579.627 | J19: FALSE | K19: =IF(J19=TRUE,IF(K19<>"",K19,NOW()),"")
B20: =B19+1 -> 14 | C20: {=IFNA(_xlfn.XLOOKUP(B20,Table_Respons_Loket[Count],Table_Respons_Loket[Nomor Tiket]),"")} -> L/17/141024/1 | D20: {=IFNA(_xlfn.XLOOKUP(B20,Table_Respons_Loket[Count],Table_Respons_Loket[Daftar Nomor Hak]),"")} -> HM 2144/WAY KANDIS | E20: {=IFNA(_xlfn.XLOOKUP(B20,Table_Respons_Loket[Count],Table_Respons_Loket[Time Stamp]),"")} -> 45579.478 | F20: {=IFNA(_xlfn.XLOOKUP(B20,Table_Respons_Loket[Count],Table_Respons_Loket[Jenis Permohonan]),"")} -> ROYA | G20: Berry | H20: DISERAHKAN | I20: =IF(H20="DISERAHKAN",IF(I20<>"",I20,NOW()),"") -> 45579.63 | J20: FALSE | K20: =IF(J20=TRUE,IF(K20<>"",K20,NOW()),"")
B21: =B20+1 -> 15 | C21: {=IFNA(_xlfn.XLOOKUP(B21,Table_Respons_Loket[Count],Table_Respons_Loket[Nomor Tiket]),"")} -> K/19/141024/1 | D21: {=IFNA(_xlfn.XLOOKUP(B21,Table_Respons_Loket[Count],Table_Respons_Loket[Daftar Nomor Hak]),"")} -> M.16678/SUKABUMI | E21: {=IFNA(_xlfn.XLOOKUP(B21,Table_Respons_Loket[Count],Table_Respons_Loket[Time Stamp]),"")} -> 45579.484 | F21: {=IFNA(_xlfn.XLOOKUP(B21,Table_Respons_Loket[Count],Table_Respons_Loket[Jenis Permohonan]),"")} -> PERALIHAN JUAL BELI | G21: Berry | H21: DISERAHKAN | I21: =IF(H21="DISERAHKAN",IF(I21<>"",I21,NOW()),"") -> 45579.627 | J21: FALSE | K21: =IF(J21=TRUE,IF(K21<>"",K21,NOW()),"")
B22: =B21+1 -> 16 | C22: {=IFNA(_xlfn.XLOOKUP(B22,Table_Respons_Loket[Count],Table_Respons_Loket[Nomor Tiket]),"")} -> L/18/141024/1 | D22: {=IFNA(_xlfn.XLOOKUP(B22,Table_Respons_Loket[Count],Table_Respons_Loket[Daftar Nomor Hak]),"")} -> M.331/NUSANTARA PERMAI;B.389/CAMPANG RAYA-DAHULU | E22: {=IFNA(_xlfn.XLOOKUP(B22,Table_Respons_Loket[Count],Table_Respons_Loket[Time Stamp]),"")} -> 45579.484 | F22: {=IFNA(_xlfn.XLOOKUP(B22,Table_Respons_Loket[Count],Table_Respons_Loket[Jenis Permohonan]),"")} -> BLOKIR | G22: Berry | H22: DISERAHKAN | I22: =IF(H22="DISERAHKAN",IF(I22<>"",I22,NOW()),"") -> 45579.628 | J22: FALSE | K22: =IF(J22=TRUE,IF(K22<>"",K22,NOW()),"")
B23: =B22+1 -> 17 | C23: {=IFNA(_xlfn.XLOOKUP(B23,Table_Respons_Loket[Count],Table_Respons_Loket[Nomor Tiket]),"")} -> K/20/141024/1 | D23: {=IFNA(_xlfn.XLOOKUP(B23,Table_Respons_Loket[Count],Table_Respons_Loket[Daftar Nomor Hak]),"")} -> M.12883/RAJABASA-SEKARANG;B.1210/RAJABASA-DAHULU | E23: {=IFNA(_xlfn.XLOOKUP(B23,Table_Respons_Loket[Count],Table_Respons_Loket[Time Stamp]),"")} -> 45579.49 | F23: {=IFNA(_xlfn.XLOOKUP(B23,Table_Respons_Loket[Count],Table_Respons_Loket[Jenis Permohonan]),"")} -> GANDES | G23: Berry | H23: DISERAHKAN | I23: =IF(H23="DISERAHKAN",IF(I23<>"",I23,NOW()),"") -> 45579.628 | J23: FALSE | K23: =IF(J23=TRUE,IF(K23<>"",K23,NOW()),"")
B24: =B23+1 -> 18 | C24: {=IFNA(_xlfn.XLOOKUP(B24,Table_Respons_Loket[Count],Table_Respons_Loket[Nomor Tiket]),"")} -> L/21/141024/1 | D24: {=IFNA(_xlfn.XLOOKUP(B24,Table_Respons_Loket[Count],Table_Respons_Loket[Daftar Nomor Hak]),"")} -> HM 1812/TANJUNG SENANG | E24: {=IFNA(_xlfn.XLOOKUP(B24,Table_Respons_Loket[Count],Table_Respons_Loket[Time Stamp]),"")} -> 45579.493 | F24: {=IFNA(_xlfn.XLOOKUP(B24,Table_Respons_Loket[Count],Table_Respons_Loket[Jenis Permohonan]),"")} -> ROYA | G24: Berry | H24: DISERAHKAN | I24: =IF(H24="DISERAHKAN",IF(I24<>"",I24,NOW()),"") -> 45579.628 | J24: FALSE | K24: =IF(J24=TRUE,IF(K24<>"",K24,NOW()),"")
B25: =B24+1 -> 19 | C25: {=IFNA(_xlfn.XLOOKUP(B25,Table_Respons_Loket[Count],Table_Respons_Loket[Nomor Tiket]),"")} -> K/22/141024/1 | D25: {=IFNA(_xlfn.XLOOKUP(B25,Table_Respons_Loket[Count],Table_Respons_Loket[Daftar Nomor Hak]),"")} -> M. 6977/ TANJUNG SENANG | E25: {=IFNA(_xlfn.XLOOKUP(B25,Table_Respons_Loket[Count],Table_Respons_Loket[Time Stamp]),"")} -> 45579.497 | F25: {=IFNA(_xlfn.XLOOKUP(B25,Table_Respons_Loket[Count],Table_Respons_Loket[Jenis Permohonan]),"")} -> PERALIHAN JUAL BELI | G25: Berry | H25: DISERAHKAN | I25: =IF(H25="DISERAHKAN",IF(I25<>"",I25,NOW()),"") -> 45579.628 | J25: FALSE | K25: =IF(J25=TRUE,IF(K25<>"",K25,NOW()),"")
B26: =B25+1 -> 20 | C26: {=IFNA(_xlfn.XLOOKUP(B26,Table_Respons_Loket[Count],Table_Respons_Loket[Nomor Tiket]),"")} -> K/23/141024/2 | D26: {=IFNA(_xlfn.XLOOKUP(B26,Table_Respons_Loket[Count],Table_Respons_Loket[Daftar Nomor Hak]),"")} -> M. 246/ GUNUNG SULAH | E26: {=IFNA(_xlfn.XLOOKUP(B26,Table_Respons_Loket[Count],Table_Respons_Loket[Time Stamp]),"")} -> 45579.5 | F26: {=IFNA(_xlfn.XLOOKUP(B26,Table_Respons_Loket[Count],Table_Respons_Loket[Jenis Permohonan]),"")} -> PLOTTING | G26: Berry | H26: DISERAHKAN | I26: =IF(H26="DISERAHKAN",IF(I26<>"",I26,NOW()),"") -> 45579.63 | J26: FALSE | K26: =IF(J26=TRUE,IF(K26<>"",K26,NOW()),"")
B27: =B26+1 -> 21 | C27: {=IFNA(_xlfn.XLOOKUP(B27,Table_Respons_Loket[Count],Table_Respons_Loket[Nomor Tiket]),"")} -> L/24/141024/1 | D27: {=IFNA(_xlfn.XLOOKUP(B27,Table_Respons_Loket[Count],Table_Respons_Loket[Daftar Nomor Hak]),"")} -> M.2064/GUNUNG TERANG | E27: {=IFNA(_xlfn.XLOOKUP(B27,Table_Respons_Loket[Count],Table_Respons_Loket[Time Stamp]),"")} -> 45579.5 | F27: {=IFNA(_xlfn.XLOOKUP(B27,Table_Respons_Loket[Count],Table_Respons_Loket[Jenis Permohonan]),"")} -> ROYA | G27: Berry | H27: DISERAHKAN | I27: =IF(H27="DISERAHKAN",IF(I27<>"",I27,NOW()),"") -> 45579.626 | J27: TRUE | K27: =IF(J27=TRUE,IF(K27<>"",K27,NOW()),"") -> 45602.632
... B29: =B28+1 -> 23 | C29: {=IFNA(_xlfn.XLOOKUP(B29,Table_Respons_Loket[Count],Table_Respons_Loket[Nomor Tiket]),"")} -> K/26/141024/1 | D29: {=IFNA(_xlfn.XLOOKUP(B29,Table_Respons_Loket[Count],Table_Respons_Loket[Daftar Nomor Hak]),"")} -> M.2094/CAMPANG JAYA | E29: {=IFNA(_xlfn.XLOOKUP(B29,Table_Respons_Loket[Count],Table_Respons_Loket[Time Stamp]),"")} -> 45579.566 | F29: {=IFNA(_xlfn.XLOOKUP(B29,Table_Respons_Loket[Count],Table_Respons_Loket[Jenis Permohonan]),"")} -> PERALIHAN JUAL BELI | G29: Berry | H29: DISERAHKAN | I29: =IF(H29="DISERAHKAN",IF(I29<>"",I29,NOW()),"") -> 45579.627 | J29: FALSE | K29: =IF(J29=TRUE,IF(K29<>"",K29,NOW()),"")
B30: =B29+1 -> 24 | C30: {=IFNA(_xlfn.XLOOKUP(B30,Table_Respons_Loket[Count],Table_Respons_Loket[Nomor Tiket]),"")} -> K/27/141024/4 | D30: {=IFNA(_xlfn.XLOOKUP(B30,Table_Respons_Loket[Count],Table_Respons_Loket[Daftar Nomor Hak]),"")} -> M. 13414/ SUKABUMI | E30: {=IFNA(_xlfn.XLOOKUP(B30,Table_Respons_Loket[Count],Table_Respons_Loket[Time Stamp]),"")} -> 45579.57 | F30: {=IFNA(_xlfn.XLOOKUP(B30,Table_Respons_Loket[Count],Table_Respons_Loket[Jenis Permohonan]),"")} -> PERALIHAN JUAL BELI | G30: Alfiansyah | H30: DISERAHKAN BT | I30: =IF(OR(H30="DISERAHKAN",H30="DISERAHKAN BT",H30="DISERAHKAN SU"),IF(I30<>"",I30,NOW()),"") -> 45614.662 | J30: FALSE | K30: =IF(J30=TRUE,IF(K30<>"",K30,NOW()),"")
B31: =B30+1 -> 25 | C31: {=IFNA(_xlfn.XLOOKUP(B31,Table_Respons_Loket[Count],Table_Respons_Loket[Nomor Tiket]),"")} -> K/28/141024/1 | D31: {=IFNA(_xlfn.XLOOKUP(B31,Table_Respons_Loket[Count],Table_Respons_Loket[Daftar Nomor Hak]),"")} -> B.895/BERINGIN JAYA | E31: {=IFNA(_xlfn.XLOOKUP(B31,Table_Respons_Loket[Count],Table_Respons_Loket[Time Stamp]),"")} -> 45579.573 | F31: {=IFNA(_xlfn.XLOOKUP(B31,Table_Respons_Loket[Count],Table_Respons_Loket[Jenis Permohonan]),"")} -> PERALIHAN JUAL BELI | G31: Berry | H31: DISERAHKAN | I31: =IF(H31="DISERAHKAN",IF(I31<>"",I31,NOW()),"") -> 45579.63 | J31: FALSE | K31: =IF(J31=TRUE,IF(K31<>"",K31,NOW()),"")
B32: =B31+1 -> 26 | C32: {=IFNA(_xlfn.XLOOKUP(B32,Table_Respons_Loket[Count],Table_Respons_Loket[Nomor Tiket]),"")} -> K/29/141024/1 | D32: {=IFNA(_xlfn.XLOOKUP(B32,Table_Respons_Loket[Count],Table_Respons_Loket[Daftar Nomor Hak]),"")} -> M. 2445/ SUKADANA HAM | E32: {=IFNA(_xlfn.XLOOKUP(B32,Table_Respons_Loket[Count],Table_Respons_Loket[Time Stamp]),"")} -> 45579.578 | F32: {=IFNA(_xlfn.XLOOKUP(B32,Table_Respons_Loket[Count],Table_Respons_Loket[Jenis Permohonan]),"")} -> PTPGT PEMECAHAN | H32: PROSES | I32: =IF(OR(H32="DISERAHKAN",H32="DISERAHKAN BT",H32="DISERAHKAN SU"),IF(I32<>"",I32,NOW()),"") | J32: FALSE | K32: =IF(J32=TRUE,IF(K32<>"",K32,NOW()),"")
B33: =B32+1 -> 27 | C33: {=IFNA(_xlfn.XLOOKUP(B33,Table_Respons_Loket[Count],Table_Respons_Loket[Nomor Tiket]),"")} -> K/30/141024/1 | D33: {=IFNA(_xlfn.XLOOKUP(B33,Table_Respons_Loket[Count],Table_Respons_Loket[Daftar Nomor Hak]),"")} -> M.2617/WAY KANDIS | E33: {=IFNA(_xlfn.XLOOKUP(B33,Table_Respons_Loket[Count],Table_Respons_Loket[Time Stamp]),"")} -> 45579.58 | F33: {=IFNA(_xlfn.XLOOKUP(B33,Table_Respons_Loket[Count],Table_Respons_Loket[Jenis Permohonan]),"")} -> ROYA | G33: Berry | H33: DISERAHKAN | I33: =IF(H33="DISERAHKAN",IF(I33<>"",I33,NOW()),"") -> 45579.632 | J33: FALSE | K33: =IF(J33=TRUE,IF(K33<>"",K33,NOW()),"")
B34: =B33+1 -> 28 | C34: {=IFNA(_xlfn.XLOOKUP(B34,Table_Respons_Loket[Count],Table_Respons_Loket[Nomor Tiket]),"")} -> K/31/141024/1 | D34: {=IFNA(_xlfn.XLOOKUP(B34,Table_Respons_Loket[Count],Table_Respons_Loket[Daftar Nomor Hak]),"")} -> NIBEL 1691/ SUKABUMI INDAH | E34: {=IFNA(_xlfn.XLOOKUP(B34,Table_Respons_Loket[Count],Table_Respons_Loket[Time Stamp]),"")} -> 45579.585 | F34: {=IFNA(_xlfn.XLOOKUP(B34,Table_Respons_Loket[Count],Table_Respons_Loket[Jenis Permohonan]),"")} -> PERUBAHAN HAK | I34: =IF(OR(H34="DISERAHKAN",H34="DISERAHKAN BT",H34="DISERAHKAN SU"),IF(I34<>"",I34,NOW()),"") | J34: FALSE | K34: =IF(J34=TRUE,IF(K34<>"",K34,NOW()),"")
B35: =B34+1 -> 29 | C35: {=IFNA(_xlfn.XLOOKUP(B35,Table_Respons_Loket[Count],Table_Respons_Loket[Nomor Tiket]),"")} -> L/34/141024/1 | D35: {=IFNA(_xlfn.XLOOKUP(B35,Table_Respons_Loket[Count],Table_Respons_Loket[Daftar Nomor Hak]),"")} -> KORPRI JAYA | E35: {=IFNA(_xlfn.XLOOKUP(B35,Table_Respons_Loket[Count],Table_Respons_Loket[Time Stamp]),"")} -> 45579.592 | F35: {=IFNA(_xlfn.XLOOKUP(B35,Table_Respons_Loket[Count],Table_Respons_Loket[Jenis Permohonan]),"")} -> PERTAMA KALI | I35: =IF(OR(H35="DISERAHKAN",H35="DISERAHKAN BT",H35="DISERAHKAN SU"),IF(I35<>"",I35,NOW()),"") | J35: FALSE | K35: =IF(J35=TRUE,IF(K35<>"",K35,NOW()),"")
B36: =B35+1 -> 30 | C36: {=IFNA(_xlfn.XLOOKUP(B36,Table_Respons_Loket[Count],Table_Respons_Loket[Nomor Tiket]),"")} -> L/33/141024/1 | D36: {=IFNA(_xlfn.XLOOKUP(B36,Table_Respons_Loket[Count],Table_Respons_Loket[Daftar Nomor Hak]),"")} -> M.1540/GUNUNG TERANG;B.17/GU TERANG-DAHULU | E36: {=IFNA(_xlfn.XLOOKUP(B36,Table_Respons_Loket[Count],Table_Respons_Loket[Time Stamp]),"")} -> 45579.592 | F36: {=IFNA(_xlfn.XLOOKUP(B36,Table_Respons_Loket[Count],Table_Respons_Loket[Jenis Permohonan]),"")} -> ROYA | G36: David | H36: DISERAHKAN BT | I36: =IF(OR(H36="DISERAHKAN",H36="DISERAHKAN BT",H36="DISERAHKAN SU"),IF(I36<>"",I36,NOW()),"") -> 45580.668 | J36: TRUE | K36: =IF(J36=TRUE,IF(K36<>"",K36,NOW()),"") -> 45602.62
B37: =B36+1 -> 31 | C37: {=IFNA(_xlfn.XLOOKUP(B37,Table_Respons_Loket[Count],Table_Respons_Loket[Nomor Tiket]),"")} -> K/32/141024/1 | D37: {=IFNA(_xlfn.XLOOKUP(B37,Table_Respons_Loket[Count],Table_Respons_Loket[Daftar Nomor Hak]),"")} -> M.10108/LABUHAN RATU | E37: {=IFNA(_xlfn.XLOOKUP(B37,Table_Respons_Loket[Count],Table_Respons_Loket[Time Stamp]),"")} -> 45579.593 | F37: {=IFNA(_xlfn.XLOOKUP(B37,Table_Respons_Loket[Count],Table_Respons_Loket[Jenis Permohonan]),"")} -> GANDES | G37: Bayu | H37: DISERAHKAN | I37: =IF(OR(H37="DISERAHKAN",H37="DISERAHKAN BT",H37="DISERAHKAN SU"),IF(I37<>"",I37,NOW()),"") -> 45580.661 | J37: FALSE | K37: =IF(J37=TRUE,IF(K37<>"",K37,NOW()),"")
B38: =B37+1 -> 32 | C38: {=IFNA(_xlfn.XLOOKUP(B38,Table_Respons_Loket[Count],Table_Respons_Loket[Nomor Tiket]),"")} -> L/35/141024/1 | D38: {=IFNA(_xlfn.XLOOKUP(B38,Table_Respons_Loket[Count],Table_Respons_Loket[Daftar Nomor Hak]),"")} -> M.676/SAWAH BREBES | E38: {=IFNA(_xlfn.XLOOKUP(B38,Table_Respons_Loket[Count],Table_Respons_Loket[Time Stamp]),"")} -> 45579.596 | F38: {=IFNA(_xlfn.XLOOKUP(B38,Table_Respons_Loket[Count],Table_Respons_Loket[Jenis Permohonan]),"")} -> ROYA LELANG | G38: David | H38: DISERAHKAN BT | I38: =IF(OR(H38="DISERAHKAN",H38="DISERAHKAN BT",H38="DISERAHKAN SU"),IF(I38<>"",I38,NOW()),"") -> 45580.668 | J38: FALSE | K38: =IF(J38=TRUE,IF(K38<>"",K38,NOW()),"")
B39: =B38+1 -> 33 | C39: {=IFNA(_xlfn.XLOOKUP(B39,Table_Respons_Loket[Count],Table_Respons_Loket[Nomor Tiket]),"")} -> K/36/141024/1 | D39: {=IFNA(_xlfn.XLOOKUP(B39,Table_Respons_Loket[Count],Table_Respons_Loket[Daftar Nomor Hak]),"")} -> M.250/LANGKAPURA BARU | E39: {=IFNA(_xlfn.XLOOKUP(B39,Table_Respons_Loket[Count],Table_Respons_Loket[Time Stamp]),"")} -> 45579.598 | F39: {=IFNA(_xlfn.XLOOKUP(B39,Table_Respons_Loket[Count],Table_Respons_Loket[Jenis Permohonan]),"")} -> PERALIHAN JUAL BELI | G39: David | H39: DISERAHKAN BT | I39: =IF(OR(H39="DISERAHKAN",H39="DISERAHKAN BT",H39="DISERAHKAN SU"),IF(I39<>"",I39,NOW()),"") -> 45580.668 | J39: FALSE | K39: =IF(J39=TRUE,IF(K39<>"",K39,NOW()),"")
B40: =B39+1 -> 34 | C40: {=IFNA(_xlfn.XLOOKUP(B40,Table_Respons_Loket[Count],Table_Respons_Loket[Nomor Tiket]),"")} -> K/38/141024/1 | D40: {=IFNA(_xlfn.XLOOKUP(B40,Table_Respons_Loket[Count],Table_Respons_Loket[Daftar Nomor Hak]),"")} -> M. 3157/ LABUHAN DALAM | E40: {=IFNA(_xlfn.XLOOKUP(B40,Table_Respons_Loket[Count],Table_Respons_Loket[Time Stamp]),"")} -> 45579.601 | F40: {=IFNA(_xlfn.XLOOKUP(B40,Table_Respons_Loket[Count],Table_Respons_Loket[Jenis Permohonan]),"")} -> PERALIHAN HAK JUAL BELI | G40: David | H40: DISERAHKAN BT | I40: =IF(OR(H40="DISERAHKAN",H40="DISERAHKAN BT",H40="DISERAHKAN SU"),IF(I40<>"",I40,NOW()),"") -> 45580.668 | J40: FALSE | K40: =IF(J40=TRUE,IF(K40<>"",K40,NOW()),"")
B41: =B40+1 -> 35 | C41: {=IFNA(_xlfn.XLOOKUP(B41,Table_Respons_Loket[Count],Table_Respons_Loket[Nomor Tiket]),"")} -> K/39/141024/1 | D41: {=IFNA(_xlfn.XLOOKUP(B41,Table_Respons_Loket[Count],Table_Respons_Loket[Daftar Nomor Hak]),"")} -> M.379/KALI BALAU KENCANA | E41: {=IFNA(_xlfn.XLOOKUP(B41,Table_Respons_Loket[Count],Table_Respons_Loket[Time Stamp]),"")} -> 45579.604 | F41: {=IFNA(_xlfn.XLOOKUP(B41,Table_Respons_Loket[Count],Table_Respons_Loket[Jenis Permohonan]),"")} -> GANDES | I41: =IF(OR(H41="DISERAHKAN",H41="DISERAHKAN BT",H41="DISERAHKAN SU"),IF(I41<>"",I41,NOW()),"") | J41: FALSE | K41: =IF(J41=TRUE,IF(K41<>"",K41,NOW()),"")
