Workbook

Sheet Sheet6
A1: . | B1: .
A2: K/13/141024/2 | B2: Ada di Dashboard | D2: K/13/141024/2 | E2: =VLOOKUP(D2,$A$2:$B$1353,2,0) -> Ada di Dashboard | H2: K/41/251124/1-P0
A3: L/18/141024/1 | B3: Ada di Dashboard | D3: L/18/141024/1 | E3: =VLOOKUP(D3,$A$2:$B$1353,2,0) -> Ada di Dashboard | H3: K/13/141024/2-P0
A4: K/28/141024/1 | B4: Ada di Dashboard | D4: K/28/141024/1 | E4: =VLOOKUP(D4,$A$2:$B$1353,2,0) -> Ada di Dashboard | H4: L/18/141024/1-P0
A5: L/34/141024/1 | B5: Ada di Dashboard | D5: L/34/141024/1 | E5: =VLOOKUP(D5,$A$2:$B$1353,2,0) -> Ada di Dashboard | H5: K/28/141024/1-P0
A6: L/10/151024/1 | B6: Ada di Dashboard | D6: L/10/151024/1 | E6: =VLOOKUP(D6,$A$2:$B$1353,2,0) -> Ada di Dashboard | H6: L/34/141024/1-P0
A7: K/12/151024/2 | B7: Ada di Dashboard | D7: K/12/151024/2 | E7: =VLOOKUP(D7,$A$2:$B$1353,2,0) -> Ada di Dashboard | H7: L/10/151024/1-P0
A8: L/18/151024/1 | B8: Ada di Dashboard | D8: L/18/151024/1 | E8: =VLOOKUP(D8,$A$2:$B$1353,2,0) -> Ada di Dashboard | H8: K/12/151024/2-P0
A9: L/20/151024/1 | B9: Ada di Dashboard | D9: L/20/151024/1 | E9: =VLOOKUP(D9,$A$2:$B$1353,2,0) -> Ada di Dashboard | H9: L/18/151024/1-P0
A10: K/21/151024/1 | B10: Ada di Dashboard | D10: K/21/151024/1 | E10: =VLOOKUP(D10,$A$2:$B$1353,2,0) -> Ada di Dashboard | H10: L/20/151024/1-P0
A11: L/26/151024/1 | B11: Ada di Dashboard | D11: L/26/151024/1 | E11: =VLOOKUP(D11,$A$2:$B$1353,2,0) -> Ada di Dashboard | H11: K/21/151024/1-P0
A12: K/36/151024/1 | B12: Ada di Dashboard | D12: K/36/151024/1 | E12: =VLOOKUP(D12,$A$2:$B$1353,2,0) -> Ada di Dashboard | H12: L/26/151024/1-P0
A13: L/35/151024/1 | B13: Ada di Dashboard | D13: L/35/151024/1 | E13: =VLOOKUP(D13,$A$2:$B$1353,2,0) -> Ada di Dashboard | H13: K/36/151024/1-P0
... A1276: K/16/301224/1 | B1276: Ada di Dashboard | D1276: K/41/311224/1 | E1276: =VLOOKUP(D1276,$A$2:$B$1353,2,0) -> Ada di Dashboard | H1276: K/25/131224/2-P1
A1277: K/18/301225/1 | B1277: Ada di Dashboard | H1277: K/14/301225/1-P0
A1278: K/19/301225/1 | B1278: Ada di Dashboard | H1278: K/15/301225/1-P0
A1279: K/20/301225/1 | B1279: Ada di Dashboard | H1279: L/17/301225/1-P0
A1280: K/21/301225/1 | B1280: Ada di Dashboard | H1280: K/16/301224/1-P0
A1281: K/22/301225/2 | B1281: Ada di Dashboard | H1281: K/18/301225/1-P0
A1282: L/23/301225/1 | B1282: Ada di Dashboard | H1282: K/19/301225/1-P0
A1283: K/24/301224/1 | B1283: Ada di Dashboard | H1283: K/20/301225/1-P0
A1284: K/25/301224/1 | B1284: Ada di Dashboard | H1284: K/21/301225/1-P0
A1285: K/26/301224/2 | B1285: Ada di Dashboard | H1285: K/22/301225/2-P0
A1286: K/27/301224/3 | B1286: Ada di Dashboard | H1286: L/23/301225/1-P0
A1287: K/28/301224/4 | B1287: Ada di Dashboard | H1287: K/24/301224/1-P0
A1288: K/29/301224/1 | B1288: Ada di Dashboard | H1288: K/25/301224/1-P0
... A1353: K/41/311224/1 | B1353: Ada di Dashboard | H1353: K/37/311224/1-P0
H1354: K/40/311224/1-P0
H1355: K/38/311224/2-P0
H1356: K/39/311224/3-P0
H1357: K/41/311224/1-P0

Sheet Dashboard
A1: No | B1: Kode Tiket | C1: Tanggal Permohonan Masuk | D1: Nama Pemohon | E1: Nomor Hak | F1: Jenis Permohonan | G1: Nama Petugas Loket | H1: Verifikator Start Date | I1: Verifikator End Date | J1: Nama Petugas | K1: Kesimpulan Verifikator | L1: Warkah Start Date | M1: Warkah End Date | N1: Nama Petugas | O1: Kesimpulan Warkah | P1: Validator Start Date | Q1: Validator End Date | R1: Kesimpulan Validator | S1: Alih Media Start Date | T1: Alih Media End Date | U1: Kesimpulan Alih Media | V1: SPS Loket
A2: 13 | B2: K/13/141024/2 | C2: 45579.448 | D2: APRILIA/PANARY SITOPU | E2: M.1088/NEGERI OLOK GADING-SEKARANG;B.1201/NEGERI OLOK GADING-DAHULU | F2: ROYA | G2: Baynur | H2: 45580 | I2: 45580 | J2: Maharani | K2: SELESAI (LENGKAP) | O2: DISERAHKAN | P2: 45579 | Q2: 45580 | R2: SELESAI | V2: BELUM SPS
A3: 19 | B3: L/18/141024/1 | C3: 45579.484 | D3: SUNILA HAKI | E3: M.331/NUSANTARA PERMAI;B.389/CAMPANG RAYA-DAHULU | F3: BLOKIR | G3: Nuraini | H3: 45580 | I3: 45580 | J3: Fikka | K3: SELESAI (LENGKAP) | O3: DISERAHKAN | V3: BELUM SPS
A4: 28 | B4: K/28/141024/1 | C4: 45579.573 | D4: ADE HERDIANYAH/WHINDA YULIANTI | E4: B.895/BERINGIN JAYA | F4: PERALIHAN JUAL BELI | G4: Baynur | H4: 45580 | I4: 45580 | J4: Kholfa | K4: SELESAI (LENGKAP) | O4: DISERAHKAN | P4: 45579 | Q4: 45580 | R4: SELESAI | S4: 45581.42 | T4: 45594 | U4: SELESAI | V4: BELUM SPS
A5: 32 | B5: L/34/141024/1 | C5: 45579.592 | D5: RENNY SILALAHI | E5: KORPRI JAYA | F5: PERTAMA KALI | G5: Deby | H5: 45607 | I5: 45607 | J5: Zevina | K5: PERBAIKAN | V5: BELUM SPS
A6: 56 | B6: L/10/151024/1 | C6: 45580.422 | D6: AHMAD SUKRI | E6: B.561/NUSANTARA PERMAI;B.329/CAMPANG RAYA-DAHULU | F6: PERUBAHAN HAK | G6: Nuraini | H6: 45580 | I6: 45581 | J6: Kholfa | K6: SELESAI (LENGKAP) | O6: DISERAHKAN | P6: 45580 | Q6: 45580 | R6: SELESAI | S6: 45581.419 | U6: BT atau SU Belum Alih Media | V6: BELUM SPS
A7: 58 | B7: K/12/151024/2 | C7: 45580.426 | D7: Maryanti K/ Joko Setiawan | E7: M. 288/ Kaliawi | F7: BN Jual Beli | G7: Rapita | H7: 45580 | I7: 45581 | J7: Maharani | K7: SELESAI (LENGKAP) | O7: DISERAHKAN | P7: 45587 | Q7: 45587 | R7: SELESAI | S7: 45587.668 | U7: BT atau SU Belum Alih Media | V7: BELUM SPS
A8: 63 | B8: L/18/151024/1 | C8: 45580.443 | D8: ABU BAKAR | E8: HM 1527/RAJABASA NUNYAI (SUPER PRIORITAS) | F8: BN JUAL BELI | G8: Deby | O8: DISERAHKAN | P8: 45581 | Q8: 45581 | R8: SELESAI | V8: BELUM SPS
A9: 65 | B9: L/20/151024/1 | C9: 45580.455 | D9: BUDY RAHARJO | E9: NIB 0801000023950/SUKARAME | F9: GANTI NAMA | G9: Deby | H9: 45580 | I9: 45582 | J9: Maharani | K9: SELESAI (LENGKAP) | V9: BELUM SPS
A10: 67 | B10: K/21/151024/1 | C10: 45580.473 | D10: RAHMADIYANTI / SORAYA SOPHA | E10: M. 652/ PINANG JAYA | F10: BN JUAL BELI | G10: Hananda | H10: 45587 | I10: 45593 | J10: Ginta Monita | K10: SELESAI (LENGKAP) | O10: PROSES | Q10: 45594 | R10: Selesai | U10: BT atau SU Belum Alih Media | V10: BELUM SPS
A11: 69 | B11: L/26/151024/1 | C11: 45580.474 | D11: MUHAMMAD ROCYCH | E11: HM 401/KALI BALAU KENCANA | F11: ROYA | G11: Deby | H11: 45580 | I11: 45581 | J11: Fikka | K11: PERBAIKAN | O11: DISERAHKAN | P11: 45581 | Q11: 45594 | R11: SELESAI | V11: BELUM SPS
A12: 80 | B12: K/36/151024/1 | C12: 45580.582 | D12: LINA YOSEPA/HERIYANSYAH | E12: M.4791/BERINGIN RAYA-SEKARANG;B.1135/SUMBERREJO-DAHULU | F12: PERALIHAN LELANG | G12: Baynur | H12: 45586 | I12: 45586 | J12: Ginta Monita | K12: SELESAI (LENGKAP) | O12: PROSES | Q12: 45593 | R12: Selesai | U12: BT atau SU Belum Alih Media | V12: BELUM SPS
A13: 83 | B13: L/35/151024/1 | C13: 45580.585 | D13: FIRMANSYAH/CS | E13: HM 479/HARAPAN JAYA (DAHULU)-HM 49/KORPRI JAYA (SEKARANG) | F13: BN PUTUSAN PENGADILAN (AHLI WARIS) | G13: Deby | H13: 45580 | I13: 45581 | J13: Kholfa | K13: PERBAIKAN | O13: DISERAHKAN | P13: 45581 | Q13: 45582 | R13: SELESAI | V13: BELUM SPS
A14: 87 | B14: L/43/151024/1 | C14: 45580.592 | D14: SEPTA RENI | E14: HM 4010/TANJUNG SENANG | F14: ROYA | G14: Deby | H14: 45587 | I14: 45587 | J14: Ginta Monita | K14: SELESAI (LENGKAP) | O14: DISERAHKAN | P14: 45581 | Q14: 45582 | R14: SELESAI | V14: BELUM SPS
A15: 88 | B15: K/41/151024/2 | C15: 45580.594 | D15: Fahrul Rozi/Novarida | E15: M. 11294/ Labuhan Ratu | F15: BN Jual Beli | G15: Rapita | H15: 45580 | I15: 45617 | J15: Maharani | K15: SELESAI (LENGKAP) | O15: DISERAHKAN | P15: 45581 | Q15: 45582 | R15: SELESAI | S15: 45582.614 | U15: BT atau SU Belum Alih Media | V15: BELUM SPS
A16: 90 | B16: K/42/151024/3 | C16: 45580.597 | D16: Fahrul Rozi/ Winarni | E16: M. 2589/ Kota Baru | F16: BN Kewarisan | G16: Rapita | H16: 45580 | I16: 45610 | J16: Ila Nofri | K16: SELESAI (LENGKAP) | O16: DISERAHKAN | P16: 45581 | Q16: 45582 | R16: SELESAI | S16: 45582.613 | U16: BT atau SU Belum Alih Media | V16: BELUM SPS
A17: 93 | B17: L/49/151024/1 | C17: 45580.609 | D17: SOENANTO | E17: B.238/BERINGIN RAYA;B.238/BERINGIN JAYA-DAHULU | F17: PERUBAHAN HAK | G17: Nuraini | H17: 45587 | I17: 45587 | J17: Ginta Monita | K17: SELESAI (LENGKAP) | O17: DISERAHKAN | P17: 45581 | Q17: 45582 | R17: SELESAI | S17: 45582.615 | T17: 45650 | U17: SELESAI | V17: BELUM SPS
A18: 103 | B18: K/59/151024/1 | C18: 45580.647 | D18: IRMA SILVIA/ I MADE RETUG | E18: B.522/BERINGIN JAYA | F18: PERALIHAN JUAL BELI | G18: Baynur | H18: 45580 | I18: 45582 | J18: Maharani | K18: PERBAIKAN | O18: DISERAHKAN | V18: BELUM SPS
A19: 107 | B19: L/4/161024/1 | C19: 45581.4 | D19: HELDAYANI CS | E19: B.3464/SUKABUMI | F19: PENGUKURAN UNTUK PEMBAHARUAN SERTIPIKAT | G19: Nuraini | H19: 45590 | I19: 45597 | J19: Fikka | K19: SELESAI (LENGKAP) | V19: BELUM SPS
A20: 115 | B20: K/12/161024/3 | C20: 45581.437 | D20: CHRISTYNA BELLY/PANARY SITOPU | E20: B.545/GUNUNG SULAH | F20: PERALIHAN JUAL BELI | G20: Baynur | H20: 45583 | I20: 45607 | J20: Ila Nofri | K20: SELESAI (LENGKAP) | O20: PROSES | Q20: 45609 | R20: Selesai | U20: BT atau SU Belum Alih Media | V20: BELUM SPS
A21: 116 | B21: K/13/161024/1 | C21: 45581.438 | D21: A. Roswantama/ Mardi | E21: M. 1186/ Enggal | F21: BN Jual Beli | G21: Rapita | H21: 45583 | I21: 45587 | J21: Maharani | K21: PERBAIKAN | O21: DISERAHKAN | P21: 45582 | Q21: 45583 | R21: SELESAI | V21: BELUM SPS
A22: 119 | B22: L/16/161024/1 | C22: 45581.45 | D22: LILY KURNIATI | E22: M.1095/NOG | F22: ROYA | G22: Nuraini | H22: 45583 | I22: 45589 | J22: Ila Nofri | K22: SELESAI (LENGKAP) | O22: DISERAHKAN | P22: 45582 | Q22: 45583 | R22: SELESAI | U22: BT atau SU Belum Alih Media | V22: BELUM SPS
A23: 126 | B23: L/26/161024/1 | C23: 45581.57 | D23: FACHRUDDIN | E23: - | F23: ASPEK | G23: Deby | V23: BELUM SPS
A24: 127 | B24: K/25/161024/1 | C24: 45581.571 | D24: Asmara/Samah | E24: M. 1443/ Batu Putuk | F24: Hapus BPHTB | G24: Rapita | V24: BELUM SPS
A25: 129 | B25: K/27/161024/1 | C25: 45581.58 | D25: Fahrul Rozi/ Kevin A S P | E25: M. 12564/ Rajabasa Nunyai; 1137/ Rajabasa Dahulu | F25: BN Jual Beli | G25: Rapita | H25: 45583 | I25: 45590 | J25: Maharani | K25: SELESAI (LENGKAP) | O25: DISERAHKAN | P25: 45601 | Q25: 45596 | R25: Selesai | U25: BT atau SU Belum Alih Media | V25: BELUM SPS
A26: 138 | B26: K/30/161024/1 | C26: 45581.603 | D26: Atiansya Febra/ Candra Putra | E26: M. 4485/ Beringin Raya; B. 1808/ Beringin Raya | F26: BN Jual Beli | G26: Rapita | H26: 45586 | I26: 45593 | J26: Ginta Monita | K26: SELESAI (LENGKAP) | O26: DISERAHKAN BT | P26: 45608 | Q26: 45602 | R26: Selesai | U26: BT atau SU Belum Alih Media | V26: BELUM SPS
A27: 140 | B27: K/38/161024/1 | C27: 45581.61 | D27: Chandra Alam/ Heri S. cs | E27: M. 2904/ Gedong Air | F27: Hapus BPHTB | G27: Rapita | V27: BELUM SPS
A28: 148 | B28: L/6/171024/1 | C28: 45582.424 | D28: GUSMAYANTI | E28: M.13036/SUKABUMI | F28: ROYA | G28: Nuraini | H28: 45583 | I28: 45589 | J28: Ila Nofri | K28: SELESAI (LENGKAP) | O28: DISERAHKAN | P28: 45582 | Q28: 45583 | R28: SELESAI | S28: 45583.71 | T28: 45597 | U28: SELESAI | V28: BELUM SPS
A29: 153 | B29: L/11/171024/1 | C29: 45582.459 | D29: SYAMSUARDI | E29: HGB 416/WAY KANDIS | F29: ROYA | G29: Deby | H29: 45583 | I29: 45597 | J29: Maharani | K29: SELESAI (LENGKAP) | O29: DISERAHKAN | P29: 45582 | Q29: 45583 | R29: SELESAI | V29: BELUM SPS
A30: 154 | B30: K/12/171024/3 | C30: 45582.46 | D30: eka sari taherah/m azmi | E30: M. 243/ Pinang Jaya | F30: BN Jual beli | G30: Hananda | H30: 45586 | I30: 45586 | J30: Ginta Monita | K30: SELESAI (LENGKAP) | O30: DISERAHKAN | P30: 45582 | Q30: 45587 | R30: SELESAI | S30: 45587.668 | U30: BT atau SU Belum Alih Media | V30: BELUM SPS
A31: 156 | B31: K/14/171024/5 | C31: 45582.467 | D31: eka sari taherah/ yayan kesuma | E31: M. 2465/ Pinang jaya | F31: BN Jual Beli | G31: Hananda | H31: 45583 | I31: 45610 | J31: Ila Nofri | K31: SELESAI (LENGKAP) | O31: DISERAHKAN | P31: 45582 | Q31: 45594 | R31: SELESAI | U31: BT atau SU Belum Alih Media | V31: BELUM SPS
A32: 176 | B32: L/35/171024/1 | C32: 45582.578 | D32: SUSYANA | E32: HM 296/RAJABASA RAYA | F32: ROYA | G32: Deby | H32: 45586 | I32: 45586 | J32: Ginta Monita | K32: SELESAI (LENGKAP) | O32: DISERAHKAN | P32: 45586 | Q32: 45587 | R32: SELESAI | S32: 45587.668 | T32: 45594 | U32: SELESAI | V32: BELUM SPS
A33: 182 | B33: L/40/171024/1 | C33: 45582.593 | D33: ACENG SOLEHUDIN | E33: HM 1375/TANJUNG SENENG | F33: ROYA | G33: Deby | H33: 45583 | I33: 45583 | J33: Fikka | K33: SELESAI (LENGKAP) | O33: DISERAHKAN | P33: 45586 | Q33: 45587 | R33: SELESAI | S33: 45587.668 | T33: 45595 | U33: SELESAI | V33: BELUM SPS
A34: 184 | B34: K/42/171024/1 | C34: 45582.597 | D34: endang aprilia/okta kaisar saputra | E34: B. 649/ Sumber Agung | F34: BN Jual Beli | G34: Hananda | H34: 45583 | I34: 45607 | J34: Ila Nofri | K34: SELESAI (LENGKAP) | O34: DISERAHKAN | P34: 45586 | Q34: 45587 | R34: SELESAI | S34: 45587.668 | U34: BT atau SU Belum Alih Media | V34: BELUM SPS
A35: 186 | B35: L/44/171024/1 | C35: 45582.602 | D35: MAYLINA | E35: HM 16138/SUKARAME I | F35: ROYA | G35: Deby | H35: 45587 | I35: 45587 | J35: Kholfa | K35: SELESAI (LENGKAP) | O35: DISERAHKAN | P35: 45586 | Q35: 45587 | R35: SELESAI | S35: 45587.668 | T35: 45595 | U35: SELESAI | V35: BELUM SPS
A36: 197 | B36: K/56/171024/1 | C36: 45582.655 | D36: RIKA WISANGRATRI/ JULIUS BUTAR BUTAR | E36: M. 377/ ENGGAL | F36: ROYA | G36: Hananda | H36: 45583 | I36: 45583 | J36: Fikka | K36: SELESAI (LENGKAP) | O36: DISERAHKAN | P36: 45586 | Q36: 45587 | R36: SELESAI | S36: 45587.668 | U36: BT atau SU Belum Alih Media | V36: BELUM SPS
A37: 198 | B37: L/57/181024/1 | C37: 45583.397 | D37: MUJAMIL | E37: M.13833/RAJABASA | F37: ROYA | G37: Nuraini | H37: 45589 | I37: 45589 | J37: Ila Nofri | K37: SELESAI (LENGKAP) | O37: DISERAHKAN | P37: 45586 | Q37: 45587 | R37: SELESAI | S37: 45587.691 | T37: 45601 | U37: SELESAI | V37: BELUM SPS
A38: 205 | B38: K/6/181024/1 | C38: 45583.438 | D38: Afrizal/ Welly H | E38: B. 653; 654/ Pesawahan dan SHT 1213/2008 dan SHT 3013/2006 | F38: Roya | G38: Rapita | H38: 45583 | I38: 45592 | J38: Maharani | K38: SELESAI (LENGKAP) | O38: DISERAHKAN | P38: 45586 | Q38: 45587 | R38: SELESAI | S38: 45587.691 | U38: BT atau SU Belum Alih Media | V38: BELUM SPS
A39: 208 | B39: L/10/181024/1 | C39: 45583.449 | D39: HAPPY JOY PW SIREGAR | E39: HGB.4629/BERINGIN RAYA | F39: SERTIPIKAT HILANG | G39: Nuraini | H39: 45581 | I39: 45609 | J39: Ila Nofri | K39: SELESAI (LENGKAP) | O39: DISERAHKAN | P39: 45588 | Q39: 45594 | R39: SELESAI | V39: BELUM SPS
A40: 209 | B40: K/11/181024/1 | C40: 45583.451 | D40: DRS.M NADJIB RIPHAT/DRA HJ MASDALIZA JN | E40: M.1637/BUMI KEDAMAIAN-SEKARANG;M.13670/KEDAMAIAN-DAHULU | F40: PEMECAHAN | G40: Baynur | H40: 45587 | I40: 45595 | J40: Ila Nofri | K40: PERBAIKAN | O40: PROSES | Q40: 45597 | R40: Selesai | U40: BT atau SU Belum Alih Media | V40: BELUM SPS
A41: 223 | B41: K/23/181024/1 | C41: 45583.581 | D41: Nurhayati/ Yolanda Regina | E41: M. 224/ Kampung Baru Raya | F41: BN Jual Beli | G41: Rapita | H41: 45583 | I41: 45589 | J41: Ila Nofri | K41: DIBATALKAN | O41: PROSES | Q41: 45593 | R41: Selesai | U41: BT atau SU Belum Alih Media | V41: BELUM SPS
A42: 227 | B42: K/29/181024/1 | C42: 45583.598 | D42: Kiki Astuti/ Suyanti | E42: B. 02/ Gunung Mas | F42: Pengukuran Hgb Berakhir | G42: Rapita | V42: BELUM SPS
A43: 230 | B43: K/33/181024/1 | C43: 45583.604 | D43: JULIANTO WIBOWO/ANNA PURNAMASARI | E43: M.3314/KOTA KARANG | F43: PERALIHAN JUAL BELI | G43: Baynur | H43: 45587 | I43: 45589 | J43: Kholfa | K43: SELESAI (LENGKAP) | O43: DISERAHKAN | P43: 45603 | Q43: 45594 | R43: Selesai | U43: BT atau SU Belum Alih Media | V43: BELUM SPS
A44: 232 | B44: K/34/181024/2 | C44: 45583.605 | D44: SUHESTI/ANNA PURNAMASARI | E44: M.1552/PESAWAHAN | F44: PERALIHAN JUAL BELI | G44: Baynur | H44: 45587 | I44: 45589 | J44: Maharani | K44: SELESAI (LENGKAP) | O44: DISERAHKAN | P44: 45586 | Q44: 45587 | R44: SELESAI | S44: 45587.691 | U44: BT atau SU Belum Alih Media | V44: BELUM SPS
A45: 240 | B45: K/43/181024/1 | C45: 45583.624 | D45: Endang Aprilia/ M Ma'ruf | E45: M. 3058/ Gunung Terang | F45: Hapus BPHTB | G45: Rapita | H45: 45583 | I45: 45595 | J45: Ila Nofri | K45: PERBAIKAN | V45: BELUM SPS
A46: 241 | B46: K/45/181024/1 | C46: 45583.625 | D46: SITI KHONNIA/ANDRI NOVIAR | E46: M.2473/RAJABASA JAYA | F46: KEWARISAN | G46: Baynur | H46: 45596 | I46: 45596 | J46: Zevina | K46: PERBAIKAN | O46: DISERAHKAN | P46: 45587 | Q46: 45587 | R46: SELESAI | S46: 45587.69 | U46: BT atau SU Belum Alih Media | V46: BELUM SPS
A47: 243 | B47: K/46/181024/2 | C47: 45583.626 | D47: SRI ELFINA PUJIATI/ANDRI NOVIAR | E47: M.598/GUNUNG TERANG | F47: KEWARISAN | G47: Baynur | H47: 45587 | I47: 45595 | J47: Fikka | K47: SELESAI (LENGKAP) | O47: DISERAHKAN | P47: 45587 | Q47: 45588 | R47: SELESAI | S47: 45588.391 | T47: 45603 | U47: SELESAI | V47: BELUM SPS
A48: 248 | B48: L/50/191024/1 | C48: 45584.395 | D48: EVTI APRILIYANI | E48: M.3937/WAY KANDIS | F48: ROYA | G48: Nuraini | H48: 45587 | I48: 45587 | J48: Kholfa | K48: SELESAI (LENGKAP) | O48: PROSES | V48: BELUM SPS
A49: 252 | B49: K/2/211024/1 | C49: 45586.372 | D49: dikembalikan | E49: M. 2888/ Sukarame Baru - sekarang; M. 17475/ Sukarame I -dahulu | F49: BN Hibah | G49: Hananda | V49: BELUM SPS
A50: 257 | B50: L/7/211024/1 | C50: 45586.424 | D50: ALDINO AHMAD | E50: NIB 08010000029980/WAY GUBAK | F50: BALIK NAMA LELANG | G50: Deby | H50: 45587 | I50: 45596 | J50: Maharani | K50: SELESAI (LENGKAP) | V50: BELUM SPS
A51: 258 | B51: L/8/211024/1 | C51: 45586.428 | D51: ANASTASIA ASTUTI | E51: HM 15995/SUKARAME I | F51: ROYA | G51: Deby | O51: DISERAHKAN | P51: 45587 | Q51: 45588 | R51: SELESAI | S51: 45588.617 | U51: BT atau SU Belum Alih Media | V51: BELUM SPS
A52: 259 | B52: L/9/211024/1 | C52: 45586.434 | D52: PETRUS | E52: HM 2993/CAMPANG RAYA-SEKARANG;HGB 2402/CAMPANG RAYA-DAHULU | F52: ROYA | G52: Deby | H52: 45587 | I52: 45589 | J52: Ginta Monita | K52: SELESAI (LENGKAP) | O52: DISERAHKAN | P52: 45587 | Q52: 45588 | R52: SELESAI | S52: 45588.621 | T52: 45597 | U52: SELESAI | V52: BELUM SPS
A53: 265 | B53: K/14/211024/1 | C53: 45586.449 | D53: Yudeni T/ Wita A | E53: M. 11632/ Sukarame | F53: BN Jual Beli | G53: Rapita | H53: 45587 | I53: 45589 | J53: Fikka | K53: PERBAIKAN | O53: DISERAHKAN | P53: 45587 | Q53: 45588 | R53: SELESAI | V53: BELUM SPS
A54: 266 | B54: K/16/211024/2 | C54: 45586.45 | D54: Yudeni T/ M Rully A | E54: M. 467/ Sumur Putri | F54: BN Jual Beli | G54: Rapita | H54: 45589 | I54: 45642 | J54: Ila Nofri | K54: SELESAI (LENGKAP) | O54: DISERAHKAN | P54: 45587 | Q54: 45588 | R54: SELESAI | S54: 45588.46 | U54: BT atau SU Belum Alih Media | V54: BELUM SPS
A55: 271 | B55: K/20/211024/3 | C55: 45586.48 | D55: eka sari taherah/ firda ningsih | E55: M. 2226/ kedaung | F55: BN Jual Beli | G55: Hananda | H55: 45587 | I55: 45642 | J55: Maharani | K55: SELESAI (LENGKAP) | O55: DISERAHKAN | P55: 45587 | Q55: 45588 | R55: SELESAI | S55: 45588.62 | U55: BT atau SU Belum Alih Media | V55: BELUM SPS
A56: 273 | B56: L/23/211024/1 | C56: 45586.488 | D56: RIFAI ISRON SALEH | E56: HGB 3764/BERINGIN RAYA | F56: PH | G56: Deby | H56: 45587 | I56: 45590 | J56: Maharani | K56: SELESAI (LENGKAP) | O56: DISERAHKAN | P56: 45587 | Q56: 45588 | R56: SELESAI | S56: 45588.459 | U56: BT atau SU Belum Alih Media | V56: BELUM SPS
A57: 278 | B57: L/28/211024/1 | C57: 45586.563 | D57: WARSONO | E57: HM 2414/KUPANG TEBA | F57: ROYA | G57: Deby | H57: 45587 | I57: 45589 | J57: Kholfa | K57: SELESAI (LENGKAP) | O57: DISERAHKAN | P57: 45587 | Q57: 45588 | R57: SELESAI | S57: 45588.46 | T57: 45597 | U57: SELESAI | V57: BELUM SPS
A58: 283 | B58: L/33/211024/1 | C58: 45586.58 | D58: NURLELA | E58: HM 180/PINANG JAYA | F58: ROYA | G58: Deby | H58: 45587 | I58: 45588 | J58: Fikka | K58: SELESAI (LENGKAP) | O58: DISERAHKAN | P58: 45587 | Q58: 45588 | R58: SELESAI | S58: 45588.461 | T58: 45594 | U58: SELESAI | V58: BELUM SPS
A59: 287 | B59: K/38/211024/1 | C59: 45586.592 | D59: BPJN LAMPUNG/WAHYUDIN | E59: PBT 26/2024 KEL. WAY LAGA | F59: PERMOHONAN SK | G59: Baynur | H59: 45597 | I59: 45607 | J59: Ila Nofri | K59: SELESAI (LENGKAP) | V59: BELUM SPS
A60: 289 | B60: L/40/211024/1 | C60: 45586.593 | D60: RIZKY PRIMASARI AMALIA | E60: HM 101/KEMILING RAYA | F60: ROYA LELANG | G60: Deby | H60: 45590 | I60: 45590 | J60: Zevina | K60: SELESAI (LENGKAP) | O60: DISERAHKAN | P60: 45587 | Q60: 45588 | R60: SELESAI | S60: 45588.462 | T60: 45597 | U60: SELESAI | V60: BELUM SPS
A61: 290 | B61: K/39/211024/2 | C61: 45586.6 | D61: BPJN LAMPUNG/WAHYUDIN | E61: PBT 27/2024 KEL. WAY GUBAK | F61: PERMOHONAN SK | G61: Baynur | H61: 45604 | I61: 45614 | J61: Kholfa | K61: SELESAI (LENGKAP) | V61: BELUM SPS
A62: 293 | B62: K/45/211024/1 | C62: 45586.608 | D62: Ayi Ruhiat/ Mas Panji S | E62: M. 2245/ Sukarame Baru; B. 4947/Sukarame-dahulu | F62: BN Jual Beli | G62: Rapita | H62: 45589 | I62: 45600 | J62: Ila Nofri | K62: SELESAI (LENGKAP) | O62: DISERAHKAN | P62: 45615 | Q62: 45603 | R62: Selesai | U62: BT atau SU Belum Alih Media | V62: BELUM SPS
A63: 294 | B63: K/47/211024/1 | C63: 45586.616 | D63: RADEN MUHAMAD ILYAS/ARIE MAULUDI | E63: M.2704/SUKARAME BARU-SEKARANG;B.986/SUKARAME -DAHULU | F63: PERALIHAN JUAL BELI | G63: Baynur | H63: 45589 | I63: 45594 | J63: Ila Nofri | K63: SELESAI (LENGKAP) | O63: DISERAHKAN | P63: 45587 | Q63: 45588 | R63: SELESAI | S63: 45588.461 | T63: 45595 | U63: SELESAI | V63: BELUM SPS
A64: 295 | B64: K/48/211024/1 | C64: 45586.618 | D64: Reflan Rasyid/ Ari Pran | E64: M. 240/ Kemiling Permai | F64: BN Jual Beli | G64: Hananda | H64: 45587 | I64: 45589 | J64: Ginta Monita | K64: SELESAI (LENGKAP) | O64: DISERAHKAN | P64: 45587 | Q64: 45588 | R64: SELESAI | S64: 45588.461 | U64: BT atau SU Belum Alih Media | V64: BELUM SPS
A65: 298 | B65: K/50/211024/1 | C65: 45586.623 | D65: Budi K/ Debora A T | E65: M. 13651/ Labuhan Ratu; SHT 2739/2019 | F65: Roya | G65: Rapita | H65: 45587 | I65: 45589 | J65: Fikka | K65: SELESAI (LENGKAP) | O65: PROSES | Q65: 45597 | R65: Selesai | S65: 45609.476 | U65: BT atau SU Belum Alih Media | V65: BELUM SPS
A66: 304 | B66: K/2/221024/2 | C66: 45587.383 | D66: A roswantama/ Rudy | E66: M. 1556/ Bumi Waras | F66: Roya | G66: Hananda | H66: 45589 | I66: 45590 | J66: Fikka | K66: SELESAI (LENGKAP) | O66: DISERAHKAN | P66: 45588 | Q66: 45594 | R66: SELESAI | S66: 45594.4 | T66: 45597 | U66: SELESAI | V66: BELUM SPS
A67: 306 | B67: L/4/221024/1 | C67: 45587.385 | D67: DINA JULIANA/CS | E67: HM 3875/LANGKAPURA | F67: BN WARIS | G67: Deby | H67: 45589 | I67: 45594 | J67: Fikka | K67: SELESAI (LENGKAP) | O67: DISERAHKAN | P67: 45588 | Q67: 45594 | R67: SELESAI | S67: 45594.386 | U67: BT atau SU Belum Alih Media | V67: BELUM SPS
A68: 308 | B68: L/6/221024/1 | C68: 45587.389 | D68: DRISNAF SWASTYARDI | E68: SHGB.262/KAMPUNG BARU DAN SHGB.258/KAMPUNG BARU | F68: ROYA | G68: Nuraini | H68: 45589 | I68: 45597 | J68: Ila Nofri | K68: SELESAI (LENGKAP) | O68: PROSES | V68: BELUM SPS
A69: 310 | B69: L/8/221024/1 | C69: 45587.396 | D69: TAUFIK | E69: HGB 143/KAMPUNG BARU | F69: ROYA | G69: Deby | H69: 45590 | I69: 45590 | J69: Zevina | K69: SELESAI (LENGKAP) | O69: DISERAHKAN | P69: 45588 | Q69: 45594 | R69: SELESAI | V69: BELUM SPS
A70: 311 | B70: K/9/221024/1 | C70: 45587.409 | D70: HELMA DEVIANTI/KRISTIA AGUSTINA | E70: M.26/LANGKAPURA BARU-SEKARANG;B.113/LANGKAPURA-DAHULU | F70: ROYA | G70: Baynur | H70: 45589 | I70: 45590 | J70: Kholfa | K70: SELESAI (LENGKAP) | O70: DISERAHKAN | P70: 45588 | Q70: 45594 | R70: SELESAI | S70: 45594.403 | T70: 45602 | U70: SELESAI | V70: BELUM SPS
A71: 314 | B71: L/12/221024/1 | C71: 45587.415 | D71: INDRA KURNIAWAN | E71: HM 769/WHP | F71: ROYA | G71: Deby | H71: 45589 | I71: 45596 | J71: Fikka | K71: SELESAI (LENGKAP) | O71: DISERAHKAN BT | P71: 45601 | Q71: 45603 | R71: SELESAI | V71: BELUM SPS
A72: 315 | B72: L/11/221024/1 | C72: 45587.417 | D72: SIGID APRIADI | E72: M.12607/RAJABASA;B.1164/RAJABASA-DAHULU | F72: ROYA | G72: Nuraini | H72: 45589 | I72: 45590 | J72: Maharani | K72: SELESAI (LENGKAP) | O72: DISERAHKAN | P72: 45588 | Q72: 45594 | R72: SELESAI | V72: BELUM SPS
A73: 325 | B73: K/14/221024/2 | C73: 45587.427 | D73: Nanik Maryani/ Hilda S Cs | E73: M. 3903/ Way Kandis | F73: BN Waris | G73: Rapita | H73: 45589 | I73: 45597 | J73: Kholfa | K73: SELESAI (LENGKAP) | O73: DISERAHKAN | P73: 45588 | Q73: 45594 | R73: SELESAI | S73: 45594.389 | U73: BT atau SU Belum Alih Media | V73: BELUM SPS
A74: 344 | B74: K/39/221024/1 | C74: 45587.484 | D74: Panary S/ Amirhan | E74: M. 6475/ Way Kandis | F74: BN Jual Beli | G74: Rapita | H74: 45589 | I74: 45602 | J74: Kholfa | K74: SELESAI (LENGKAP) | O74: DISERAHKAN | P74: 45608 | Q74: 45604 | R74: Selesai | U74: BT atau SU Belum Alih Media | V74: BELUM SPS
A75: 347 | B75: K/45/221024/1 | C75: 45587.558 | D75: Nur Hayati/Rubiyanto | E75: M. 543/ Sumur Putri | F75: Roya | G75: Hananda | H75: 45593 | I75: 45595 | J75: Ginta Monita | K75: SELESAI (LENGKAP) | O75: DISERAHKAN | P75: 45588 | Q75: 45589 | R75: SELESAI | V75: BELUM SPS
A76: 370 | B76: K/3/231024/1 | C76: 45588.394 | D76: Anna P/ Imam Firdaus | E76: M. 1186/ Teluk betung | F76: BN Hibah | G76: Hananda | H76: 45589 | I76: 45600 | J76: Ila Nofri | K76: SELESAI (LENGKAP) | O76: DISERAHKAN | P76: 45588 | Q76: 45594 | R76: SELESAI | S76: 45594.39 | T76: 45645 | U76: SELESAI | V76: BELUM SPS
A77: 372 | B77: K/5/231024/1 | C77: 45588.435 | D77: Bambang Abiyono/ Nurhayati | E77: M. 1046/ Kupang Teba | F77: Roya | G77: Hananda | H77: 45593 | I77: 45596 | J77: Ginta Monita | K77: SELESAI (LENGKAP) | O77: DISERAHKAN | P77: 45588 | Q77: 45589 | R77: SELESAI | V77: BELUM SPS
A78: 373 | B78: K/6/231024/1 | C78: 45588.447 | D78: Sukijo B S/ Jumangin | E78: M. 149/ Bakung | F78: Pemecahan | G78: Rapita | H78: 45589 | I78: 45593 | J78: Ila Nofri | K78: PERBAIKAN | O78: PROSES | V78: BELUM SPS
A79: 380 | B79: K/13/231024/1 | C79: 45588.458 | D79: Maryanti K/ Sri Rahayu | E79: B. 645/ Jagabaya III; 216/Sukarame-dahulu | F79: Perubahan Hak | G79: Rapita | H79: 45589 | I79: 45593 | J79: Ila Nofri | K79: PERBAIKAN | O79: DISERAHKAN | P79: 45588 | Q79: 45594 | R79: SELESAI | V79: BELUM SPS
A80: 382 | B80: K/15/231024/1 | C80: 45588.463 | D80: Reflan R/ Winny W | E80: M. 8119/ Sukabumi | F80: BN Jual Beli | G80: Rapita | H80: 45589 | I80: 45596 | J80: Maharani | K80: SELESAI (LENGKAP) | O80: DISERAHKAN BT | P80: 45588 | Q80: 45589 | R80: SELESAI | S80: 45589.473 | U80: BT atau SU Belum Alih Media | V80: BELUM SPS
A81: 383 | B81: L/16/231024/1 | C81: 45588.477 | D81: EDI SUYANTO | E81: M.3338/SUKADANA HAM | F81: SERTIPIKAT HILANG | G81: Nuraini | H81: 45593 | I81: 45604 | J81: Ginta Monita | K81: SELESAI (LENGKAP) | O81: DISERAHKAN | P81: 45588 | Q81: 45594 | R81: SELESAI | V81: BELUM SPS
A82: 384 | B82: L/17/231024/2 | C82: 45588.479 | D82: EDI SUYANTO | E82: M.3337/SUKADANA HAM | F82: SERTIPIKAT HILANG | G82: Nuraini | H82: 45589 | I82: 45589 | J82: Fikka | K82: SELESAI (LENGKAP) | O82: DISERAHKAN | P82: 45588 | Q82: 45594 | R82: SELESAI | V82: BELUM SPS
A83: 386 | B83: L/19/231024/1 | C83: 45588.483 | D83: SHOLEH | E83: HM 409/KBK | F83: ROYA | G83: Deby | H83: 45589 | I83: 45589 | J83: Fikka | K83: SELESAI (LENGKAP) | O83: PROSES | V83: BELUM SPS
A84: 397 | B84: K/30/231024/1 | C84: 45588.564 | D84: M FARREL F P/TRIADI KURNIAWAN | E84: NIBEL M.661/BILABONG JAYA | F84: BN JUAL BELI | G84: Baynur | H84: 45593 | I84: 45607 | J84: Ginta Monita | K84: SELESAI (LENGKAP) | V84: BELUM SPS
A85: 399 | B85: L/32/231024/1 | C85: 45588.57 | D85: BUDIYANTO | E85: B.1072/CAMPANG JAYA | F85: PERUBAHAN HAK | G85: Nuraini | H85: 45589 | I85: 45592 | J85: Maharani | K85: SELESAI (LENGKAP) | O85: PROSES | Q85: 45595 | R85: Selesai | T85: 45611 | U85: SELESAI | V85: BELUM SPS
A86: 404 | B86: L/37/231024/1 | C86: 45588.587 | D86: SITTI SUBAIDAH | E86: HM 1642/KOTA KARANG | F86: ROYA | G86: Deby | H86: 45593 | I86: 45593 | J86: Ginta Monita | K86: PERBAIKAN | O86: DISERAHKAN | P86: 45588 | Q86: 45589 | R86: SELESAI | V86: BELUM SPS
A87: 408 | B87: L/41/231024/1 | C87: 45588.599 | D87: ROHMAYATI | E87: M.1801/KELAPA TIGA | F87: ROYA | G87: Nuraini | H87: 45589 | I87: 45590 | J87: Maharani | K87: SELESAI (LENGKAP) | O87: PROSES | V87: BELUM SPS
A88: 409 | B88: K/42/231024/1 | C88: 45588.603 | D88: FAIZAL RIZAL/NAZAIRONI A | E88: M.1878/KEDAUNG | F88: BN JUAL BELI | G88: Baynur | H88: 45593 | I88: 45593 | J88: Ginta Monita | K88: SELESAI (LENGKAP) | O88: DISERAHKAN | P88: 45588 | Q88: 45589 | R88: SELESAI | S88: 45589.709 | U88: BT atau SU Belum Alih Media | V88: BELUM SPS
A89: 428 | B89: K/9/241024/1 | C89: 45589.397 | D89: Luciana/ Kessica L Cs | E89: M. 9800/ Kedamaian; SHT 2878/2017 dan SHT 1059/20211 | F89: Roya | G89: Rapita | H89: 45590 | I89: 45645 | J89: Ila Nofri | K89: SELESAI (LENGKAP) | O89: DISERAHKAN | P89: 45589 | Q89: 45594 | R89: SELESAI | S89: 45594.369 | U89: BT atau SU Belum Alih Media | V89: BELUM SPS
A90: 431 | B90: K/11/241024/1 | C90: 45589.417 | D90: A Roswantama/ Sulaiman cs | E90: M. 2231/ Durian Payung | F90: BN Waris | G90: Hananda | H90: 45590 | I90: 45637 | J90: Ila Nofri | K90: SELESAI (LENGKAP) | O90: PROSES | V90: BELUM SPS
A91: 433 | B91: L/14/241024/1 | C91: 45589.423 | D91: PRATIKNO | E91: M.16877/SUKARAME I | F91: ROYA | G91: Nuraini | H91: 45592 | I91: 45595 | J91: Maharani | K91: SELESAI (LENGKAP) | O91: DISERAHKAN | P91: 45589 | Q91: 45594 | R91: SELESAI | V91: BELUM SPS
A92: 434 | B92: L/15/241024/1 | C92: 45589.435 | D92: MARGARETA YULIANTI | E92: HM 5933/WAY KANDIS | F92: PTPGT | G92: Deby | H92: 45590 | I92: 45593 | J92: Kholfa | K92: SELESAI (LENGKAP) | V92: BELUM SPS
A93: 438 | B93: L/18/241024/1 | C93: 45589.46 | D93: MUHAMAD WAHYU HARSENO | E93: M.1248/SUKARAME BARU | F93: SITA | G93: Nuraini | H93: 45601 | I93: 45601 | J93: Ginta Monita | K93: SELESAI (LENGKAP) | V93: BELUM SPS
A94: 439 | B94: L/19/241024/2 | C94: 45589.46 | D94: MUHAMAD WAHYU HARSENO | E94: M.1249/SUKARAME BARU | F94: SITA | G94: Nuraini | H94: 45590 | I94: 45609 | J94: Ila Nofri | K94: SELESAI (LENGKAP) | V94: BELUM SPS
A95: 441 | B95: L/22/241024/1 | C95: 45589.475 | D95: SYAIFUL ANTONI | E95: HM 1366/KALIAWI | F95: ROYA | G95: Deby | H95: 45590 | I95: 45590 | J95: Fikka | K95: SELESAI (LENGKAP) | O95: DISERAHKAN | P95: 45589 | Q95: 45594 | R95: SELESAI | V95: BELUM SPS
A96: 443 | B96: K/24/241024/1 | C96: 45589.48 | D96: AGUS LATEST/ENDANG APRILIA | E96: NIBEL B.2466/SUKABUMI | F96: PENINGKATAN | G96: Baynur | H96: 45592 | I96: 45592 | J96: Maharani | K96: PERBAIKAN | V96: BELUM SPS
A97: 446 | B97: L/27/241024/1 | C97: 45589.489 | D97: SURIYONO LOEKITO | E97: HM 1540/SUKARAME BARU | F97: SKPT INFORMASI | G97: Deby | H97: 45590 | I97: 45590 | J97: Fikka | K97: SELESAI (LENGKAP) | V97: BELUM SPS
A98: 449 | B98: L/31/241024/1 | C98: 45589.494 | D98: DADAG WIJANARKO | E98: B.311/PEMATANG WANGI;B.546/TJ SENANG-DAHULU | F98: PERUBAHAN HAK | G98: Nuraini | H98: 45590 | I98: 45594 | J98: Kholfa | K98: SELESAI (LENGKAP) | O98: DISERAHKAN | P98: 45589 | Q98: 45594 | R98: SELESAI | S98: 45595.383 | U98: BT atau SU Belum Alih Media | V98: BELUM SPS
A99: 451 | B99: K/32/241024/1 | C99: 45589.548 | D99: hariyo widodo/ sarno | E99: M. 1120/ Sukajawa | F99: roya | G99: Hananda | H99: 45594 | I99: 45596 | J99: Ginta Monita | K99: SELESAI (LENGKAP) | O99: DISERAHKAN | P99: 45589 | Q99: 45594 | R99: SELESAI | V99: BELUM SPS
A100: 455 | B100: K/36/241024/1 | C100: 45589.582 | D100: Yuni Astuti/ Istikariana CS | E100: Tanah mentah | F100: Pengukuran Pertama Kali | G100: Hananda | H100: 45590 | I100: 45642 | J100: Fikka | K100: PERBAIKAN | V100: BELUM SPS
...

Sheet Sheet1

Sheet Verifikator
A1: Nomor Tiket | B1: Tanggal Pemohonan Masuk | C1: Combine | D1: Nama Pemohon | E1: Nomor Telpon | F1: Jenis Permohonan | G1: Nomor Hak | H1: Kelurahan | I1: Nama Petugas Loket | J1: Nama Verifikator | K1: Tanggal Terima Berkas (Verifikator) | L1: Catatan 1 | M1: Catatan 2 | N1: Catatan 3 | O1: Catatan 4 | P1: Catatan 5 | Q1: Catatan 6 | R1: Catatan 7 | S1: Catatan 8 | T1: Catatan 9 | U1: Catatan 10 | V1: Status Berkas | W1: Tanggal Selesai Verifikasi | X1: cek hapus
A2: L/17/141024/1 | B2: 45579.478 | C2: L/17/141024/1_45579.4777229977 | D2: SARIFUDDIN HUTAGALUNG | E2: 81369303456 | F2: ROYA | G2: HM 2144/WAY KANDIS | H2: WAY KANDIS | I2: Deby | J2: Fikka | K2: 45579.712 | L2: PLOTING + VALBID | M2: BEDA NAMA PEMILIK ANTARA SERTIPIKAT DAN KTP | V2: SELESAI (LENGKAP) | W2: 45615.673 | X2: =_xlfn.IFNA(VLOOKUP(A2,Dashboard!$B$2:$V$1276,21,0),"HAPUS") -> HAPUS
A3: K/41/141024/1 | B3: 45579.616 | C3: K/41/141024/1_45579.6163003704 | D3: RAHMADIYANTI | E3: 82182090051 | F3: ROYA | G3: M. 2283/ GEDONG AIR | H3: GEDONG AIR | I3: Hananda | J3: Ila Nofri | K3: 45579.712 | L3: Validator (Tanggal lahir berbeda pada sertipikat dan kkp) (15-10-2024) | V3: SELESAI (LENGKAP) | W3: 45580.626 | X3: =_xlfn.IFNA(VLOOKUP(A3,Dashboard!$B$2:$V$1276,21,0),"HAPUS") -> HAPUS
A4: K/9/141024/1 | B4: 45579.424 | C4: K/9/141024/1_45579.4239733565 | D4: LEOSA AUGDETA/LINGGA AYU B | E4: 82175944544 | F4: ROYA | G4: M.11980/JAGABAYA II | H4: JAGABAYA II | I4: Baynur | J4: Ila Nofri | K4: 45579.712 | L4: Validasi bidang /TT (15-10-2024) | M4: Legalisir KTP kreditur | V4: PERBAIKAN | W4: 45580.583 | X4: =_xlfn.IFNA(VLOOKUP(A4,Dashboard!$B$2:$V$1276,21,0),"HAPUS") -> HAPUS
A5: K/30/141024/1 | B5: 45579.58 | C5: K/30/141024/1_45579.5802127199 | D5: SUHARTONO/KRISTINA SIAHAAN | E5: 85359481748 | F5: ROYA | G5: M.2617/WAY KANDIS | H5: WAY KANDIS | I5: Baynur | J5: Ila Nofri | L5: ACC TGL 22-10-2024 | V5: SELESAI (LENGKAP) | W5: 45583.598 | X5: =_xlfn.IFNA(VLOOKUP(A5,Dashboard!$B$2:$V$1276,21,0),"HAPUS") -> HAPUS
A6: L/8/141024/1 | B6: 45579.416 | C6: L/8/141024/1_45579.4161745139 | D6: JUNAIDI | E6: 82377111476 | F6: HAPUS BPHTB | G6: M.1134/GULAK GALIK | H6: GULAK GALIK | I6: Nuraini | J6: Ila Nofri | K6: 45579.712 | L6: ACC TGL15-10-2024 | V6: SELESAI (LENGKAP) | W6: 45580.617 | X6: =_xlfn.IFNA(VLOOKUP(A6,Dashboard!$B$2:$V$1276,21,0),"HAPUS") -> HAPUS
A7: K/36/141024/1 | B7: 45579.598 | C7: K/36/141024/1_45579.5983292708 | D7: YUDA SAPUTRA/I MADE RETUG | E7: 0853-8479-7293 | F7: PERALIHAN JUAL BELI | G7: M.250/LANGKAPURA BARU | H7: LANGKAPURA BARU | I7: Baynur | J7: Ila Nofri | K7: 45579.713 | L7: Lampirkan fotokopi KTP penerima kuasa (15-10-2024) | M7: Tanda tangan pembeli berbeda pada KTP, akta, surat kuasa, surat pernyataan | N7: PERBAIKAN | V7: SELESAI (LENGKAP) | W7: 45621.399 | X7: =_xlfn.IFNA(VLOOKUP(A7,Dashboard!$B$2:$V$1276,21,0),"HAPUS") -> HAPUS
A8: K/22/141024/1 | B8: 45579.497 | C8: K/22/141024/1_45579.4967951736 | D8: MURSALIN | E8: 85383885939 | F8: PERALIHAN JUAL BELI | G8: M. 6977/ TANJUNG SENANG | H8: TANJUNG SENANG | I8: Hananda | J8: Ila Nofri | K8: 45579.713 | L8: Lampirkan PJB No.3 tgl. 2-8-2024 (15-10-2024) | M8: Kalimat penutup akta agar dilengkapi | N8: Lampirkan bukti Bayar BPHTB yang terbaca | O8: Nama pembeli pada SP BPHTB M. Ismunadi | P8: Nama pembeli pada SP keterlambatan pendaftaran yusuf hasyim | Q8: acc | V8: SELESAI (LENGKAP) | W8: 45589.42 | X8: =_xlfn.IFNA(VLOOKUP(A8,Dashboard!$B$2:$V$1276,21,0),"HAPUS") -> HAPUS
A9: L/21/141024/1 | B9: 45579.493 | C9: L/21/141024/1_45579.4926688773 | D9: DWI ASTANTO | E9: 81369408334 | F9: ROYA | G9: HM 1812/TANJUNG SENANG | H9: TANJUNG SENANG | I9: Deby | J9: Ginta Monita | K9: 45580.372 | V9: SELESAI (LENGKAP) | W9: 45580.433 | X9: =_xlfn.IFNA(VLOOKUP(A9,Dashboard!$B$2:$V$1276,21,0),"HAPUS") -> HAPUS
A10: L/2/141024/1 | C10: L/2/141024/1_ | J10: Ginta Monita | K10: 45580.373 | V10: SELESAI (LENGKAP) | W10: 45580.426 | X10: =_xlfn.IFNA(VLOOKUP(A10,Dashboard!$B$2:$V$1276,21,0),"HAPUS") -> HAPUS
A11: L/35/141024/1 | B11: 45579.596 | C11: L/35/141024/1_45579.5956670602 | D11: DEBY JULISDA | E11: 88276777557 | F11: ROYA LELANG | G11: M.676/SAWAH BREBES | H11: SAWAH BREBES | I11: Nuraini | J11: Ginta Monita | K11: 45580.374 | V11: SELESAI (LENGKAP) | W11: 45580.437 | X11: =_xlfn.IFNA(VLOOKUP(A11,Dashboard!$B$2:$V$1276,21,0),"HAPUS") -> HAPUS
A12: K/37/141024/1 | B12: 45579.601 | C12: K/37/141024/1_45579.600917419 | D12: PT KEONG NUSANTARA ABADI/KHRESNA DJUAINI | E12: 81369381711 | F12: PERALIHAN JUAL BELI | G12: - | H12: TELUK BETUNG | I12: Baynur | J12: Ginta Monita | K12: 45580.374 | L12: ktp susy marduli | M12: PKKPR | V12: SELESAI (LENGKAP) | W12: 45590.486 | X12: =_xlfn.IFNA(VLOOKUP(A12,Dashboard!$B$2:$V$1276,21,0),"HAPUS") -> HAPUS
A13: K/15/141024/4 | B13: 45579.451 | C13: K/15/141024/4_45579.4505724884 | D13: PANGGARA PAGARISI/PANARY SITOPU | E13: 81361444098 | F13: PENINGKATAN HAK | G13: - | H13: NEGERI OLOK GADING | I13: Baynur | J13: Ginta Monita | K13: 45580.374 | L13: Alamat di PBB dan IMB berbeda | M13: IMB nya ruko? | V13: SELESAI (LENGKAP) | W13: 45580.401 | X13: =_xlfn.IFNA(VLOOKUP(A13,Dashboard!$B$2:$V$1276,21,0),"HAPUS") -> HAPUS
A14: K/27/141024/4 | B14: 45579.57 | C14: K/27/141024/4_45579.5701433218 | D14: MURSALIN | E14: 85383885939 | F14: PERALIHAN JUAL BELI | G14: M. 13414/ SUKABUMI | H14: SUKABUMI | I14: Hananda | J14: Ginta Monita | K14: 45580.374 | L14: Renvoi pekerjaan Henny Dewi (belum direnvoi) | V14: SELESAI (LENGKAP) | W14: 45595.359 | X14: =_xlfn.IFNA(VLOOKUP(A14,Dashboard!$B$2:$V$1276,21,0),"HAPUS") -> HAPUS
A15: K/25/141024/3 | B15: 45579.56 | C15: K/25/141024/3_45579.5598141551 | D15: MURSALIN | E15: 85383885939 | F15: PERALIHAN JUAL BELI | G15: M. 133/ SUKARAME BARU- SEKARANG; B. 144/ SUKARAME BARU-DAHULU; B. 4605/SUKARAME I-DAHULU | H15: SUKARAME BARU | I15: Hananda | J15: Ginta Monita | K15: 45580.375 | L15: Renvoi NIB di AJB (15-10-2024) | V15: SELESAI (LENGKAP) | W15: 45593.436 | X15: =_xlfn.IFNA(VLOOKUP(A15,Dashboard!$B$2:$V$1276,21,0),"HAPUS") -> HAPUS
A16: L/33/141024/1 | B16: 45579.592 | C16: L/33/141024/1_45579.5919665972 | D16: MOCHAMAD MA'RUF | E16: 81369994969 | F16: ROYA | G16: M.1540/GUNUNG TERANG;B.17/GU TERANG-DAHULU | H16: GUNUNG TERANG | I16: Nuraini | J16: Fikka | K16: 45580.375 | L16: VALBID | M16: KENAPA SHT PERINGKAT I TIDAK DI ROYA ? | V16: SELESAI (LENGKAP) | W16: 45580.411 | X16: =_xlfn.IFNA(VLOOKUP(A16,Dashboard!$B$2:$V$1276,21,0),"HAPUS") -> HAPUS
A17: K/14/141024/3 | B17: 45579.449 | C17: K/14/141024/3_45579.4491384607 | D17: APRILIA/PANARY SITOPU | E17: 81361444098 | F17: ROYA | G17: M.988/NEGERI OLOK GADING-SEKARANG;B.1050/NEGERI OLOK GADING-DAHULU | H17: NEGERI OLOK GADING | I17: Baynur | J17: Fikka | K17: 45580.376 | V17: SELESAI (LENGKAP) | W17: 45580.419 | X17: =_xlfn.IFNA(VLOOKUP(A17,Dashboard!$B$2:$V$1276,21,0),"HAPUS") -> HAPUS
A18: L/18/141024/1 | B18: 45579.484 | C18: L/18/141024/1_45579.4840388426 | D18: SUNILA HAKI | E18: 82279144608 | F18: BLOKIR | G18: M.331/NUSANTARA PERMAI;B.389/CAMPANG RAYA-DAHULU | H18: NUSANTARA PERMAI | I18: Nuraini | J18: Fikka | K18: 45580.376 | V18: SELESAI (LENGKAP) | W18: 45580.57 | X18: =_xlfn.IFNA(VLOOKUP(A18,Dashboard!$B$2:$V$1276,21,0),"HAPUS") -> BELUM SPS
A19: K/7/141024/1 | C19: K/7/141024/1_ | J19: Fikka | K19: 45580.376 | V19: SELESAI (LENGKAP) | W19: 45580.571 | X19: =_xlfn.IFNA(VLOOKUP(A19,Dashboard!$B$2:$V$1276,21,0),"HAPUS") -> HAPUS
A20: K/26/141024/1 | B20: 45579.566 | C20: K/26/141024/1_45579.5656653125 | D20: KHARISMA MANISHA CECILIYA/ILANUR | E20: 81295653816 | F20: PERALIHAN JUAL BELI | G20: M.2094/CAMPANG JAYA | H20: CAMPANG JAYA | I20: Baynur | J20: Fikka | K20: 45580.376 | L20: PERBAIKI KELURAHAN PADA KUITANSI | V20: SELESAI (LENGKAP) | W20: 45580.449 | X20: =_xlfn.IFNA(VLOOKUP(A20,Dashboard!$B$2:$V$1276,21,0),"HAPUS") -> HAPUS
A21: K/19/141024/1 | B21: 45579.484 | C21: K/19/141024/1_45579.4839514005 | D21: ROSIDA LINGSA KENCANA/RAHMADIYANTI | E21: 82182090051 | F21: PERALIHAN JUAL BELI | G21: M.16678/SUKABUMI | H21: SUKABUMI | I21: Baynur | J21: Fikka | K21: 45580.376 | V21: SELESAI (LENGKAP) | W21: 45580.435 | X21: =_xlfn.IFNA(VLOOKUP(A21,Dashboard!$B$2:$V$1276,21,0),"HAPUS") -> HAPUS
A22: K/16/141024/1 | B22: 45579.464 | C22: K/16/141024/1_45579.4638286343 | D22: TITIK WIJAYANTI/SENDI DINI HARIYATI | E22: 89618401409 | F22: SKPT | G22: M.9137/GEDONG MENENG | H22: GEDONG MENENG | I22: Baynur | J22: Kholfa | K22: 45580.377 | L22: Beda nama pemilik SHAT pada Surat Permohonan KPKNL dengan Fc SHAT terlampir | M22: Kurang input data pemilik SHAT di KKP | V22: SELESAI (LENGKAP) | W22: 45580.406 | X22: =_xlfn.IFNA(VLOOKUP(A22,Dashboard!$B$2:$V$1276,21,0),"HAPUS") -> HAPUS
A23: L/5/141024/1 | B23: 45579.403 | C23: L/5/141024/1_45579.403285787 | D23: SITI NAZROH | E23: 8117208600 | F23: ROYA | G23: M.9974/TANJUNG BARU | H23: TANJUNG BARU | I23: Nuraini | J23: Kholfa | K23: 45580.377 | L23: Beda tgl lahir pemilik pada SHAT dengan Fc KTP terlampir | V23: SELESAI (LENGKAP) | W23: 45580.43 | X23: =_xlfn.IFNA(VLOOKUP(A23,Dashboard!$B$2:$V$1276,21,0),"HAPUS") -> HAPUS
A24: K/12/141024/1 | B24: 45579.446 | C24: K/12/141024/1_45579.4464756366 | D24: META ARIDHOTU PRANATA /PANARY SITOPU | E24: 81361444098 | F24: ROYA | G24: M.3326/LANGKAPURA | H24: LANGKAPURA | I24: Baynur | J24: Kholfa | K24: 45580.377 | V24: SELESAI (LENGKAP) | W24: 45580.43 | X24: =_xlfn.IFNA(VLOOKUP(A24,Dashboard!$B$2:$V$1276,21,0),"HAPUS") -> HAPUS
A25: K/38/141024/1 | B25: 45579.601 | C25: K/38/141024/1_45579.6011142245 | D25: ISMARINA | E25: 81377641549 | F25: PERALIHAN HAK JUAL BELI | G25: M. 3157/ LABUHAN DALAM | H25: LABUHAN DALAM | I25: Hananda | J25: Kholfa | K25: 45580.377 | L25: Surat Pernyataan Kuasa Jual masih berlaku dari pemberi kuasa | V25: SELESAI (LENGKAP) | W25: 45580.435 | X25: =_xlfn.IFNA(VLOOKUP(A25,Dashboard!$B$2:$V$1276,21,0),"HAPUS") -> HAPUS
A26: K/28/141024/1 | B26: 45579.573 | C26: K/28/141024/1_45579.5727725694 | D26: ADE HERDIANYAH/WHINDA YULIANTI | E26: 81255572168 | F26: PERALIHAN JUAL BELI | G26: B.895/BERINGIN JAYA | H26: BERINGIN JAYA | I26: Baynur | J26: Kholfa | K26: 45580.377 | V26: SELESAI (LENGKAP) | W26: 45580.448 | X26: =_xlfn.IFNA(VLOOKUP(A26,Dashboard!$B$2:$V$1276,21,0),"HAPUS") -> BELUM SPS
A27: K/3/141024/1 | C27: K/3/141024/1_ | J27: Kholfa | K27: 45580.377 | V27: SELESAI (LENGKAP) | W27: 45580.456 | X27: =_xlfn.IFNA(VLOOKUP(A27,Dashboard!$B$2:$V$1276,21,0),"HAPUS") -> HAPUS
A28: K/29/141024/1 | B28: 45579.578 | C28: K/29/141024/1_45579.5779375116 | D28: GUNAWAN | E28: 85273192152 | F28: PTPGT PEMECAHAN | G28: M. 2445/ SUKADANA HAM | H28: SUKADANA HAM | I28: Hananda | J28: Maharani | K28: 45580.381 | L28: Beda nama antara KTP (Caecilia Sri Uji Hardiyanti) dan Sertipikat (Sri Uji Hardiyanti) terlalu jauh. Berkas sudah pernah masuk di loket 1 tgl 16/07/2024, lengkapi perbaikan sesuai catatan | V28: SELESAI (LENGKAP) | W28: 45594.362 | X28: =_xlfn.IFNA(VLOOKUP(A28,Dashboard!$B$2:$V$1276,21,0),"HAPUS") -> HAPUS
A29: K/31/141024/1 | B29: 45579.585 | C29: K/31/141024/1_45579.584890625 | D29: APRILLIYANI | E29: 81367846284 | F29: PERUBAHAN HAK | G29: NIBEL 1691/ SUKABUMI INDAH | H29: SUKABUMI INDAH | I29: Hananda | J29: Maharani | K29: 45580.382 | L29: Data tidak di temukan di KKP dan TT | V29: SELESAI (LENGKAP) | W29: 45580.46 | X29: =_xlfn.IFNA(VLOOKUP(A29,Dashboard!$B$2:$V$1276,21,0),"HAPUS") -> HAPUS
A30: L/11/141024/1 | B30: 45579.435 | C30: L/11/141024/1_45579.4347999884 | D30: HENNY INDRIYANI | E30: 81369690601 | F30: ROYA | G30: HM 1505 LABUHAN DALAM & HM 1506 LABUHAN DALAM | H30: LABUHAN DALAM | I30: Deby | J30: Maharani | K30: 45580.383 | V30: SELESAI (LENGKAP) | W30: 45580.489 | X30: =_xlfn.IFNA(VLOOKUP(A30,Dashboard!$B$2:$V$1276,21,0),"HAPUS") -> HAPUS
A31: L/24/141024/1 | B31: 45579.5 | C31: L/24/141024/1_45579.5003502199 | D31: DEWI YULIANA | E31: 82269444244 | F31: ROYA | G31: M.2064/GUNUNG TERANG | H31: GUNUNG TERANG | I31: Nuraini | J31: Maharani | K31: 45580.383 | V31: SELESAI (LENGKAP) | W31: 45580.46 | X31: =_xlfn.IFNA(VLOOKUP(A31,Dashboard!$B$2:$V$1276,21,0),"HAPUS") -> HAPUS
A32: K/40/141024/5 | B32: 45579.608 | C32: K/40/141024/5_45579.6084455787 | D32: MURSALIN | E32: 85383885939 | F32: PERALIHAN JUAL BELI | G32: NIBEL 2507/ SUMUR BATU | H32: SUMUR BATU | I32: Hananda | J32: Maharani | K32: 45580.384 | L32: Pada Surat Permohonan, Surat Kuasa, Surat Pernyataan Absentee, dan Surat Pernyataan BPHTB perbaiki alamat I Made Sukantra | M32: Beda Nama Aya Sophia dan Aya Sofia serta Beda Nama Eddy Mahdi dan Eddi Mahdi | N32: Kenapa di AJB anak Aya Sophia yang bernama Derra Rizka tidak memberi persetujuan ? | O32: AJB hlm 2 perbaiki nomor Akta Kematian, AJB hlm. 3 perbaiki tgl lahir I Made Sukantra dan Nomor NIBEL | P32: Di AJB saksi bernama Cori Anggraini tetapi yang ttd saksinya bernama Selvi Meilinda ? | Q32: Perbaikan ke dua : Poin 2 belum dipenuhi dan AJB setiap hlm kurang paraf | V32: SELESAI (LENGKAP) | W32: 45607.417 | X32: =_xlfn.IFNA(VLOOKUP(A32,Dashboard!$B$2:$V$1276,21,0),"HAPUS") -> HAPUS
A33: K/4/141024/2 | C33: K/4/141024/2_ | J33: Maharani | K33: 45580.384 | V33: SELESAI (LENGKAP) | W33: 45580.586 | X33: =_xlfn.IFNA(VLOOKUP(A33,Dashboard!$B$2:$V$1276,21,0),"HAPUS") -> HAPUS
A34: K/13/141024/2 | B34: 45579.448 | C34: K/13/141024/2_45579.4480105324 | D34: APRILIA/PANARY SITOPU | E34: 81361444098 | F34: ROYA | G34: M.1088/NEGERI OLOK GADING-SEKARANG;B.1201/NEGERI OLOK GADING-DAHULU | H34: NEGERI OLOK GADING | I34: Baynur | J34: Maharani | K34: 45580.466 | V34: SELESAI (LENGKAP) | W34: 45580.469 | X34: =_xlfn.IFNA(VLOOKUP(A34,Dashboard!$B$2:$V$1276,21,0),"HAPUS") -> BELUM SPS
A35: L/35/151024/1 | B35: 45580.585 | C35: L/35/151024/1_45580.5852084491 | D35: FIRMANSYAH/CS | E35: 82278291330 | F35: BN PUTUSAN PENGADILAN (AHLI WARIS) | G35: HM 479/HARAPAN JAYA (DAHULU)-HM 49/KORPRI JAYA (SEKARANG) | H35: KORPRI JAYA | I35: Deby | J35: Kholfa | K35: 45580.666 | L35: NIB 50 BLM VALBID | M35: S.Pernyataan BPHTB blm ditandatangani seluruh ahli waris | N35: Ada catatan Perkara di KKP(terlampir surat keterangan dari PN Tanjungkarang terkait Perkara No.67/Pdt.G/2023/PN.Tjk | O35: Lampirkan Bukti Bayar PBB 2024 | V35: PERBAIKAN | W35: 45581.67 | X35: =_xlfn.IFNA(VLOOKUP(A35,Dashboard!$B$2:$V$1276,21,0),"HAPUS") -> BELUM SPS
A36: K/47/151024/1 | B36: 45580.6 | C36: K/47/151024/1_45580.6001020602 | D36: NEDI HERYANDI/ YULIA IKA W | E36: 811721165 | F36: BN JUAL BELI | G36: B. 176/ LABUHAN RATU RAYA | H36: LABUHAN RATU RAYA | I36: Hananda | J36: Kholfa | K36: 45580.666 | L36: Perbaikan AJB= Alamat Direktur Utama PT, beda dengan Fc KTP terlampir | V36: SELESAI (LENGKAP) | W36: 45588.391 | X36: =_xlfn.IFNA(VLOOKUP(A36,Dashboard!$B$2:$V$1276,21,0),"HAPUS") -> HAPUS
A37: K/23/151024/3 | B37: 45580.48 | C37: K/23/151024/3_45580.4800118287 | D37: RAHMADIYANTI/ SELVI HELINA | E37: +62 821-8209-0051 | F37: BN JUAL BELI | G37: M. 509/ LABUHAN RATU RAYA | H37: LABUHAN RATU RAYA | I37: Hananda | J37: Kholfa | K37: 45580.667 | V37: SELESAI (LENGKAP) | W37: 45581.67 | X37: =_xlfn.IFNA(VLOOKUP(A37,Dashboard!$B$2:$V$1276,21,0),"HAPUS") -> HAPUS
A38: K/11/151024/1 | B38: 45580.424 | C38: K/11/151024/1_45580.4240903357 | D38: Maryanti Kurniawan/ Suprapti R | E38: +62 811-7212-168 | F38: BN Jual Beli | G38: Nibel. M. 1869/ Sepang Jaya | H38: Sepang Jaya | I38: Rapita | J38: Kholfa | K38: 45580.667 | V38: SELESAI (LENGKAP) | W38: 45581.487 | X38: =_xlfn.IFNA(VLOOKUP(A38,Dashboard!$B$2:$V$1276,21,0),"HAPUS") -> HAPUS
A39: K/34/151024/2 | B39: 45580.579 | C39: K/34/151024/2_45580.5789332523 | D39: Ayi Ruhiat/ Eri Yulianti | E39: 81272519799 | F39: BN Hibah | G39: M. 1311/ Beringin Jaya; dahulu B. 2093/ Beringin Raya | H39: Beringin Jaya | I39: Rapita | J39: Kholfa | K39: 45580.667 | L39: Surat Keterlambatan Pendaftaran | V39: SELESAI (LENGKAP) | W39: 45581.436 | X39: =_xlfn.IFNA(VLOOKUP(A39,Dashboard!$B$2:$V$1276,21,0),"HAPUS") -> HAPUS
A40: K/4/151024/1 | B40: 45580.398 | C40: K/4/151024/1_45580.3981238426 | D40: Renaldi Pratama S/ Rahmat Mirzani D | E40: +62 823-7375-9878 | F40: Roya | G40: M. 10315/ Rajabasa | H40: Rajabasa | I40: Rapita | J40: Kholfa | K40: 45580.667 | L40: Beda nama pemilik SHAT dengan Fc KTP terlampir | V40: SELESAI (LENGKAP) | W40: 45589.664 | X40: =_xlfn.IFNA(VLOOKUP(A40,Dashboard!$B$2:$V$1276,21,0),"HAPUS") -> HAPUS
A41: L/10/151024/1 | B41: 45580.422 | C41: L/10/151024/1_45580.4220031944 | D41: AHMAD SUKRI | E41: 85366776727 | F41: PERUBAHAN HAK | G41: B.561/NUSANTARA PERMAI;B.329/CAMPANG RAYA-DAHULU | H41: NUSANTARA PERMAI | I41: Nuraini | J41: Kholfa | K41: 45580.668 | V41: SELESAI (LENGKAP) | W41: 45581.394 | X41: =_xlfn.IFNA(VLOOKUP(A41,Dashboard!$B$2:$V$1276,21,0),"HAPUS") -> BELUM SPS
A42: K/39/151024/1 | B42: 45580.588 | C42: K/39/151024/1_45580.587693206 | D42: SUMIRAT/RINI ANHARI | E42: 85368337655 | F42: PERALIHAN JUAL BELI | G42: M.13978/TANJUNG BARU | H42: TANJUNG BARU | I42: Baynur | J42: Kholfa | K42: 45580.668 | L42: Perbaiki AJB = Tgl lahir istri penjual salah | M42: Perbaiki AJB= No.Surat Ukur salah | N42: Perbaiki AJB= No.NOP blm ada | V42: SELESAI (LENGKAP) | W42: 45608.647 | X42: =_xlfn.IFNA(VLOOKUP(A42,Dashboard!$B$2:$V$1276,21,0),"HAPUS") -> HAPUS
A43: K/44/151024/1 | B43: 45580.595 | C43: K/44/151024/1_45580.5947333565 | D43: TITIK WIJAYANTI/SENDI DINI H | E43: 89618401409 | F43: SKPT | G43: M.1375/PERUMNAS WAY HALIM-SEKARANG;B.2097/KEDATON-DAHULU | H43: PERUMNAS WAY HALIM | I43: Baynur | J43: Kholfa | K43: 45580.668 | L43: NIB 930 Blm Validasi Bidang | V43: PERBAIKAN | W43: 45581.39 | X43: =_xlfn.IFNA(VLOOKUP(A43,Dashboard!$B$2:$V$1276,21,0),"HAPUS") -> HAPUS
A44: K/5/151024/2 | B44: 45580.401 | C44: K/5/151024/2_45580.4010908102 | D44: Renaldi Pratama S/ Nurul S | E44: +62 823-7375-9878 | F44: Roya | G44: M. 1952/ Langkapura | H44: Langkapura | I44: Rapita | J44: Fikka | K44: 45580.671 | L44: NOMOR SHT DAN APHT PADA KKP BEDA DGN SERTIPIKAT | M44: KTP PENERIMA KUASA | V44: SELESAI (LENGKAP) | W44: 45582.415 | X44: =_xlfn.IFNA(VLOOKUP(A44,Dashboard!$B$2:$V$1276,21,0),"HAPUS") -> HAPUS
A45: K/40/151024/1 | B45: 45580.59 | C45: K/40/151024/1_45580.5901632986 | D45: Fahrul Rozi/ Lela Monika | E45: +62 821-7585-0002 | F45: BN Jual Beli | G45: M. 2800/ Sumber Rejo | H45: Sumber Rejo | I45: Rapita | J45: Fikka | K45: 45580.671 | L45: RENVOI NOMOR SU PADA AJB | M45: BUKTI BAYAR PBB 2024 | N45: PERBAIKI TGL LAHIR PADA SP ABSENTE | O45: KUITANSI JUAL BELI | V45: SELESAI (LENGKAP) | W45: 45588.644 | X45: =_xlfn.IFNA(VLOOKUP(A45,Dashboard!$B$2:$V$1276,21,0),"HAPUS") -> HAPUS
A46: K/17/151024/1 | B46: 45580.47 | C46: K/17/151024/1_45580.4698100232 | D46: BAMBANG ABIYONO / EDY | E46: 82269212060 | F46: BN JUAL BELI | G46: M. 13602/ SEGALA MIDER | H46: SEGALA MIDER | I46: Hananda | J46: Fikka | K46: 45580.672 | V46: SELESAI (LENGKAP) | W46: 45581.67 | X46: =_xlfn.IFNA(VLOOKUP(A46,Dashboard!$B$2:$V$1276,21,0),"HAPUS") -> HAPUS
A47: L/50/151024/1 | B47: 45580.61 | C47: L/50/151024/1_45580.6103155903 | D47: ALDY DIAN SATRIA | E47: 89510529644 | F47: BN JUAL-BELI | G47: HM 1763/RAJABASA NUNYAI | H47: RAJABASA NUNYAI | I47: Deby | J47: Fikka | K47: 45580.672 | L47: BEDA TAHUN LAHIR ANTARA SERTIPIKAT DAN KTP | V47: SELESAI (LENGKAP) | W47: 45581.67 | X47: =_xlfn.IFNA(VLOOKUP(A47,Dashboard!$B$2:$V$1276,21,0),"HAPUS") -> HAPUS
A48: K/13/151024/3 | B48: 45580.427 | C48: K/13/151024/3_45580.4272115741 | D48: Maryanti K/ Asri | E48: +62 811-7212-168 | F48: BN Jual Beli | G48: M. 41/ Kota Sepang | H48: Kota Sepang | I48: Rapita | J48: Fikka | K48: 45580.672 | V48: SELESAI (LENGKAP) | W48: 45581.67 | X48: =_xlfn.IFNA(VLOOKUP(A48,Dashboard!$B$2:$V$1276,21,0),"HAPUS") -> HAPUS
A49: L/26/151024/1 | B49: 45580.474 | C49: L/26/151024/1_45580.4741132523 | D49: MUHAMMAD ROCYCH | E49: 81379031346 | F49: ROYA | G49: HM 401/KALI BALAU KENCANA | H49: KALI BALAU KENCANA | I49: Deby | J49: Fikka | K49: 45580.672 | L49: BEDA NAMA DAN TANGGAL LAHIR PEMILIK ANTARA KTP DAN SERTIPIKAT | V49: PERBAIKAN | W49: 45581.487 | X49: =_xlfn.IFNA(VLOOKUP(A49,Dashboard!$B$2:$V$1276,21,0),"HAPUS") -> BELUM SPS
A50: K/32/151024/1 | B50: 45580.576 | C50: K/32/151024/1_45580.575810787 | D50: Junaidi saptopo/ Yohanes Herman | E50: +62 821-3710-5199 | F50: Cabut Blokir | G50: M. 11169/ Tanjung Baru | H50: Tanjung Baru | I50: Rapita | J50: Fikka | K50: 45580.672 | V50: SELESAI (LENGKAP) | W50: 45581.67 | X50: =_xlfn.IFNA(VLOOKUP(A50,Dashboard!$B$2:$V$1276,21,0),"HAPUS") -> HAPUS
A51: L/8/151024/1 | C51: L/8/151024/1_ | J51: Fikka | K51: 45580.677 | L51: TUMPANG TINDIH | V51: SELESAI (LENGKAP) | W51: 45581.505 | X51: =_xlfn.IFNA(VLOOKUP(A51,Dashboard!$B$2:$V$1276,21,0),"HAPUS") -> HAPUS
A52: K/45/151024/1 | B52: 45580.366 | C52: K/45/151024/1_45580.3664710069 | D52: ABDUL GANI/ DODI SUWANTO CS | E52: +62 895-6401-98434 | F52: PERALIHAN HAK KEWARISAN | G52: M. 2732/ KOTA BARU | H52: kOTA BARU | I52: Rapita | J52: Maharani | K52: 45580.696 | L52: Plotting : Cek plot bentuk bidang | M52: Surat Waris dilegalisir | N52: Tgl lahir Homsah di KTP dan Surat Ket. Kematian berbeda | O52: Beda nama Slamet Riyadi dan Selamat Riyadi (di KK Dodi Suswanto) | P52: Perbaikan ke 2 : Masih ada kesalahan pengetikan nama Slamet Riyadi | V52: SELESAI (LENGKAP) | W52: 45600.417 | X52: =_xlfn.IFNA(VLOOKUP(A52,Dashboard!$B$2:$V$1276,21,0),"HAPUS") -> HAPUS
A53: K/41/151024/2 | B53: 45580.594 | C53: K/41/151024/2_45580.5936040741 | D53: Fahrul Rozi/Novarida | E53: +62 821-7585-0002 | F53: BN Jual Beli | G53: M. 11294/ Labuhan Ratu | H53: Labuhan Ratu | I53: Rapita | J53: Maharani | K53: 45580.697 | L53: Lampirkan Surat Pernyataan Keterlambatan Pendaftaran | M53: Lampirkan Surat Keterangan belum menikah an. Caprina Syukrie | N53: Kuasa Menjual hlm 4 belum dilampirkan | O53: AJB hlm 2 perbaiki tahun Surat Ukur | P53: Lampirkan Kwitansi | Q53: Perbaikan kedua : surat keterlambatan pendaftaran tidak berkaitan dengan berkas | V53: SELESAI (LENGKAP) | W53: 45617.656 | X53: =_xlfn.IFNA(VLOOKUP(A53,Dashboard!$B$2:$V$1276,21,0),"HAPUS") -> BELUM SPS
A54: K/16/151024/2 | B54: 45580.441 | C54: K/16/151024/2_45580.4405894676 | D54: M ARIEF S/ AKHMAD RIDHO | E54: 8139113355 | F54: BN JUAL BELI | G54: M. 2418/ KEDAUNG | H54: KEDAUNG | I54: Hananda | J54: Maharani | K54: 45580.697 | L54: Lampirkan Akta Cerai yang disebutkan di Kuasa Jual dan AJB | V54: SELESAI (LENGKAP) | W54: 45589.361 | X54: =_xlfn.IFNA(VLOOKUP(A54,Dashboard!$B$2:$V$1276,21,0),"HAPUS") -> HAPUS
A55: K/7/151024/1 | B55: 45580.408 | C55: K/7/151024/1_45580.4082624074 | D55: ALI LIUS / ANTHONY | E55: 82279404843 | F55: PERALIHAN JUAL BELI | G55: NIBEL 874/ BUMI KEDAMAIAN | H55: BUMI KEDAMAIAN | I55: Hananda | J55: Maharani | K55: 45580.697 | L55: Pada Surat Permohonan dan Surat Kuasa perbaiki NIBEL dan Kelurahan | M55: Pada Surat Pernyataan Absentee dan Surat Pernyataan BPHTB perbaiki NIBEL | N55: AJB hlm 2 perbaiki bulan lahir Anthony Tanjung | O55: AJB hlm 3 perbaiki nama kelurahan | V55: SELESAI (LENGKAP) | W55: 45581.67 | X55: =_xlfn.IFNA(VLOOKUP(A55,Dashboard!$B$2:$V$1276,21,0),"HAPUS") -> HAPUS
A56: K/12/151024/2 | B56: 45580.426 | C56: K/12/151024/2_45580.4257604861 | D56: Maryanti K/ Joko Setiawan | E56: +62 811-7212-168 | F56: BN Jual Beli | G56: M. 288/ Kaliawi | H56: Kaliawi | I56: Rapita | J56: Maharani | K56: 45580.697 | V56: SELESAI (LENGKAP) | W56: 45581.67 | X56: =_xlfn.IFNA(VLOOKUP(A56,Dashboard!$B$2:$V$1276,21,0),"HAPUS") -> BELUM SPS
A57: K/29/151024/2 | B57: 45580.484 | C57: K/29/151024/2_45580.4841620718 | D57: Eka Sari T/ Desi Arita | E57: 8953631114046 | F57: Perubahan Hak | G57: Nibel. B. 2015/ Pinang Jaya | H57: Pinang Jaya | I57: Rapita | J57: Maharani | K57: 45580.697 | L57: Perbaiki NIBEL pada Surat Kuasa | V57: SELESAI (LENGKAP) | W57: 45589.361 | X57: =_xlfn.IFNA(VLOOKUP(A57,Dashboard!$B$2:$V$1276,21,0),"HAPUS") -> HAPUS
A58: L/58/151024/1 | B58: 45580.641 | C58: L/58/151024/1_45580.6410198032 | D58: SAMSUL BAHRI | E58: 85366116470 | F58: PENGHAPUSAN BPHTB | G58: HM 730/SAWAH LAMA | H58: SAWAH LAMA | I58: Deby | J58: Maharani | K58: 45580.697 | V58: SELESAI (LENGKAP) | W58: 45582.553 | X58: =_xlfn.IFNA(VLOOKUP(A58,Dashboard!$B$2:$V$1276,21,0),"HAPUS") -> HAPUS
A59: K/59/151024/1 | B59: 45580.647 | C59: K/59/151024/1_45580.6472879977 | D59: IRMA SILVIA/ I MADE RETUG | E59: 85384797293 | F59: PERALIHAN JUAL BELI | G59: B.522/BERINGIN JAYA | H59: ERINGIN JAYA | I59: Baynur | J59: Maharani | K59: 45580.697 | L59: Lampirkan Surat Pernyataan Keterlambatan Pendaftaran | M59: Lampirkan FC KTP PPAT | N59: Lampirkan RUPS terbaru PT. Sinar Waluyo yang memuat susunan direksi (karena RUPS yang treakhir dilampirkan tahun 2008) | O59: SK pengangkatan Pimpinan Cabang tgl 24 Maret 2008 apakah masih berlaku? (sudah 16 tahun ) | P59: Dalam berkas PT yang dilampirkan tidak menyebutkan SHGB No berapa yang akan dijual belikan? Serta tidak ada kuasa jual dari direksi kepada pimpinan cabang untuk menjual? | Q59: Perbaikan ke 2 : 1. Perbaiki Surat Keterlambatan Pendaftaran 2. Lampirkan SP Induk | V59: PERBAIKAN | W59: 45582.582 | X59: =_xlfn.IFNA(VLOOKUP(A59,Dashboard!$B$2:$V$1276,21,0),"HAPUS") -> BELUM SPS
A60: L/20/151024/1 | B60: 45580.455 | C60: L/20/151024/1_45580.4550278009 | D60: BUDY RAHARJO | E60: 82372872024 | F60: GANTI NAMA | G60: NIB 0801000023950/SUKARAME | H60: SUKARAME | I60: Deby | J60: Maharani | K60: 45580.698 | V60: SELESAI (LENGKAP) | W60: 45582.544 | X60: =_xlfn.IFNA(VLOOKUP(A60,Dashboard!$B$2:$V$1276,21,0),"HAPUS") -> BELUM SPS
A61: K/46/151024/2 | B61: 45580.369 | C61: K/46/151024/2_45580.3685583565 | D61: ABDUL GANI/ SUHARI YANTI | E61: +62 895-6401-98434 | F61: PTPGT | G61: M. 534/ SUMBEREJO SEJAHTERA | H61: SUMBEREJO SEJAHTERA | I61: Rapita | J61: Ila Nofri | K61: 45580.706 | L61: PBB kurang bayar (16-10-2024) | M61: acc | V61: SELESAI (LENGKAP) | W61: 45589.419 | X61: =_xlfn.IFNA(VLOOKUP(A61,Dashboard!$B$2:$V$1276,21,0),"HAPUS") -> HAPUS
A62: K/57/151024/3 | B62: 45580.636 | C62: K/57/151024/3_45580.6357410301 | D62: Mahfud/ Abaston | E62: 85709139403 | F62: Roya | G62: M. 590/ Pematang Wangi; 382/ Tanjung Senang dahulu | H62: Pematang Wangi | I62: Rapita | J62: Ila Nofri | K62: 45580.706 | L62: acc (16-10-2024) | V62: SELESAI (LENGKAP) | W62: 45582.634 | X62: =_xlfn.IFNA(VLOOKUP(A62,Dashboard!$B$2:$V$1276,21,0),"HAPUS") -> HAPUS
A63: K/55/151024/1 | B63: 45580.632 | C63: K/55/151024/1_45580.6324097338 | D63: Mahfud/ Tozien | E63: 85709139403 | F63: BN Jual Beli | G63: M. 1402/ Tanjung Raya | H63: Tanjung Raya | I63: Rapita | J63: Ila Nofri | K63: 45580.706 | L63: Nama penjual berbeda pada KTP, akta sertipikat (17-10-2024) | M63: Lampirkan bukti lunas PBB | N63: acc | V63: SELESAI (LENGKAP) | W63: 45589.419 | X63: =_xlfn.IFNA(VLOOKUP(A63,Dashboard!$B$2:$V$1276,21,0),"HAPUS") -> HAPUS
A64: K/6/151024/1 | B64: 45580.407 | C64: K/6/151024/1_45580.4074116551 | D64: MALA HARTIANA | E64: 81379431418 | F64: PERUBAHAN HAK | G64: NIB 0801000002556/KEMILING PERMAI | H64: KEMILING PERMAI | I64: Deby | J64: Ila Nofri | K64: 45580.706 | L64: PBB kurang bayar (17-10-2024) | M64: acc | V64: SELESAI (LENGKAP) | W64: 45589.418 | X64: =_xlfn.IFNA(VLOOKUP(A64,Dashboard!$B$2:$V$1276,21,0),"HAPUS") -> HAPUS
A65: K/42/151024/3 | B65: 45580.597 | C65: K/42/151024/3_45580.5969326505 | D65: Fahrul Rozi/ Winarni | E65: +62 821-7585-0002 | F65: BN Kewarisan | G65: M. 2589/ Kota Baru | H65: Kota Baru | I65: Rapita | J65: Ila Nofri | K65: 45580.706 | L65: Pada dokumen tekstual TT (17-10-2024) | M65: Surat keterangan kewarisan yang dilampirkan untuk mengurus administrasi pensiun janda ? perbaiki surat kewarisan dan lampirkan asli surat | N65: Lampirkan fotokopi KK ahli waris | O65: Lampirkan surat nikah | P65: lampirkan bukti lunas PBB | Q65: SP BPHTB dan permohonan diisi lengkap | R65: SP Absente diiisi lengkap dan di tanda tangan | S65: PERBAIKAN | T65: SELESAI | V65: SELESAI (LENGKAP) | W65: 45610.604 | X65: =_xlfn.IFNA(VLOOKUP(A65,Dashboard!$B$2:$V$1276,21,0),"HAPUS") -> BELUM SPS
A66: K/22/151024/2 | B66: 45580.477 | C66: K/22/151024/2_45580.4770962153 | D66: RAHMADIYANTI/ RUDIYAN | E66: +62 821-8209-0051 | F66: BN JUAL BELI | G66: NIBEL 3118/ SEGALA MIDER | H66: SEGALA MIDER | I66: Hananda | J66: Ila Nofri | K66: 45580.707 | L66: acc (17-10-2024) | V66: SELESAI (LENGKAP) | W66: 45582.634 | X66: =_xlfn.IFNA(VLOOKUP(A66,Dashboard!$B$2:$V$1276,21,0),"HAPUS") -> HAPUS
A67: K/3/151024/1 | B67: 45580.395 | C67: K/3/151024/1_45580.394699537 | D67: EVA SURIANI / YOSEF OKTOROZI | E67: +62 811-724-041 | F67: PERALIHAN JUAL BELI | G67: B. 613/ SUMUR PUTRI | H67: SUMUR PUTRI | I67: Hananda | J67: Ila Nofri | K67: 45580.71 | L67: BPHTB kurang bayar Rp. 1 (17-10-2024) | M67: RUPS No, 114 dilegalisir | N67: acc | V67: SELESAI (LENGKAP) | W67: 45589.42 | X67: =_xlfn.IFNA(VLOOKUP(A67,Dashboard!$B$2:$V$1276,21,0),"HAPUS") -> HAPUS
A68: K/48/151024/1 | B68: 45580.604 | C68: K/48/151024/1_45580.6042476505 | D68: ROHAYATI/SUJONO PARYONO | E68: 81363461868 | F68: PERALIHAN JUAL BELI | G68: M.550/KORPRI RAYA-SEKARANG;M.10135/SUKARAME U-DAHULU | H68: KORPRI RAYA | I68: Baynur | J68: Ila Nofri | K68: 45580.71 | L68: Lampirkan SP keterlambatan pendaftaran (17-10-2024) | M68: Bagian bawah setiap halaman akta diisi lengkap nama dan daerah kerja PPAT | N68: ACC | V68: SELESAI (LENGKAP) | W68: 45589.721 | X68: =_xlfn.IFNA(VLOOKUP(A68,Dashboard!$B$2:$V$1276,21,0),"HAPUS") -> HAPUS
A69: K/30/151024/1 | B69: 45580.545 | C69: K/30/151024/1_45580.5448093981 | D69: NENY SWEET MIDEARTI/NINA ZUSANTI | E69: 811796717 | F69: HAPUS BPHTB | G69: M.3814/SUKADANAHAM | H69: SUKADANAHAM | I69: Baynur | J69: Ila Nofri | K69: 45580.71 | L69: Validasi bidang (16-10-2024) | M69: PBB kurang bayar | N69: acc | V69: SELESAI (LENGKAP) | W69: 45589.421 | X69: =_xlfn.IFNA(VLOOKUP(A69,Dashboard!$B$2:$V$1276,21,0),"HAPUS") -> HAPUS
A70: L/31/151024/1 | B70: 45580.57 | C70: L/31/151024/1_45580.569989456 | D70: HERLINA SARI | E70: 85357550232 | F70: PERUBAHAN HAK | G70: B.91/GUNUNG TERANG | H70: GUNUNG TERANG | I70: Nuraini | J70: Ila Nofri | K70: 45580.711 | L70: Validasi bidang (16-10-2024) | M70: Surat keterangan dari lurah agar dicantumkan nomor sertipikat | N70: PBB kurang bayar | O70: acc | V70: SELESAI (LENGKAP) | W70: 45589.421 | X70: =_xlfn.IFNA(VLOOKUP(A70,Dashboard!$B$2:$V$1276,21,0),"HAPUS") -> HAPUS
A71: L/10/181024/1 | B71: 45583.449 | C71: L/10/181024/1_45583.4493798727 | D71: HAPPY JOY PW SIREGAR | E71: 82176075079 | F71: SERTIPIKAT HILANG | G71: HGB.4629/BERINGIN RAYA | H71: BERINGIN RAYA | I71: Nuraini | J71: Ila Nofri | K71: 45581.67 | L71: 1. Lampirkan Surat Pernyataan bahwa tidak dalam jaminan di bank 2. Sertipikat Kel. Beringin Raya, PBB Kel. Pinang Jaya ? 3. Lampirkan berkas cek ploy No 77/2024 4. Validasi bidang | V71: SELESAI (LENGKAP) | W71: 45609.403 | X71: =_xlfn.IFNA(VLOOKUP(A71,Dashboard!$B$2:$V$1276,21,0),"HAPUS") -> BELUM SPS
A72: K/28/181024/1 | B72: 45583.59 | C72: K/28/181024/1_45583.5904268866 | D72: Novalia Eka P/ Dian Ratna W | E72: +62 896-9947-6813 | F72: Roya | G72: M. 690/ Sumur Putri dan SHT 4003/ 2013 | H72: Sumur Putri | I72: Rapita | J72: Ila Nofri | K72: 45588.81 | L72: ACC | V72: SELESAI (LENGKAP) | W72: 45589.321 | X72: =_xlfn.IFNA(VLOOKUP(A72,Dashboard!$B$2:$V$1276,21,0),"HAPUS") -> HAPUS
A73: K/15/181024/1 | B73: 45583.465 | C73: K/15/181024/1_45583.4653353357 | D73: GEREJA KRISTUS TELUK BETUNG/NICO HIDAYAT | E73: 8127915352 | F73: SKPT PERPANJANGAN | G73: B.921/NEGERI OLOK GADING | H73: NEGERI OLOK GADING | I73: Baynur | J73: Ila Nofri | K73: 45589.555 | L73: SELESAI | V73: SELESAI (LENGKAP) | W73: 45602.646 | X73: =_xlfn.IFNA(VLOOKUP(A73,Dashboard!$B$2:$V$1276,21,0),"HAPUS") -> HAPUS
A74: K/24/171024/1 | B74: 45582.56 | C74: K/24/171024/1_45582.5604082292 | D74: KORNELIUS SULEMI/SERUNI WIDYAWATI | E74: 0895-6092-80120 | F74: PERALIHAN JUAL BELI | G74: NIBEL M.370/GUNUNG SULAH | H74: GUNUNG SULAH | I74: Baynur | J74: Fikka | K74: 45583.339 | V74: SELESAI (LENGKAP) | W74: 45583.42 | X74: =_xlfn.IFNA(VLOOKUP(A74,Dashboard!$B$2:$V$1276,21,0),"HAPUS") -> HAPUS
A75: K/13/171024/4 | B75: 45582.463 | C75: K/13/171024/4_45582.4634918056 | D75: eka sari taherah/devita dina mentari | E75: 895363114046 | F75: BN Jual beli | G75: M. 2523/ Pinang Jaya | H75: Pinang Jaya | I75: Hananda | J75: Fikka | K75: 45583.339 | L75: RENVOI NOP PADA AJB | V75: SELESAI (LENGKAP) | W75: 45595.651 | X75: =_xlfn.IFNA(VLOOKUP(A75,Dashboard!$B$2:$V$1276,21,0),"HAPUS") -> HAPUS
A76: K/34/171024/2 | B76: 45582.573 | C76: K/34/171024/2_45582.5725960995 | D76: richard adi / agus prasetyo | E76: 85279997821 | F76: BN Jual Beli | G76: M. 2924/ Sukarame II | H76: Sukarame II | I76: Hananda | J76: Fikka | K76: 45583.339 | V76: SELESAI (LENGKAP) | W76: 45583.449 | X76: =_xlfn.IFNA(VLOOKUP(A76,Dashboard!$B$2:$V$1276,21,0),"HAPUS") -> HAPUS
A77: K/38/171024/2 | B77: 45582.585 | C77: K/38/171024/2_45582.5854494676 | D77: Angga Purnama/ Farida N | E77: +62 895-3553-08122 | F77: BN Jual Beli | G77: M. 4522/ Gunung Terang | H77: Gunung Terang | I77: Rapita | J77: Fikka | K77: 45583.339 | L77: NAMA PEMBELI ANTARA KTP DAN KK BEDA | V77: SELESAI (LENGKAP) | W77: 45590.661 | X77: =_xlfn.IFNA(VLOOKUP(A77,Dashboard!$B$2:$V$1276,21,0),"HAPUS") -> HAPUS
A78: K/7/171024/1 | B78: 45582.432 | C78: K/7/171024/1_45582.4322251505 | D78: Fitriana/ Paiman | E78: 89661010669 | F78: Pemecahan | G78: M. 2174/ Way Kandis | H78: Way Kandis | I78: Rapita | J78: Fikka | K78: 45583.339 | V78: SELESAI (LENGKAP) | W78: 45583.414 | X78: =_xlfn.IFNA(VLOOKUP(A78,Dashboard!$B$2:$V$1276,21,0),"HAPUS") -> HAPUS
A79: L/3/171024/1 | B79: 45582.41 | C79: L/3/171024/1_45582.4096537963 | D79: BETI ASTRI NINGSIH | E79: 89517341312 | F79: HAPUS BPTHB | G79: M 3895/CAMPANG RAYA | H79: CAMPANF RAYA | I79: Deby | J79: Fikka | K79: 45583.339 | L79: BEDA NAMA PEMILIK ANTARA SERTIPIKAT DAN KTP | V79: SELESAI (LENGKAP) | W79: 45583.409 | X79: =_xlfn.IFNA(VLOOKUP(A79,Dashboard!$B$2:$V$1276,21,0),"HAPUS") -> HAPUS
A80: K/56/171024/1 | B80: 45582.655 | C80: K/56/171024/1_45582.6545368519 | D80: RIKA WISANGRATRI/ JULIUS BUTAR BUTAR | E80: +62 831-6815-4278 | F80: ROYA | G80: M. 377/ ENGGAL | H80: ENGGAL | I80: Hananda | J80: Fikka | K80: 45583.339 | L80: LENGKAPI PERMOHONAN DAN SURAT KUASA | V80: SELESAI (LENGKAP) | W80: 45583.403 | X80: =_xlfn.IFNA(VLOOKUP(A80,Dashboard!$B$2:$V$1276,21,0),"HAPUS") -> BELUM SPS
A81: K/35/161024/1 | B81: 45581.594 | C81: K/35/161024/1_45581.5941142361 | D81: DEVI ERIZAL/WARDIYAH | E81: 85378050909 | F81: ROYA | G81: M.11916/SUKABUMI-SEKARANG;B.3374/SUKABUMI-DAHULU | H81: SUKABUMI | I81: Baynur | J81: Fikka | K81: 45583.339 | V81: SELESAI (LENGKAP) | W81: 45583.399 | X81: =_xlfn.IFNA(VLOOKUP(A81,Dashboard!$B$2:$V$1276,21,0),"HAPUS") -> HAPUS
A82: L/40/171024/1 | B82: 45582.593 | C82: L/40/171024/1_45582.5930757292 | D82: ACENG SOLEHUDIN | E82: 81272825300 | F82: ROYA | G82: HM 1375/TANJUNG SENENG | H82: TANJUNG SENENG | I82: Deby | J82: Fikka | K82: 45583.339 | L82: VALBID | M82: SURAT ROYA YG DILAMPIRKAN UNTUK SHM 1376/TANJUNG SENENG | V82: SELESAI (LENGKAP) | W82: 45583.393 | X82: =_xlfn.IFNA(VLOOKUP(A82,Dashboard!$B$2:$V$1276,21,0),"HAPUS") -> BELUM SPS
A83: K/7/161024/2 | B83: 45581.408 | C83: K/7/161024/2_45581.4076549074 | D83: DITO SAPUTRA/ TITIK WIJAYANTI | E83: 81369350683 | F83: SKPT LELANG | G83: M. 617/ SAWAH LAMA | H83: SAWAH LAMA | I83: Hananda | J83: Fikka | K83: 45583.339 | L83: VALBID | V83: SELESAI (LENGKAP) | W83: 45583.385 | X83: =_xlfn.IFNA(VLOOKUP(A83,Dashboard!$B$2:$V$1276,21,0),"HAPUS") -> HAPUS
A84: K/10/161024/1 | B84: 45581.436 | C84: K/10/161024/1_45581.4358078009 | D84: KUMALA RATNA SARI/PANARY SITOPU | E84: 81361444098 | F84: PERALIHAN JUAL BELI | G84: NIBEL M.2729/GUNUNG SULAH | H84: GUNUNG SULAH | I84: Baynur | J84: Fikka | K84: 45583.339 | V84: SELESAI (LENGKAP) | W84: 45583.49 | X84: =_xlfn.IFNA(VLOOKUP(A84,Dashboard!$B$2:$V$1276,21,0),"HAPUS") -> HAPUS
A85: K/37/161024/1 | B85: 45581.604 | C85: K/37/161024/1_45581.6037247338 | D85: Nanik Maryani/ Siwi A | E85: 83178501348 | F85: BN Jual Beli | G85: M. 16119/ Sukabumi | H85: Sukabumi | I85: Rapita | J85: Fikka | K85: 45583.339 | V85: SELESAI (LENGKAP) | W85: 45583.52 | X85: =_xlfn.IFNA(VLOOKUP(A85,Dashboard!$B$2:$V$1276,21,0),"HAPUS") -> HAPUS
A86: K/28/171024/2 | B86: 45582.568 | C86: K/28/171024/2_45582.5684533333 | D86: Dian Eka Sari/ M. Nizar | E86: 82282999990 | F86: BN Jual Beli | G86: M. 182/ Way Kandis | H86: Way Kandis | I86: Rapita | J86: Fikka | K86: 45583.339 | V86: SELESAI (LENGKAP) | W86: 45583.654 | X86: =_xlfn.IFNA(VLOOKUP(A86,Dashboard!$B$2:$V$1276,21,0),"HAPUS") -> HAPUS
A87: K/14/161024/2 | B87: 45581.44 | C87: K/14/161024/2_45581.440413206 | D87: A. Roswantama/ Assabiqun Alpan | E87: +62 813-6948-8565 | F87: BN Jual Beli | G87: M. 5621/ Langkapura | H87: Langkapura | I87: Rapita | J87: Fikka | K87: 45583.339 | L87: LAMPIRKAN SP INDUK | M87: SUKET KETERLAMBATAN PENDAFTARAN TANDATANGAN BASAH | N87: PARAF NOTARIS TIAP HALAMAN PADA KUASA MENJUAL | V87: SELESAI (LENGKAP) | W87: 45607.441 | X87: =_xlfn.IFNA(VLOOKUP(A87,Dashboard!$B$2:$V$1276,21,0),"HAPUS") -> HAPUS
A88: K/21/161024/1 | B88: 45581.486 | C88: K/21/161024/1_45581.486140787 | D88: Rizki Febrian/ Nuraini Wahyu | E88: 89527350367 | F88: BN PHB | G88: M. 651/ Durian Payung | H88: Durian Payung | I88: Rapita | J88: Fikka | K88: 45583.339 | L88: RENVOI NIK DAN ALAMAT SITI IROH DI APHB | V88: SELESAI (LENGKAP) | W88: 45597.656 | X88: =_xlfn.IFNA(VLOOKUP(A88,Dashboard!$B$2:$V$1276,21,0),"HAPUS") -> HAPUS
A89: K/6/161024/1 | B89: 45581.405 | C89: K/6/161024/1_45581.4054884375 | D89: DITO SAPUTRA/ TITIK WIJAYANTI | E89: 81369350683 | F89: SKPT LELANG | G89: M. 1560/ Bumi Waras | H89: Bumi Waras | I89: Hananda | J89: Ginta Monita | K89: 45583.418 | V89: SELESAI (LENGKAP) | W89: 45583.423 | X89: =_xlfn.IFNA(VLOOKUP(A89,Dashboard!$B$2:$V$1276,21,0),"HAPUS") -> HAPUS
A90: K/20/171024/2 | B90: 45582.491 | C90: K/20/171024/2_45582.491129375 | D90: TITIK WIJAYANTI/RIFKI KURNIAWAN SAPUTRA | E90: 81379016000 | F90: SKPT | G90: M.11594/JAGABAYA II | H90: JAGABAYA II | I90: Baynur | J90: Kholfa | K90: 45583.47 | L90: NIB 2894 belum valbid | M90: barcode surat KPKNL tidak terbaca | V90: SELESAI (LENGKAP) | W90: 45583.47 | X90: =_xlfn.IFNA(VLOOKUP(A90,Dashboard!$B$2:$V$1276,21,0),"HAPUS") -> HAPUS
A91: K/15/171024/1 | B91: 45582.482 | C91: K/15/171024/1_45582.4816578472 | D91: NISWATUN HASANAH/FAUZIYAH ASTUTI SEMBIRING | E91: 89634272029 | F91: PENGUKURAN ULANG | G91: M.10543/GEDONG MENENG | H91: GEDONG MENENG | I91: Baynur | J91: Ginta Monita | K91: 45583.542 | L91: ktp saksi irwansyah | V91: SELESAI (LENGKAP) | W91: 45602.494 | X91: =_xlfn.IFNA(VLOOKUP(A91,Dashboard!$B$2:$V$1276,21,0),"HAPUS") -> HAPUS
A92: K/28/161024/1 | B92: 45581.58 | C92: K/28/161024/1_45581.5802902778 | D92: tony azhari | E92: 82373759878 | F92: PEMECAHAN BIDANG | G92: M. 68/ Perumnas Way Kandis | H92: Perumnas Way Kandis | I92: Hananda | J92: Maharani | K92: 45583.578 | V92: SELESAI (LENGKAP) | W92: 45597.391 | X92: =_xlfn.IFNA(VLOOKUP(A92,Dashboard!$B$2:$V$1276,21,0),"HAPUS") -> HAPUS
A93: K/40/161024/1 | B93: 45581.616 | C93: K/40/161024/1_45581.6161740625 | D93: SULASTRI/CHRISTINA ULINA | E93: 81369223454 | F93: HAPUS BPHTB | G93: M.5925/TANJUNG SENENG | H93: TANJUNG SENENG | I93: Baynur | J93: Maharani | K93: 45583.578 | V93: SELESAI (LENGKAP) | W93: 45597.504 | X93: =_xlfn.IFNA(VLOOKUP(A93,Dashboard!$B$2:$V$1276,21,0),"HAPUS") -> HAPUS
A94: K/4/171024/1 | B94: 45582.419 | C94: K/4/171024/1_45582.4190879398 | D94: IRMA SURYANI HARAHAP/ISMARINA | E94: 81377641549 | F94: PENINGKATAN HAK | G94: NIBEL B.2410/RAJABASA NUNYAI | H94: RAJABASA NUNYAI | I94: Baynur | J94: Maharani | K94: 45583.579 | V94: SELESAI (LENGKAP) | W94: 45597.504 | X94: =_xlfn.IFNA(VLOOKUP(A94,Dashboard!$B$2:$V$1276,21,0),"HAPUS") -> HAPUS
A95: K/50/171024/3 | B95: 45582.621 | C95: K/50/171024/3_45582.6206360185 | D95: Fahrul Rozi/ I Putu Purwa | E95: +62 821-7585-0002 | F95: Roya | G95: M. 2502/ Kemiling Permai- B. 248/ Kemiling Permai-dahulu | H95: Kemiling Permai | I95: Rapita | J95: Maharani | K95: 45583.579 | V95: SELESAI (LENGKAP) | W95: 45597.505 | X95: =_xlfn.IFNA(VLOOKUP(A95,Dashboard!$B$2:$V$1276,21,0),"HAPUS") -> HAPUS
A96: L/11/171024/1 | B96: 45582.459 | C96: L/11/171024/1_45582.4585064468 | D96: SYAMSUARDI | E96: 81376166504 | F96: ROYA | G96: HGB 416/WAY KANDIS | H96: WAY KANDIS | I96: Deby | J96: Maharani | K96: 45583.579 | V96: SELESAI (LENGKAP) | W96: 45597.504 | X96: =_xlfn.IFNA(VLOOKUP(A96,Dashboard!$B$2:$V$1276,21,0),"HAPUS") -> BELUM SPS
A97: K/49/171024/2 | B97: 45582.62 | C97: K/49/171024/2_45582.6198306019 | D97: Fahrul Rozi/ Harlinda | E97: +62 821-7585-0002 | F97: BN Jual Beli | G97: M. 3265/ Gedong Air | H97: Gedong Air | I97: Rapita | J97: Maharani | K97: 45583.579 | L97: Ada perbedaan nama suami Supriatun di KK dan di Surat Kematian | M97: Siapa Hendrik Wijaya berdasarkan KTP yg dilampirkan? | N97: NOP PBB yang dilampirkan berbeda dengan PPH dan BPHTB | O97: AJB dan PPJB hlm 2 perbaiki NIB | P97: Lampirkan kwitansi jual beli | Q97: Perbaikan kedua : Surat beda nama dibuat dari kelurahan | V97: SELESAI (LENGKAP) | W97: 45614.374 | X97: =_xlfn.IFNA(VLOOKUP(A97,Dashboard!$B$2:$V$1276,21,0),"HAPUS") -> HAPUS
A98: K/26/171024/2 | B98: 45582.563 | C98: K/26/171024/2_45582.5627759259 | D98: Ilanur/ Dhita A | E98: 8979122178 | F98: BN Jual Beli | G98: Nibel. M. 1066/ Sukarame Baru | H98: Sukarame Baru | I98: Rapita | J98: Maharani | K98: 45583.579 | L98: Pada lembar kuning BPHTB, periksa kembali nomor hak | M98: AJB hlm 3 perbaiki NOP | V98: SELESAI (LENGKAP) | W98: 45589.572 | X98: =_xlfn.IFNA(VLOOKUP(A98,Dashboard!$B$2:$V$1276,21,0),"HAPUS") -> HAPUS
A99: K/21/171024/2 | B99: 45582.491 | C99: K/21/171024/2_45582.4908203125 | D99: ali lius / hefrizin qq putri naura | E99: 82279404843 | F99: BN Jual Beli | G99: M. 128/ Kemiling Raya | H99: Kemiling Raya | I99: Hananda | J99: Maharani | K99: 45583.579 | L99: Pada Surat Pernyataan BPHTB perbsiki Nomor SHM | M99: Periksa kembali AJB hlm. 2 | N99: Lampirkan Surat Perwalian | V99: SELESAI (LENGKAP) | W99: 45602.679 | X99: =_xlfn.IFNA(VLOOKUP(A99,Dashboard!$B$2:$V$1276,21,0),"HAPUS") -> HAPUS
A100: K/10/171024/2 | B100: 45582.456 | C100: K/10/171024/2_45582.4558408449 | D100: EKA SARI TAHERAH/ DENDI INDRAJAYA | E100: 895363114046 | F100: BN JUAL BELI | G100: M. 511/ PEMATANG WANGI | H100: PEMATANG WANGI | I100: Hananda | J100: Maharani | K100: 45583.579 | V100: SELESAI (LENGKAP) | W100: 45589.549 | X100: =_xlfn.IFNA(VLOOKUP(A100,Dashboard!$B$2:$V$1276,21,0),"HAPUS") -> HAPUS
...

Sheet Warkah
A1: No | B1: Kode Tiket | C1: Nomor Sertipikat | D1: Tanggal Input Loket | E1: Jenis Permohonan | F1: Nama Petugas Warkah | G1: Status Sertipikat | H1: Tanggal diserahkan kepada Validator/Back Office | I1: Tanggal Kembali | J1: Tanggal Kembali | K1: Count | L1: Combine | M1: Cek Hapus
A2: 1 | I2: FALSE | K2: 0 | L2: _0 | M2: =_xlfn.IFNA(VLOOKUP(B2,Dashboard!$B$2:$V$1276,21,0),"HAPUS") -> HAPUS
A3: 2 | B3: L/1/141024/1 | C3: HM 9463/GEDUNG MENENG | D3: 45579.361 | E3: ROYA | G3: DISERAHKAN | H3: 45616.458 | I3: FALSE | K3: 1 | L3: DISERAHKAN_1 | M3: =_xlfn.IFNA(VLOOKUP(B3,Dashboard!$B$2:$V$1276,21,0),"HAPUS") -> HAPUS
A4: 3 | B4: L/2/141024/1 | C4: HM 17565/SUKARAME I | D4: 45579.377 | E4: ROYA | F4: Berry | G4: DISERAHKAN | H4: 45579.631 | I4: FALSE | K4: 2 | L4: DISERAHKAN_2 | M4: =_xlfn.IFNA(VLOOKUP(B4,Dashboard!$B$2:$V$1276,21,0),"HAPUS") -> HAPUS
A5: 4 | B5: L/5/141024/1 | C5: M.9974/TANJUNG BARU | D5: 45579.403 | E5: ROYA | F5: Berry | G5: DISERAHKAN | H5: 45579.629 | I5: FALSE | K5: 3 | L5: DISERAHKAN_3 | M5: =_xlfn.IFNA(VLOOKUP(B5,Dashboard!$B$2:$V$1276,21,0),"HAPUS") -> HAPUS
A6: 5 | B6: L/6/141024/1 | C6: HM 154/SUSUNAN BARU | D6: 45579.405 | E6: PLOT SERTIPIKAT HILANG | F6: David | G6: DISERAHKAN | H6: 45579.626 | I6: FALSE | K6: 4 | L6: DISERAHKAN_4 | M6: =_xlfn.IFNA(VLOOKUP(B6,Dashboard!$B$2:$V$1276,21,0),"HAPUS") -> HAPUS
A7: 6 | B7: K/7/141024/1 | C7: M. 631/Pahoman- sekarang; M. 631/Pahoman-Dahulu | D7: 45579.41 | E7: ANGKAT SITA | F7: Berry | G7: DISERAHKAN | H7: 45579.629 | I7: FALSE | K7: 5 | L7: DISERAHKAN_5 | M7: =_xlfn.IFNA(VLOOKUP(B7,Dashboard!$B$2:$V$1276,21,0),"HAPUS") -> HAPUS
A8: 7 | B8: L/8/141024/1 | C8: M.1134/GULAK GALIK | D8: 45579.416 | E8: HAPUS BPHTB | F8: Berry | G8: DISERAHKAN | H8: 45579.63 | I8: FALSE | K8: 6 | L8: DISERAHKAN_6 | M8: =_xlfn.IFNA(VLOOKUP(B8,Dashboard!$B$2:$V$1276,21,0),"HAPUS") -> HAPUS
A9: 8 | B9: K/9/141024/1 | C9: M.11980/JAGABAYA II | D9: 45579.424 | E9: ROYA | F9: Berry | G9: DISERAHKAN | H9: 45579.63 | I9: FALSE | K9: 7 | L9: DISERAHKAN_7 | M9: =_xlfn.IFNA(VLOOKUP(B9,Dashboard!$B$2:$V$1276,21,0),"HAPUS") -> HAPUS
A10: 9 | B10: L/11/141024/1 | C10: HM 1505 LABUHAN DALAM & HM 1506 LABUHAN DALAM | D10: 45579.435 | E10: ROYA | G10: TIDAK DITEMUKAN | I10: FALSE | K10: 1 | L10: TIDAK DITEMUKAN_1 | M10: =_xlfn.IFNA(VLOOKUP(B10,Dashboard!$B$2:$V$1276,21,0),"HAPUS") -> HAPUS
A11: 10 | B11: K/12/141024/1 | C11: M.3326/LANGKAPURA | D11: 45579.446 | E11: ROYA | F11: Berry | G11: DISERAHKAN | H11: 45579.627 | I11: FALSE | K11: 8 | L11: DISERAHKAN_8 | M11: =_xlfn.IFNA(VLOOKUP(B11,Dashboard!$B$2:$V$1276,21,0),"HAPUS") -> HAPUS
A12: 11 | B12: K/13/141024/2 | C12: M.1088/NEGERI OLOK GADING-SEKARANG;B.1201/NEGERI OLOK GADING-DAHULU | D12: 45579.448 | E12: ROYA | F12: Berry | G12: DISERAHKAN | H12: 45579.63 | I12: FALSE | K12: 9 | L12: DISERAHKAN_9 | M12: =_xlfn.IFNA(VLOOKUP(B12,Dashboard!$B$2:$V$1276,21,0),"HAPUS") -> BELUM SPS
A13: 12 | B13: K/14/141024/3 | C13: M.988/NEGERI OLOK GADING-SEKARANG;B.1050/NEGERI OLOK GADING-DAHULU | D13: 45579.449 | E13: ROYA | F13: Berry | G13: DISERAHKAN | H13: 45579.631 | I13: FALSE | K13: 10 | L13: DISERAHKAN_10 | M13: =_xlfn.IFNA(VLOOKUP(B13,Dashboard!$B$2:$V$1276,21,0),"HAPUS") -> HAPUS
A14: 13 | B14: K/16/141024/1 | C14: M.9137/GEDONG MENENG | D14: 45579.464 | E14: SKPT | F14: Berry | G14: DISERAHKAN | H14: 45579.627 | I14: FALSE | K14: 11 | L14: DISERAHKAN_11 | M14: =_xlfn.IFNA(VLOOKUP(B14,Dashboard!$B$2:$V$1276,21,0),"HAPUS") -> HAPUS
A15: 14 | B15: L/17/141024/1 | C15: HM 2144/WAY KANDIS | D15: 45579.478 | E15: ROYA | F15: Berry | G15: DISERAHKAN | H15: 45579.63 | I15: FALSE | K15: 12 | L15: DISERAHKAN_12 | M15: =_xlfn.IFNA(VLOOKUP(B15,Dashboard!$B$2:$V$1276,21,0),"HAPUS") -> HAPUS
A16: 15 | B16: K/19/141024/1 | C16: M.16678/SUKABUMI | D16: 45579.484 | E16: PERALIHAN JUAL BELI | F16: Berry | G16: DISERAHKAN | H16: 45579.627 | I16: TRUE | J16: 45622.503 | K16: 13 | L16: DISERAHKAN_13 | M16: =_xlfn.IFNA(VLOOKUP(B16,Dashboard!$B$2:$V$1276,21,0),"HAPUS") -> HAPUS
A17: 16 | B17: L/18/141024/1 | C17: M.331/NUSANTARA PERMAI;B.389/CAMPANG RAYA-DAHULU | D17: 45579.484 | E17: BLOKIR | F17: Berry | G17: DISERAHKAN | H17: 45579.628 | I17: FALSE | K17: 14 | L17: DISERAHKAN_14 | M17: =_xlfn.IFNA(VLOOKUP(B17,Dashboard!$B$2:$V$1276,21,0),"HAPUS") -> BELUM SPS
A18: 17 | B18: K/20/141024/1 | C18: M.12883/RAJABASA-SEKARANG;B.1210/RAJABASA-DAHULU | D18: 45579.49 | E18: GANDES | F18: Berry | G18: DISERAHKAN | H18: 45579.628 | I18: FALSE | K18: 15 | L18: DISERAHKAN_15 | M18: =_xlfn.IFNA(VLOOKUP(B18,Dashboard!$B$2:$V$1276,21,0),"HAPUS") -> HAPUS
A19: 18 | B19: L/21/141024/1 | C19: HM 1812/TANJUNG SENANG | D19: 45579.493 | E19: ROYA | F19: Berry | G19: DISERAHKAN | H19: 45579.628 | I19: FALSE | K19: 16 | L19: DISERAHKAN_16 | M19: =_xlfn.IFNA(VLOOKUP(B19,Dashboard!$B$2:$V$1276,21,0),"HAPUS") -> HAPUS
A20: 19 | B20: K/22/141024/1 | C20: M. 6977/ TANJUNG SENANG | D20: 45579.497 | E20: PERALIHAN JUAL BELI | F20: Berry | G20: DISERAHKAN | H20: 45579.628 | I20: TRUE | J20: 45645.42 | K20: 17 | L20: DISERAHKAN_17 | M20: =_xlfn.IFNA(VLOOKUP(B20,Dashboard!$B$2:$V$1276,21,0),"HAPUS") -> HAPUS
A21: 20 | B21: K/23/141024/2 | C21: M. 246/ GUNUNG SULAH | D21: 45579.5 | E21: PLOTTING | F21: Berry | G21: DISERAHKAN | H21: 45579.63 | I21: FALSE | K21: 18 | L21: DISERAHKAN_18 | M21: =_xlfn.IFNA(VLOOKUP(B21,Dashboard!$B$2:$V$1276,21,0),"HAPUS") -> HAPUS
A22: 21 | B22: L/24/141024/1 | C22: M.2064/GUNUNG TERANG | D22: 45579.5 | E22: ROYA | F22: Berry | G22: DISERAHKAN | H22: 45579.626 | I22: TRUE | J22: 45602.632 | K22: 19 | L22: DISERAHKAN_19 | M22: =_xlfn.IFNA(VLOOKUP(B22,Dashboard!$B$2:$V$1276,21,0),"HAPUS") -> HAPUS
A23: 22 | B23: K/25/141024/3 | C23: M. 133/ SUKARAME BARU- SEKARANG; B. 144/ SUKARAME BARU-DAHULU; B. 4605/SUKARAME I-DAHULU | D23: 45579.56 | E23: PERALIHAN JUAL BELI | F23: Berry | G23: DISERAHKAN | H23: 45579.629 | I23: FALSE | K23: 20 | L23: DISERAHKAN_20 | M23: =_xlfn.IFNA(VLOOKUP(B23,Dashboard!$B$2:$V$1276,21,0),"HAPUS") -> HAPUS
A24: 23 | B24: K/26/141024/1 | C24: M.2094/CAMPANG JAYA | D24: 45579.566 | E24: PERALIHAN JUAL BELI | F24: Berry | G24: DISERAHKAN | H24: 45579.627 | I24: FALSE | K24: 21 | L24: DISERAHKAN_21 | M24: =_xlfn.IFNA(VLOOKUP(B24,Dashboard!$B$2:$V$1276,21,0),"HAPUS") -> HAPUS
A25: 24 | B25: K/27/141024/4 | C25: M. 13414/ SUKABUMI | D25: 45579.57 | E25: PERALIHAN JUAL BELI | F25: Alfiansyah | G25: DISERAHKAN BT | H25: 45610.364 | I25: FALSE | K25: 1 | L25: DISERAHKAN BT_1 | M25: =_xlfn.IFNA(VLOOKUP(B25,Dashboard!$B$2:$V$1276,21,0),"HAPUS") -> HAPUS
A26: 25 | B26: K/28/141024/1 | C26: B.895/BERINGIN JAYA | D26: 45579.573 | E26: PERALIHAN JUAL BELI | F26: Berry | G26: DISERAHKAN | H26: 45579.63 | I26: FALSE | K26: 22 | L26: DISERAHKAN_22 | M26: =_xlfn.IFNA(VLOOKUP(B26,Dashboard!$B$2:$V$1276,21,0),"HAPUS") -> BELUM SPS
A27: 26 | B27: K/29/141024/1 | C27: M. 2445/ SUKADANA HAM | D27: 45579.578 | E27: PTPGT PEMECAHAN | G27: PROSES | I27: FALSE | K27: 1 | L27: PROSES_1 | M27: =_xlfn.IFNA(VLOOKUP(B27,Dashboard!$B$2:$V$1276,21,0),"HAPUS") -> HAPUS
A28: 27 | B28: K/30/141024/1 | C28: M.2617/WAY KANDIS | D28: 45579.58 | E28: ROYA | F28: Berry | G28: DISERAHKAN | H28: 45579.632 | I28: FALSE | K28: 23 | L28: DISERAHKAN_23 | M28: =_xlfn.IFNA(VLOOKUP(B28,Dashboard!$B$2:$V$1276,21,0),"HAPUS") -> HAPUS
A29: 28 | B29: K/31/141024/1 | C29: NIBEL 1691/ SUKABUMI INDAH | D29: 45579.585 | E29: PERUBAHAN HAK | I29: FALSE | K29: 0 | L29: _0 | M29: =_xlfn.IFNA(VLOOKUP(B29,Dashboard!$B$2:$V$1276,21,0),"HAPUS") -> HAPUS
A30: 29 | B30: L/34/141024/1 | C30: KORPRI JAYA | D30: 45579.592 | E30: PERTAMA KALI | I30: FALSE | K30: 0 | L30: _0 | M30: =_xlfn.IFNA(VLOOKUP(B30,Dashboard!$B$2:$V$1276,21,0),"HAPUS") -> BELUM SPS
A31: 30 | B31: L/33/141024/1 | C31: M.1540/GUNUNG TERANG;B.17/GU TERANG-DAHULU | D31: 45579.592 | E31: ROYA | F31: David | G31: DISERAHKAN BT | H31: 45580.668 | I31: TRUE | J31: 45602.62 | K31: 2 | L31: DISERAHKAN BT_2 | M31: =_xlfn.IFNA(VLOOKUP(B31,Dashboard!$B$2:$V$1276,21,0),"HAPUS") -> HAPUS
A32: 31 | B32: K/32/141024/1 | C32: M.10108/LABUHAN RATU | D32: 45579.593 | E32: GANDES | F32: Bayu | G32: DISERAHKAN | H32: 45580.661 | I32: FALSE | K32: 24 | L32: DISERAHKAN_24 | M32: =_xlfn.IFNA(VLOOKUP(B32,Dashboard!$B$2:$V$1276,21,0),"HAPUS") -> HAPUS
A33: 32 | B33: L/35/141024/1 | C33: M.676/SAWAH BREBES | D33: 45579.596 | E33: ROYA LELANG | F33: David | G33: DISERAHKAN BT | H33: 45580.668 | I33: TRUE | J33: 45615.645 | K33: 3 | L33: DISERAHKAN BT_3 | M33: =_xlfn.IFNA(VLOOKUP(B33,Dashboard!$B$2:$V$1276,21,0),"HAPUS") -> HAPUS
A34: 33 | B34: K/36/141024/1 | C34: M.250/LANGKAPURA BARU | D34: 45579.598 | E34: PERALIHAN JUAL BELI | F34: David | G34: DISERAHKAN BT | H34: 45580.668 | I34: FALSE | K34: 4 | L34: DISERAHKAN BT_4 | M34: =_xlfn.IFNA(VLOOKUP(B34,Dashboard!$B$2:$V$1276,21,0),"HAPUS") -> HAPUS
A35: 34 | B35: K/38/141024/1 | C35: M. 3157/ LABUHAN DALAM | D35: 45579.601 | E35: PERALIHAN HAK JUAL BELI | F35: David | G35: DISERAHKAN BT | H35: 45580.668 | I35: TRUE | J35: 45645.668 | K35: 5 | L35: DISERAHKAN BT_5 | M35: =_xlfn.IFNA(VLOOKUP(B35,Dashboard!$B$2:$V$1276,21,0),"HAPUS") -> HAPUS
A36: 35 | B36: K/39/141024/1 | C36: M.379/KALI BALAU KENCANA | D36: 45579.604 | E36: GANDES | I36: FALSE | K36: 0 | L36: _0 | M36: =_xlfn.IFNA(VLOOKUP(B36,Dashboard!$B$2:$V$1276,21,0),"HAPUS") -> HAPUS
A37: 36 | B37: K/40/141024/5 | C37: NIBEL 2507/ SUMUR BATU | D37: 45579.608 | E37: PERALIHAN JUAL BELI | I37: FALSE | K37: 0 | L37: _0 | M37: =_xlfn.IFNA(VLOOKUP(B37,Dashboard!$B$2:$V$1276,21,0),"HAPUS") -> HAPUS
A38: 37 | B38: K/42/141024/1 | C38: M.10676/KEDATON | D38: 45579.616 | E38: GANDES | I38: FALSE | K38: 0 | L38: _0 | M38: =_xlfn.IFNA(VLOOKUP(B38,Dashboard!$B$2:$V$1276,21,0),"HAPUS") -> HAPUS
A39: 38 | B39: K/41/141024/1 | C39: M. 2283/ GEDONG AIR | D39: 45579.616 | E39: ROYA | F39: David | G39: DISERAHKAN BT | H39: 45580.668 | I39: FALSE | K39: 6 | L39: DISERAHKAN BT_6 | M39: =_xlfn.IFNA(VLOOKUP(B39,Dashboard!$B$2:$V$1276,21,0),"HAPUS") -> HAPUS
A40: 39 | B40: K/43/141024/1 | C40: B.2096/CAMPANG RAYA | D40: 45579.627 | E40: GANDES | I40: FALSE | K40: 0 | L40: _0 | M40: =_xlfn.IFNA(VLOOKUP(B40,Dashboard!$B$2:$V$1276,21,0),"HAPUS") -> HAPUS
A41: 40 | B41: K/44/141024/2 | C41: B.2095/CAMPANG RAYA | D41: 45579.628 | E41: GANDES | I41: FALSE | K41: 0 | L41: _0 | M41: =_xlfn.IFNA(VLOOKUP(B41,Dashboard!$B$2:$V$1276,21,0),"HAPUS") -> HAPUS
A42: 41 | B42: K/45/151024/1 | C42: M. 2732/ KOTA BARU | D42: 45580.366 | E42: PERALIHAN HAK KEWARISAN | F42: David | G42: DISERAHKAN | H42: 45581.348 | I42: TRUE | J42: 45656.424 | K42: 25 | L42: DISERAHKAN_25 | M42: =_xlfn.IFNA(VLOOKUP(B42,Dashboard!$B$2:$V$1276,21,0),"HAPUS") -> HAPUS
A43: 42 | B43: K/46/151024/2 | C43: M. 534/ SUMBEREJO SEJAHTERA | D43: 45580.369 | E43: PTPGT | I43: FALSE | K43: 0 | L43: _0 | M43: =_xlfn.IFNA(VLOOKUP(B43,Dashboard!$B$2:$V$1276,21,0),"HAPUS") -> HAPUS
A44: 43 | B44: K/1/151024/1 | C44: M. 777/ GEDONG PAKUON | D44: 45580.384 | E44: PENGECEKKAN | I44: FALSE | K44: 0 | L44: _0 | M44: =_xlfn.IFNA(VLOOKUP(B44,Dashboard!$B$2:$V$1276,21,0),"HAPUS") -> HAPUS
A45: 44 | B45: K/2/151024/2 | C45: M. 12840/ SEGALA MIDER | D45: 45580.386 | E45: PENGECEKKAN | I45: FALSE | K45: 0 | L45: _0 | M45: =_xlfn.IFNA(VLOOKUP(B45,Dashboard!$B$2:$V$1276,21,0),"HAPUS") -> HAPUS
A46: 45 | B46: K/3/151024/1 | C46: B. 613/ SUMUR PUTRI | D46: 45580.395 | E46: PERALIHAN JUAL BELI | F46: David | G46: DISERAHKAN BT | H46: 45580.668 | I46: TRUE | J46: 45650.699 | K46: 7 | L46: DISERAHKAN BT_7 | M46: =_xlfn.IFNA(VLOOKUP(B46,Dashboard!$B$2:$V$1276,21,0),"HAPUS") -> HAPUS
A47: 46 | B47: K/4/151024/1 | C47: M. 10315/ Rajabasa | D47: 45580.398 | E47: Roya | F47: David | G47: DISERAHKAN BT | H47: 45580.669 | I47: FALSE | K47: 8 | L47: DISERAHKAN BT_8 | M47: =_xlfn.IFNA(VLOOKUP(B47,Dashboard!$B$2:$V$1276,21,0),"HAPUS") -> HAPUS
A48: 47 | B48: K/5/151024/2 | C48: M. 1952/ Langkapura | D48: 45580.401 | E48: Roya | F48: David | G48: DISERAHKAN BT | H48: 45580.669 | I48: FALSE | K48: 9 | L48: DISERAHKAN BT_9 | M48: =_xlfn.IFNA(VLOOKUP(B48,Dashboard!$B$2:$V$1276,21,0),"HAPUS") -> HAPUS
A49: 48 | B49: L/8/151024/1 | C49: NIB 0801000002556/KEMILING PERMAI | D49: 45580.407 | E49: PERUBAHAN HAK | I49: FALSE | K49: 0 | L49: _0 | M49: =_xlfn.IFNA(VLOOKUP(B49,Dashboard!$B$2:$V$1276,21,0),"HAPUS") -> HAPUS
A50: 49 | B50: K/7/151024/1 | C50: NIBEL 874/ BUMI KEDAMAIAN | D50: 45580.408 | E50: PERALIHAN JUAL BELI | I50: FALSE | K50: 0 | L50: _0 | M50: =_xlfn.IFNA(VLOOKUP(B50,Dashboard!$B$2:$V$1276,21,0),"HAPUS") -> HAPUS
A51: 50 | B51: K/6/151024/1 | C51: M. 1931/ Campang Jaya | D51: 45580.412 | E51: BN Jual Beli | F51: David | G51: DISERAHKAN BT | H51: 45580.667 | I51: FALSE | K51: 10 | L51: DISERAHKAN BT_10 | M51: =_xlfn.IFNA(VLOOKUP(B51,Dashboard!$B$2:$V$1276,21,0),"HAPUS") -> HAPUS
A52: 51 | B52: K/9/151024/2 | C52: M. 2400/ NOG; M. 811/ Bakung; M. 131/NOG: | D52: 45580.419 | E52: BN Jual Beli | F52: David | G52: DISERAHKAN BT | H52: 45580.668 | I52: TRUE | J52: 45645.418 | K52: 11 | L52: DISERAHKAN BT_11 | M52: =_xlfn.IFNA(VLOOKUP(B52,Dashboard!$B$2:$V$1276,21,0),"HAPUS") -> HAPUS
A53: 52 | B53: L/10/151024/1 | C53: B.561/NUSANTARA PERMAI;B.329/CAMPANG RAYA-DAHULU | D53: 45580.422 | E53: PERUBAHAN HAK | F53: David | G53: DISERAHKAN | H53: 45580.46 | I53: FALSE | K53: 26 | L53: DISERAHKAN_26 | M53: =_xlfn.IFNA(VLOOKUP(B53,Dashboard!$B$2:$V$1276,21,0),"HAPUS") -> BELUM SPS
A54: 53 | B54: K/11/151024/1 | C54: Nibel. M. 1869/ Sepang Jaya | D54: 45580.424 | E54: BN Jual Beli | I54: FALSE | K54: 0 | L54: _0 | M54: =_xlfn.IFNA(VLOOKUP(B54,Dashboard!$B$2:$V$1276,21,0),"HAPUS") -> HAPUS
A55: 54 | B55: K/12/151024/2 | C55: M. 288/ Kaliawi | D55: 45580.426 | E55: BN Jual Beli | F55: David | G55: DISERAHKAN | H55: 45587.642 | I55: TRUE | J55: 45593.413 | K55: 27 | L55: DISERAHKAN_27 | M55: =_xlfn.IFNA(VLOOKUP(B55,Dashboard!$B$2:$V$1276,21,0),"HAPUS") -> BELUM SPS
A56: 55 | B56: K/13/151024/3 | C56: M. 41/ Kota Sepang | D56: 45580.427 | E56: BN Jual Beli | F56: Berry | G56: DISERAHKAN | H56: 45581.408 | I56: TRUE | J56: 45645.668 | K56: 28 | L56: DISERAHKAN_28 | M56: =_xlfn.IFNA(VLOOKUP(B56,Dashboard!$B$2:$V$1276,21,0),"HAPUS") -> HAPUS
A57: 56 | B57: K/14/151024/1 | C57: M. 3901/ Tanjung Senang | D57: 45580.43 | E57: Roya | F57: Berry | G57: DISERAHKAN | H57: 45581.35 | I57: TRUE | J57: 45615.664 | K57: 29 | L57: DISERAHKAN_29 | M57: =_xlfn.IFNA(VLOOKUP(B57,Dashboard!$B$2:$V$1276,21,0),"HAPUS") -> HAPUS
A58: 57 | B58: K/15/151024/1 | C58: M. 2424/ KEDAUNG | D58: 45580.438 | E58: BN JUAL BELI | F58: David | G58: DISERAHKAN | H58: 45581.421 | I58: TRUE | J58: 45645.422 | K58: 30 | L58: DISERAHKAN_30 | M58: =_xlfn.IFNA(VLOOKUP(B58,Dashboard!$B$2:$V$1276,21,0),"HAPUS") -> HAPUS
A59: 58 | B59: K/16/151024/2 | C59: M. 2418/ KEDAUNG | D59: 45580.441 | E59: BN JUAL BELI | F59: David | G59: DISERAHKAN | H59: 45581.421 | I59: TRUE | J59: 45649.429 | K59: 31 | L59: DISERAHKAN_31 | M59: =_xlfn.IFNA(VLOOKUP(B59,Dashboard!$B$2:$V$1276,21,0),"HAPUS") -> HAPUS
A60: 59 | B60: L/18/151024/1 | C60: HM 1527/RAJABASA NUNYAI (SUPER PRIORITAS) | D60: 45580.443 | E60: BN JUAL BELI | F60: Berry | G60: DISERAHKAN | H60: 45581.35 | I60: TRUE | J60: 45644.432 | K60: 32 | L60: DISERAHKAN_32 | M60: =_xlfn.IFNA(VLOOKUP(B60,Dashboard!$B$2:$V$1276,21,0),"HAPUS") -> BELUM SPS
A61: 60 | B61: L/19/151024/1 | C61: M.178/GARUNTANG | D61: 45580.446 | E61: GANDES | I61: FALSE | K61: 0 | L61: _0 | M61: =_xlfn.IFNA(VLOOKUP(B61,Dashboard!$B$2:$V$1276,21,0),"HAPUS") -> HAPUS
A62: 61 | B62: L/20/151024/1 | C62: NIB 0801000023950/SUKARAME | D62: 45580.455 | E62: GANTI NAMA | I62: FALSE | K62: 0 | L62: _0 | M62: =_xlfn.IFNA(VLOOKUP(B62,Dashboard!$B$2:$V$1276,21,0),"HAPUS") -> BELUM SPS
A63: 62 | B63: K/17/151024/1 | C63: M. 13602/ SEGALA MIDER | D63: 45580.47 | E63: BN JUAL BELI | F63: Berry | G63: DISERAHKAN | H63: 45581.349 | I63: TRUE | J63: 45656.418 | K63: 33 | L63: DISERAHKAN_33 | M63: =_xlfn.IFNA(VLOOKUP(B63,Dashboard!$B$2:$V$1276,21,0),"HAPUS") -> HAPUS
A64: 63 | B64: K/21/151024/1 | C64: M. 652/ PINANG JAYA | D64: 45580.473 | E64: BN JUAL BELI | G64: PROSES | I64: FALSE | K64: 2 | L64: PROSES_2 | M64: =_xlfn.IFNA(VLOOKUP(B64,Dashboard!$B$2:$V$1276,21,0),"HAPUS") -> BELUM SPS
A65: 64 | B65: K/24/151024/1 | C65: M. 2009/ Campang Jaya | D65: 45580.473 | E65: Pengecekan | I65: FALSE | K65: 0 | L65: _0 | M65: =_xlfn.IFNA(VLOOKUP(B65,Dashboard!$B$2:$V$1276,21,0),"HAPUS") -> HAPUS
A66: 65 | B66: L/26/151024/1 | C66: HM 401/KALI BALAU KENCANA | D66: 45580.474 | E66: ROYA | F66: Berry | G66: DISERAHKAN | H66: 45581.35 | I66: FALSE | K66: 34 | L66: DISERAHKAN_34 | M66: =_xlfn.IFNA(VLOOKUP(B66,Dashboard!$B$2:$V$1276,21,0),"HAPUS") -> BELUM SPS
A67: 66 | B67: K/25/151024/2 | C67: M. 2010/ Campang Jaya | D67: 45580.476 | E67: Pengecekan | I67: FALSE | K67: 0 | L67: _0 | M67: =_xlfn.IFNA(VLOOKUP(B67,Dashboard!$B$2:$V$1276,21,0),"HAPUS") -> HAPUS
A68: 67 | B68: K/22/151024/2 | C68: NIBEL 3118/ SEGALA MIDER | D68: 45580.477 | E68: BN JUAL BELI | I68: FALSE | K68: 0 | L68: _0 | M68: =_xlfn.IFNA(VLOOKUP(B68,Dashboard!$B$2:$V$1276,21,0),"HAPUS") -> HAPUS
A69: 68 | B69: K/27/151024/1 | C69: M.629/RAWA LAUT | D69: 45580.478 | E69: GANDES | G69: DISERAHKAN | H69: 45581.564 | I69: FALSE | K69: 35 | L69: DISERAHKAN_35 | M69: =_xlfn.IFNA(VLOOKUP(B69,Dashboard!$B$2:$V$1276,21,0),"HAPUS") -> HAPUS
A70: 69 | B70: K/23/151024/3 | C70: M. 509/ LABUHAN RATU RAYA | D70: 45580.48 | E70: BN JUAL BELI | F70: David | G70: DISERAHKAN | H70: 45581.348 | I70: FALSE | K70: 36 | L70: DISERAHKAN_36 | M70: =_xlfn.IFNA(VLOOKUP(B70,Dashboard!$B$2:$V$1276,21,0),"HAPUS") -> HAPUS
A71: 70 | B71: K/28/151024/1 | C71: B. 309/ Way Kandis | D71: 45580.482 | E71: Gandes | I71: FALSE | K71: 0 | L71: _0 | M71: =_xlfn.IFNA(VLOOKUP(B71,Dashboard!$B$2:$V$1276,21,0),"HAPUS") -> HAPUS
A72: 71 | B72: K/29/151024/2 | C72: Nibel. B. 2015/ Pinang Jaya | D72: 45580.484 | E72: Perubahan Hak | I72: FALSE | K72: 0 | L72: _0 | M72: =_xlfn.IFNA(VLOOKUP(B72,Dashboard!$B$2:$V$1276,21,0),"HAPUS") -> HAPUS
A73: 72 | B73: K/30/151024/1 | C73: M.3814/SUKADANAHAM | D73: 45580.545 | E73: HAPUS BPHTB | F73: David | G73: DISERAHKAN | H73: 45581.349 | I73: FALSE | K73: 37 | L73: DISERAHKAN_37 | M73: =_xlfn.IFNA(VLOOKUP(B73,Dashboard!$B$2:$V$1276,21,0),"HAPUS") -> HAPUS
A74: 73 | B74: L/31/151024/1 | C74: B.91/GUNUNG TERANG | D74: 45580.57 | E74: PERUBAHAN HAK | F74: Bayu | G74: DISERAHKAN | H74: 45594.453 | I74: FALSE | K74: 38 | L74: DISERAHKAN_38 | M74: =_xlfn.IFNA(VLOOKUP(B74,Dashboard!$B$2:$V$1276,21,0),"HAPUS") -> HAPUS
A75: 74 | B75: K/32/151024/1 | C75: M. 11169/ Tanjung Baru | D75: 45580.576 | E75: Cabut Blokir | I75: FALSE | K75: 0 | L75: _0 | M75: =_xlfn.IFNA(VLOOKUP(B75,Dashboard!$B$2:$V$1276,21,0),"HAPUS") -> HAPUS
A76: 75 | B76: K/34/151024/2 | C76: M. 1311/ Beringin Jaya; dahulu B. 2093/ Beringin Raya | D76: 45580.579 | E76: BN Hibah | F76: David | G76: DISERAHKAN | H76: 45581.409 | I76: FALSE | K76: 39 | L76: DISERAHKAN_39 | M76: =_xlfn.IFNA(VLOOKUP(B76,Dashboard!$B$2:$V$1276,21,0),"HAPUS") -> HAPUS
A77: 76 | B77: K/36/151024/1 | C77: M.4791/BERINGIN RAYA-SEKARANG;B.1135/SUMBERREJO-DAHULU | D77: 45580.582 | E77: PERALIHAN LELANG | G77: PROSES | I77: FALSE | K77: 3 | L77: PROSES_3 | M77: =_xlfn.IFNA(VLOOKUP(B77,Dashboard!$B$2:$V$1276,21,0),"HAPUS") -> BELUM SPS
A78: 77 | B78: K/33/151024/1 | C78: M. 933/ Sukarame | D78: 45580.582 | E78: Gandes | I78: FALSE | K78: 0 | L78: _0 | M78: =_xlfn.IFNA(VLOOKUP(B78,Dashboard!$B$2:$V$1276,21,0),"HAPUS") -> HAPUS
A79: 78 | B79: K/37/151024/1 | C79: M. 3954/ BERINGIN RAYA-SEKARANG; B.4107/ BERINGIN RAYA-DAHULU | D79: 45580.584 | E79: GANTI KELURAHAN | G79: DISERAHKAN | H79: 45581.564 | I79: FALSE | K79: 40 | L79: DISERAHKAN_40 | M79: =_xlfn.IFNA(VLOOKUP(B79,Dashboard!$B$2:$V$1276,21,0),"HAPUS") -> HAPUS
A80: 79 | B80: L/35/151024/1 | C80: HM 479/HARAPAN JAYA (DAHULU)-HM 49/KORPRI JAYA (SEKARANG) | D80: 45580.585 | E80: BN PUTUSAN PENGADILAN (AHLI WARIS) | F80: David | G80: DISERAHKAN | H80: 45581.348 | I80: FALSE | K80: 41 | L80: DISERAHKAN_41 | M80: =_xlfn.IFNA(VLOOKUP(B80,Dashboard!$B$2:$V$1276,21,0),"HAPUS") -> BELUM SPS
A81: 80 | B81: K/38/151024/2 | C81: M. 1904/ KALIAWI | D81: 45580.585 | E81: GANDES | G81: DISERAHKAN | H81: 45581.564 | I81: FALSE | K81: 42 | L81: DISERAHKAN_42 | M81: =_xlfn.IFNA(VLOOKUP(B81,Dashboard!$B$2:$V$1276,21,0),"HAPUS") -> HAPUS
A82: 81 | B82: K/39/151024/1 | C82: M.13978/TANJUNG BARU | D82: 45580.588 | E82: PERALIHAN JUAL BELI | F82: David | G82: DISERAHKAN | H82: 45581.349 | I82: FALSE | K82: 43 | L82: DISERAHKAN_43 | M82: =_xlfn.IFNA(VLOOKUP(B82,Dashboard!$B$2:$V$1276,21,0),"HAPUS") -> HAPUS
A83: 82 | B83: K/40/151024/1 | C83: M. 2800/ Sumber Rejo | D83: 45580.59 | E83: BN Jual Beli | F83: Berry | G83: DISERAHKAN | H83: 45582.35 | I83: TRUE | J83: 45645.419 | K83: 44 | L83: DISERAHKAN_44 | M83: =_xlfn.IFNA(VLOOKUP(B83,Dashboard!$B$2:$V$1276,21,0),"HAPUS") -> HAPUS
A84: 83 | B84: L/43/151024/1 | C84: HM 4010/TANJUNG SENANG | D84: 45580.592 | E84: ROYA | F84: Berry | G84: DISERAHKAN | H84: 45581.35 | I84: FALSE | K84: 45 | L84: DISERAHKAN_45 | M84: =_xlfn.IFNA(VLOOKUP(B84,Dashboard!$B$2:$V$1276,21,0),"HAPUS") -> BELUM SPS
A85: 84 | B85: K/41/151024/2 | C85: M. 11294/ Labuhan Ratu | D85: 45580.594 | E85: BN Jual Beli | F85: David | G85: DISERAHKAN | H85: 45581.349 | I85: FALSE | K85: 46 | L85: DISERAHKAN_46 | M85: =_xlfn.IFNA(VLOOKUP(B85,Dashboard!$B$2:$V$1276,21,0),"HAPUS") -> BELUM SPS
A86: 85 | B86: K/44/151024/1 | C86: M.1375/PERUMNAS WAY HALIM-SEKARANG;B.2097/KEDATON-DAHULU | D86: 45580.595 | E86: SKPT | I86: FALSE | K86: 0 | L86: _0 | M86: =_xlfn.IFNA(VLOOKUP(B86,Dashboard!$B$2:$V$1276,21,0),"HAPUS") -> HAPUS
A87: 86 | B87: K/42/151024/3 | C87: M. 2589/ Kota Baru | D87: 45580.597 | E87: BN Kewarisan | F87: Berry | G87: DISERAHKAN | H87: 45581.35 | I87: FALSE | K87: 47 | L87: DISERAHKAN_47 | M87: =_xlfn.IFNA(VLOOKUP(B87,Dashboard!$B$2:$V$1276,21,0),"HAPUS") -> BELUM SPS
A88: 87 | B88: K/47/151024/1 | C88: B. 176/ LABUHAN RATU RAYA | D88: 45580.6 | E88: BN JUAL BELI | F88: David | G88: DISERAHKAN | H88: 45581.349 | I88: TRUE | J88: 45649.427 | K88: 48 | L88: DISERAHKAN_48 | M88: =_xlfn.IFNA(VLOOKUP(B88,Dashboard!$B$2:$V$1276,21,0),"HAPUS") -> HAPUS
A89: 88 | B89: K/48/151024/1 | C89: M.550/KORPRI RAYA-SEKARANG;M.10135/SUKARAME U-DAHULU | D89: 45580.604 | E89: PERALIHAN JUAL BELI | F89: David | G89: DISERAHKAN | H89: 45581.409 | I89: TRUE | J89: 45649.428 | K89: 49 | L89: DISERAHKAN_49 | M89: =_xlfn.IFNA(VLOOKUP(B89,Dashboard!$B$2:$V$1276,21,0),"HAPUS") -> HAPUS
A90: 89 | B90: L/49/151024/1 | C90: B.238/BERINGIN RAYA;B.238/BERINGIN JAYA-DAHULU | D90: 45580.609 | E90: PERUBAHAN HAK | F90: Berry | G90: DISERAHKAN | H90: 45581.349 | I90: FALSE | K90: 50 | L90: DISERAHKAN_50 | M90: =_xlfn.IFNA(VLOOKUP(B90,Dashboard!$B$2:$V$1276,21,0),"HAPUS") -> BELUM SPS
A91: 90 | B91: L/50/151024/1 | C91: HM 1763/RAJABASA NUNYAI | D91: 45580.61 | E91: BN JUAL-BELI | F91: Berry | G91: DISERAHKAN | H91: 45581.349 | I91: FALSE | K91: 51 | L91: DISERAHKAN_51 | M91: =_xlfn.IFNA(VLOOKUP(B91,Dashboard!$B$2:$V$1276,21,0),"HAPUS") -> HAPUS
A92: 91 | B92: K/51/151024/1 | C92: M. 2411/ Kota Karang | D92: 45580.615 | E92: Gandes | I92: FALSE | K92: 0 | L92: _0 | M92: =_xlfn.IFNA(VLOOKUP(B92,Dashboard!$B$2:$V$1276,21,0),"HAPUS") -> HAPUS
A93: 92 | B93: K/52/151024/1 | C93: M. 579/ KUPANG KOTA | D93: 45580.619 | E93: BN WARIS | F93: David | G93: DISERAHKAN | H93: 45582.586 | I93: TRUE | J93: 45649.428 | K93: 52 | L93: DISERAHKAN_52 | M93: =_xlfn.IFNA(VLOOKUP(B93,Dashboard!$B$2:$V$1276,21,0),"HAPUS") -> HAPUS
A94: 93 | B94: K/53/151024/4 | C94: M. 672/ Tanjung Karang | D94: 45580.625 | E94: Gandes | F94: Bayu | G94: DISERAHKAN | H94: 45581.564 | I94: FALSE | K94: 53 | L94: DISERAHKAN_53 | M94: =_xlfn.IFNA(VLOOKUP(B94,Dashboard!$B$2:$V$1276,21,0),"HAPUS") -> HAPUS
A95: 94 | B95: K/54/151024/1 | C95: M.131/PENGAJARAN | D95: 45580.632 | E95: PLOTING | I95: FALSE | K95: 0 | L95: _0 | M95: =_xlfn.IFNA(VLOOKUP(B95,Dashboard!$B$2:$V$1276,21,0),"HAPUS") -> HAPUS
A96: 95 | B96: K/55/151024/1 | C96: M. 1402/ Tanjung Raya | D96: 45580.632 | E96: BN Jual Beli | F96: David | G96: DISERAHKAN | H96: 45582.586 | I96: TRUE | J96: 45657.389 | K96: 54 | L96: DISERAHKAN_54 | M96: =_xlfn.IFNA(VLOOKUP(B96,Dashboard!$B$2:$V$1276,21,0),"HAPUS") -> HAPUS
A97: 96 | B97: K/56/151024/2 | C97: M. 345/ Rajabasa Jaya; dahulu M. 9164/Rajabasa | D97: 45580.634 | E97: Ploting | I97: FALSE | K97: 0 | L97: _0 | M97: =_xlfn.IFNA(VLOOKUP(B97,Dashboard!$B$2:$V$1276,21,0),"HAPUS") -> HAPUS
A98: 97 | B98: K/57/151024/3 | C98: M. 590/ Pematang Wangi; 382/ Tanjung Senang dahulu | D98: 45580.636 | E98: Roya | F98: David | G98: DISERAHKAN | H98: 45582.586 | I98: FALSE | K98: 55 | L98: DISERAHKAN_55 | M98: =_xlfn.IFNA(VLOOKUP(B98,Dashboard!$B$2:$V$1276,21,0),"HAPUS") -> HAPUS
A99: 98 | B99: L/58/151024/1 | C99: HM 730/SAWAH LAMA | D99: 45580.641 | E99: PENGHAPUSAN BPHTB | I99: FALSE | K99: 0 | L99: _0 | M99: =_xlfn.IFNA(VLOOKUP(B99,Dashboard!$B$2:$V$1276,21,0),"HAPUS") -> HAPUS
A100: 99 | B100: K/59/151024/1 | C100: B.522/BERINGIN JAYA | D100: 45580.647 | E100: PERALIHAN JUAL BELI | F100: David | G100: DISERAHKAN | H100: 45582.586 | I100: FALSE | K100: 56 | L100: DISERAHKAN_56 | M100: =_xlfn.IFNA(VLOOKUP(B100,Dashboard!$B$2:$V$1276,21,0),"HAPUS") -> BELUM SPS
...

Sheet Validator
A1: No | B1: Nomor Sertipikat | C1: Nomor Tiket | D1: Tanggal Diserhkan BT SU | E1: Petugas Warkah | F1: Jenis Permohonan | G1: Nama Petugas BT | H1: Status BT | I1: Tanggal Selesai Validasi BT | J1: Nama Petugas Validator SU | K1: Status Validasi SU | L1: Tanggal Selesai Validasi SU | M1: Kesimupulan Validator | N1: Tangal BT SU Selesai | O1: Ceklis | P1: Diberikan kepada Petugas Alih Media | Q1: Ceklis kembali ke Warkah Sementara | R1: DIberikan Kepada Warkah Sementara | S1: Keterangan Validator | T1: Cek Hapus
A2: 1 | B2: M. 6977/ TANJUNG SENANG | C2: K/22/141024/1 | D2: 45579.628 | E2: Berry | F2: PERALIHAN JUAL BELI | G2: Nadian (BT) | H2: SELESAI | I2: 45580.466 | J2: Aprill (SU) | K2: SELESAI | L2: 45581.418 | M2: SELESAI | N2: 45581.418 | O2: FALSE | Q2: TRUE | R2: 45581.42 | T2: =_xlfn.IFNA(VLOOKUP(C2,Dashboard!$B$2:$V$1276,21,0),"HAPUS") -> HAPUS
A3: 2 | B3: M.16678/SUKABUMI | C3: K/19/141024/1 | D3: 45579.627 | E3: Berry | F3: PERALIHAN JUAL BELI | G3: Nadian (BT) | H3: SELESAI | I3: 45580.469 | J3: Aprill (SU) | K3: SELESAI | L3: 45581.418 | M3: SELESAI | N3: 45581.418 | O3: FALSE | Q3: TRUE | R3: 45581.42 | T3: =_xlfn.IFNA(VLOOKUP(C3,Dashboard!$B$2:$V$1276,21,0),"HAPUS") -> HAPUS
A4: 3 | B4: B. 613/ SUMUR PUTRI | C4: K/3/151024/1 | D4: 45580.668 | E4: David | F4: PERALIHAN JUAL BELI | G4: Nadian (BT) | H4: SELESAI | I4: 45580.472 | J4: Aprill (SU) | K4: SELESAI | L4: 45581.418 | M4: SELESAI | N4: 45581.418 | O4: FALSE | Q4: TRUE | R4: 45581.42 | T4: =_xlfn.IFNA(VLOOKUP(C4,Dashboard!$B$2:$V$1276,21,0),"HAPUS") -> HAPUS
A5: 4 | B5: HM 17565/SUKARAME I | C5: L/2/141024/1 | D5: 45579.631 | E5: Berry | F5: ROYA | G5: Afriza (BT) | H5: SELESAI | I5: 45580.701 | J5: Aprill (SU) | K5: SELESAI | L5: 45580.725 | M5: SELESAI | N5: 45580.725 | O5: FALSE | Q5: TRUE | R5: 45581.42 | T5: =_xlfn.IFNA(VLOOKUP(C5,Dashboard!$B$2:$V$1276,21,0),"HAPUS") -> HAPUS
A6: 5 | B6: M.1088/NEGERI OLOK GADING-SEKARANG;B.1201/NEGERI OLOK GADING-DAHULU | C6: K/13/141024/2 | D6: 45579.63 | E6: Berry | F6: ROYA | G6: Afriza (BT) | H6: SELESAI | I6: 45580.701 | J6: Aprill (SU) | K6: SELESAI | L6: 45580.725 | M6: SELESAI | N6: 45580.725 | O6: FALSE | Q6: TRUE | R6: 45581.42 | T6: =_xlfn.IFNA(VLOOKUP(C6,Dashboard!$B$2:$V$1276,21,0),"HAPUS") -> BELUM SPS
A7: 6 | B7: M.988/NEGERI OLOK GADING-SEKARANG;B.1050/NEGERI OLOK GADING-DAHULU | C7: K/14/141024/3 | D7: 45579.631 | E7: Berry | F7: ROYA | G7: Afriza (BT) | H7: SELESAI | I7: 45580.701 | J7: Aprill (SU) | K7: SELESAI | L7: 45581.42 | M7: SELESAI | N7: 45581.42 | O7: FALSE | Q7: TRUE | R7: 45581.42 | T7: =_xlfn.IFNA(VLOOKUP(C7,Dashboard!$B$2:$V$1276,21,0),"HAPUS") -> HAPUS
A8: 7 | B8: B.895/BERINGIN JAYA | C8: K/28/141024/1 | D8: 45579.63 | E8: Berry | F8: PERALIHAN JUAL BELI | G8: Afriza (BT) | H8: SELESAI | I8: 45580.701 | J8: Aprill (SU) | K8: SELESAI | L8: 45580.725 | M8: SELESAI | N8: 45580.725 | O8: FALSE | Q8: TRUE | R8: 45581.42 | T8: =_xlfn.IFNA(VLOOKUP(C8,Dashboard!$B$2:$V$1276,21,0),"HAPUS") -> BELUM SPS
A9: 8 | B9: M.11980/JAGABAYA II | C9: K/9/141024/1 | D9: 45579.63 | E9: Berry | F9: ROYA | G9: Afriza (BT) | H9: SELESAI | I9: 45580.701 | J9: Aprill (SU) | K9: SELESAI | L9: 45580.725 | M9: SELESAI | N9: 45580.725 | O9: FALSE | Q9: TRUE | R9: 45581.42 | T9: =_xlfn.IFNA(VLOOKUP(C9,Dashboard!$B$2:$V$1276,21,0),"HAPUS") -> HAPUS
A10: 9 | B10: HM 2144/WAY KANDIS | C10: L/17/141024/1 | D10: 45579.63 | E10: Berry | F10: ROYA | G10: Afriza (BT) | H10: SELESAI | I10: 45580.701 | J10: Aprill (SU) | K10: SELESAI | L10: 45580.725 | M10: SELESAI | N10: 45580.725 | O10: TRUE | P10: 45616.431 | Q10: / | T10: =_xlfn.IFNA(VLOOKUP(C10,Dashboard!$B$2:$V$1276,21,0),"HAPUS") -> HAPUS
A11: 10 | B11: M.2617/WAY KANDIS | C11: K/30/141024/1 | D11: 45579.632 | E11: Berry | F11: ROYA | G11: Afriza (BT) | H11: SELESAI | I11: 45580.701 | J11: Aprill (SU) | K11: SELESAI | L11: 45581.42 | M11: SELESAI | N11: 45581.42 | O11: FALSE | Q11: TRUE | R11: 45581.42 | T11: =_xlfn.IFNA(VLOOKUP(C11,Dashboard!$B$2:$V$1276,21,0),"HAPUS") -> HAPUS
A12: 11 | B12: M.9974/TANJUNG BARU | C12: L/5/141024/1 | D12: 45579.629 | E12: Berry | F12: ROYA | G12: Afriza (BT) | H12: SELESAI | I12: 45580.701 | J12: Aprill (SU) | K12: SELESAI | L12: 45580.726 | M12: SELESAI | N12: 45580.726 | O12: FALSE | Q12: TRUE | R12: 45581.419 | T12: =_xlfn.IFNA(VLOOKUP(C12,Dashboard!$B$2:$V$1276,21,0),"HAPUS") -> HAPUS
A13: 12 | B13: M. 133/ SUKARAME BARU- SEKARANG; B. 144/ SUKARAME BARU-DAHULU; B. 4605/SUKARAME I-DAHULU | C13: K/25/141024/3 | D13: 45579.629 | E13: Berry | F13: PERALIHAN JUAL BELI | G13: Afriza (BT) | H13: SELESAI | I13: 45580.701 | J13: Aprill (SU) | K13: SELESAI | L13: 45580.727 | M13: SELESAI | N13: 45580.727 | O13: TRUE | P13: 45636.707 | Q13: TRUE | R13: 45581.419 | T13: =_xlfn.IFNA(VLOOKUP(C13,Dashboard!$B$2:$V$1276,21,0),"HAPUS") -> HAPUS
A14: 13 | B14: M. 1952/ Langkapura | C14: K/5/151024/2 | D14: 45580.669 | E14: David | F14: Roya | G14: Afriza (BT) | H14: SELESAI | I14: 45580.701 | J14: Aprill (SU) | K14: SELESAI | L14: 45580.727 | M14: SELESAI | N14: 45580.727 | O14: FALSE | Q14: TRUE | R14: 45581.419 | T14: =_xlfn.IFNA(VLOOKUP(C14,Dashboard!$B$2:$V$1276,21,0),"HAPUS") -> HAPUS
A15: 14 | B15: M.250/LANGKAPURA BARU | C15: K/36/141024/1 | D15: 45580.668 | E15: David | F15: PERALIHAN JUAL BELI | G15: Afriza (BT) | H15: SELESAI | I15: 45580.701 | J15: Aprill (SU) | K15: SELESAI | L15: 45580.728 | M15: SELESAI | N15: 45580.728 | O15: FALSE | Q15: TRUE | R15: 45581.419 | T15: =_xlfn.IFNA(VLOOKUP(C15,Dashboard!$B$2:$V$1276,21,0),"HAPUS") -> HAPUS
A16: 15 | B16: M. 1931/ Campang Jaya | C16: K/6/151024/1 | D16: 45580.667 | E16: David | F16: BN Jual Beli | G16: Afriza (BT) | H16: SELESAI | I16: 45580.701 | J16: Aprill (SU) | K16: SELESAI | L16: 45580.701 | M16: SELESAI | N16: 45580.701 | O16: FALSE | Q16: TRUE | R16: 45581.419 | T16: =_xlfn.IFNA(VLOOKUP(C16,Dashboard!$B$2:$V$1276,21,0),"HAPUS") -> HAPUS
A17: 16 | B17: M. 2283/ GEDONG AIR | C17: K/41/141024/1 | D17: 45580.668 | E17: David | F17: ROYA | G17: Afriza (BT) | H17: SELESAI | I17: 45580.701 | J17: Aprill (SU) | K17: SELESAI | L17: 45580.701 | M17: SELESAI | N17: 45580.701 | O17: FALSE | Q17: TRUE | R17: 45581.419 | T17: =_xlfn.IFNA(VLOOKUP(C17,Dashboard!$B$2:$V$1276,21,0),"HAPUS") -> HAPUS
A18: 17 | B18: B.561/NUSANTARA PERMAI;B.329/CAMPANG RAYA-DAHULU | C18: L/10/151024/1 | D18: 45580.46 | E18: David | F18: PERUBAHAN HAK | G18: Afriza (BT) | H18: SELESAI | I18: 45580.701 | J18: Aprill (SU) | K18: SELESAI | L18: 45580.725 | M18: SELESAI | N18: 45580.725 | O18: TRUE | P18: 45593.599 | Q18: TRUE | R18: 45581.419 | T18: =_xlfn.IFNA(VLOOKUP(C18,Dashboard!$B$2:$V$1276,21,0),"HAPUS") -> BELUM SPS
A19: 18 | B19: M. 10315/ Rajabasa | C19: K/4/151024/1 | D19: 45580.669 | E19: David | F19: Roya | G19: Nadian (BT) | H19: SELESAI | I19: 45580.701 | J19: Aprill (SU) | K19: SELESAI | L19: 45581.415 | M19: SELESAI | N19: 45581.415 | O19: FALSE | Q19: TRUE | R19: 45581.419 | S19: minta di plot ulang tidak sesuai dengan di warkah di kkp | T19: =_xlfn.IFNA(VLOOKUP(C19,Dashboard!$B$2:$V$1276,21,0),"HAPUS") -> HAPUS
A20: 19 | B20: M.2094/CAMPANG JAYA | C20: K/26/141024/1 | D20: 45579.627 | E20: Berry | F20: PERALIHAN JUAL BELI | G20: Nadian (BT) | H20: SELESAI | I20: 45580.701 | J20: Aprill (SU) | K20: SELESAI | L20: 45581.417 | M20: SELESAI | N20: 45581.417 | O20: FALSE | Q20: TRUE | R20: 45581.418 | T20: =_xlfn.IFNA(VLOOKUP(C20,Dashboard!$B$2:$V$1276,21,0),"HAPUS") -> HAPUS
A21: 20 | B21: M.3326/LANGKAPURA | C21: K/12/141024/1 | D21: 45579.627 | E21: Berry | F21: ROYA | G21: Nadian (BT) | H21: SELESAI | I21: 45580.701 | J21: Aprill (SU) | K21: SELESAI | L21: 45581.415 | M21: SELESAI | N21: 45581.415 | O21: FALSE | Q21: TRUE | R21: 45581.418 | S21: minta di plot ulang tidak sesuai dengan di warkah di kkp | T21: =_xlfn.IFNA(VLOOKUP(C21,Dashboard!$B$2:$V$1276,21,0),"HAPUS") -> HAPUS
A22: 21 | B22: M.676/SAWAH BREBES | C22: L/35/141024/1 | D22: 45580.668 | E22: David | F22: ROYA LELANG | G22: Nadian (BT) | H22: SELESAI | I22: 45580.701 | J22: Aprill (SU) | K22: SELESAI | L22: 45581.417 | M22: SELESAI | N22: 45581.417 | O22: FALSE | Q22: TRUE | R22: 45581.418 | T22: =_xlfn.IFNA(VLOOKUP(C22,Dashboard!$B$2:$V$1276,21,0),"HAPUS") -> HAPUS
A23: 22 | B23: M. 3157/ LABUHAN DALAM | C23: K/38/141024/1 | D23: 45580.668 | E23: David | F23: PERALIHAN HAK JUAL BELI | G23: Nadian (BT) | H23: SELESAI | I23: 45580.701 | J23: Aprill (SU) | K23: SELESAI | L23: 45581.374 | M23: SELESAI | N23: 45581.374 | O23: FALSE | Q23: TRUE | R23: 45581.418 | T23: =_xlfn.IFNA(VLOOKUP(C23,Dashboard!$B$2:$V$1276,21,0),"HAPUS") -> HAPUS
A24: 23 | B24: M. 2400/ NOG; M. 811/ Bakung; M. 131/NOG: | C24: K/9/151024/2 | D24: 45580.668 | E24: David | F24: BN Jual Beli | G24: Nadian (BT) | H24: SELESAI | I24: 45580.701 | J24: Aprill (SU) | K24: SELESAI | L24: 45581.415 | M24: SELESAI | N24: 45581.415 | O24: FALSE | Q24: TRUE | R24: 45581.418 | T24: =_xlfn.IFNA(VLOOKUP(C24,Dashboard!$B$2:$V$1276,21,0),"HAPUS") -> HAPUS
A25: 24 | B25: M.2064/GUNUNG TERANG | C25: L/24/141024/1 | D25: 45579.626 | E25: Berry | F25: ROYA | G25: Nadian (BT) | H25: SELESAI | I25: 45580.701 | J25: Aprill (SU) | K25: SELESAI | L25: 45581.37 | M25: SELESAI | N25: 45581.37 | O25: FALSE | Q25: TRUE | R25: 45581.418 | T25: =_xlfn.IFNA(VLOOKUP(C25,Dashboard!$B$2:$V$1276,21,0),"HAPUS") -> HAPUS
A26: 25 | B26: M.9137/GEDONG MENENG | C26: K/16/141024/1 | D26: 45579.627 | E26: Berry | F26: SKPT | G26: Nadian (BT) | H26: SELESAI | I26: 45580.701 | J26: Aprill (SU) | K26: SELESAI | L26: 45581.345 | M26: SELESAI | N26: 45581.345 | O26: FALSE | Q26: TRUE | R26: 45581.418 | T26: =_xlfn.IFNA(VLOOKUP(C26,Dashboard!$B$2:$V$1276,21,0),"HAPUS") -> HAPUS
A27: 26 | B27: HM 1812/TANJUNG SENANG | C27: L/21/141024/1 | D27: 45579.628 | E27: Berry | F27: ROYA | G27: Nadian (BT) | H27: SELESAI | I27: 45580.701 | J27: Aprill (SU) | K27: SELESAI | L27: 45581.346 | M27: SELESAI | N27: 45581.346 | O27: FALSE | Q27: TRUE | R27: 45581.418 | T27: =_xlfn.IFNA(VLOOKUP(C27,Dashboard!$B$2:$V$1276,21,0),"HAPUS") -> HAPUS
A28: 27 | B28: M.1540/GUNUNG TERANG;B.17/GU TERANG-DAHULU | C28: L/33/141024/1 | D28: 45580.668 | E28: David | F28: ROYA | G28: Nadian (BT) | H28: SELESAI | I28: 45580.701 | J28: Aprill (SU) | M28: BT atau SU Belum Valid | O28: FALSE | Q28: TRUE | R28: 45581.42 | S28: minta di plot ulang tidak sesuai dengan di warkah di kkp | T28: =_xlfn.IFNA(VLOOKUP(C28,Dashboard!$B$2:$V$1276,21,0),"HAPUS") -> HAPUS
A29: 28 | B29: HM 1527/RAJABASA NUNYAI (SUPER PRIORITAS) | C29: L/18/151024/1 | D29: 45581.35 | E29: Berry | F29: BN JUAL BELI | G29: Afriza (BT) | H29: SELESAI | I29: 45581.486 | J29: Aprill (SU) | K29: SELESAI | L29: 45581.483 | M29: SELESAI | N29: 45581.483 | O29: TRUE | P29: 45581.483 | Q29: FALSE | T29: =_xlfn.IFNA(VLOOKUP(C29,Dashboard!$B$2:$V$1276,21,0),"HAPUS") -> BELUM SPS
A30: 29 | B30: M. 41/ Kota Sepang | C30: K/13/151024/3 | D30: 45581.408 | E30: Berry | F30: BN Jual Beli | G30: Afriza (BT) | H30: SELESAI | I30: 45581.493 | J30: Bu Eva (SU) | K30: SELESAI | L30: 45582.613 | M30: SELESAI | N30: 45582.613 | O30: FALSE | Q30: TRUE | R30: 45582.613 | T30: =_xlfn.IFNA(VLOOKUP(C30,Dashboard!$B$2:$V$1276,21,0),"HAPUS") -> HAPUS
A31: 30 | B31: M. 3901/ Tanjung Senang | C31: K/14/151024/1 | D31: 45581.35 | E31: Berry | F31: Roya | G31: Afriza (BT) | H31: SELESAI | I31: 45581.584 | J31: Bu Eva (SU) | K31: SELESAI | L31: 45582.613 | M31: SELESAI | N31: 45582.613 | O31: FALSE | Q31: TRUE | R31: 45582.613 | T31: =_xlfn.IFNA(VLOOKUP(C31,Dashboard!$B$2:$V$1276,21,0),"HAPUS") -> HAPUS
A32: 31 | B32: HM 4010/TANJUNG SENANG | C32: L/43/151024/1 | D32: 45581.35 | E32: Berry | F32: ROYA | G32: Afriza (BT) | H32: SELESAI | I32: 45581.587 | J32: Bu Eva (SU) | K32: SELESAI | L32: 45582.613 | M32: SELESAI | N32: 45582.613 | O32: FALSE | Q32: TRUE | R32: 45582.613 | T32: =_xlfn.IFNA(VLOOKUP(C32,Dashboard!$B$2:$V$1276,21,0),"HAPUS") -> BELUM SPS
A33: 32 | B33: M. 2589/ Kota Baru | C33: K/42/151024/3 | D33: 45581.35 | E33: Berry | F33: BN Kewarisan | G33: Afriza (BT) | H33: SELESAI | I33: 45581.589 | J33: Bu Eva (SU) | K33: SELESAI | L33: 45582.613 | M33: SELESAI | N33: 45582.613 | O33: FALSE | Q33: TRUE | R33: 45582.613 | T33: =_xlfn.IFNA(VLOOKUP(C33,Dashboard!$B$2:$V$1276,21,0),"HAPUS") -> BELUM SPS
A34: 33 | B34: M. 1311/ Beringin Jaya; dahulu B. 2093/ Beringin Raya | C34: K/34/151024/2 | D34: 45581.409 | E34: David | F34: BN Hibah | G34: Afriza (BT) | H34: SELESAI | I34: 45581.592 | J34: Bu Eva (SU) | K34: SELESAI | L34: 45582.613 | M34: SELESAI | N34: 45582.613 | O34: FALSE | Q34: TRUE | R34: 45582.613 | T34: =_xlfn.IFNA(VLOOKUP(C34,Dashboard!$B$2:$V$1276,21,0),"HAPUS") -> HAPUS
A35: 34 | B35: M.550/KORPRI RAYA-SEKARANG;M.10135/SUKARAME U-DAHULU | C35: K/48/151024/1 | D35: 45581.409 | E35: David | F35: PERALIHAN JUAL BELI | G35: Afriza (BT) | H35: SELESAI | I35: 45581.595 | J35: Bu Eva (SU) | K35: SELESAI | L35: 45583.71 | M35: SELESAI | N35: 45583.71 | O35: FALSE | Q35: TRUE | R35: 45583.71 | T35: =_xlfn.IFNA(VLOOKUP(C35,Dashboard!$B$2:$V$1276,21,0),"HAPUS") -> HAPUS
A36: 35 | B36: HM 401/KALI BALAU KENCANA | C36: L/26/151024/1 | D36: 45581.35 | E36: Berry | F36: ROYA | G36: Afriza (BT) | H36: SELESAI | I36: 45581.624 | J36: Bu Eva (SU) | K36: SELESAI | L36: 45594.404 | M36: SELESAI | N36: 45594.404 | O36: FALSE | Q36: FALSE | T36: =_xlfn.IFNA(VLOOKUP(C36,Dashboard!$B$2:$V$1276,21,0),"HAPUS") -> BELUM SPS
A37: 36 | B37: M. 2418/ KEDAUNG | C37: K/16/151024/2 | D37: 45581.421 | E37: David | F37: BN JUAL BELI | G37: Afriza (BT) | H37: SELESAI | I37: 45581.628 | J37: Bu Eva (SU) | K37: SELESAI | L37: 45582.613 | M37: SELESAI | N37: 45582.613 | O37: FALSE | Q37: TRUE | R37: 45582.613 | T37: =_xlfn.IFNA(VLOOKUP(C37,Dashboard!$B$2:$V$1276,21,0),"HAPUS") -> HAPUS
A38: 37 | B38: M. 2424/ KEDAUNG | C38: K/15/151024/1 | D38: 45581.421 | E38: David | F38: BN JUAL BELI | G38: Afriza (BT) | H38: SELESAI | I38: 45581.628 | J38: Bu Eva (SU) | K38: SELESAI | L38: 45582.613 | M38: SELESAI | N38: 45582.613 | O38: FALSE | Q38: TRUE | R38: 45582.613 | T38: =_xlfn.IFNA(VLOOKUP(C38,Dashboard!$B$2:$V$1276,21,0),"HAPUS") -> HAPUS
A39: 38 | B39: M. 13602/ SEGALA MIDER | C39: K/17/151024/1 | D39: 45581.349 | E39: Berry | F39: BN JUAL BELI | G39: Nadian (BT) | H39: SELESAI | I39: 45581.647 | J39: Bu Eva (SU) | K39: SELESAI | L39: 45582.614 | M39: SELESAI | N39: 45582.614 | O39: FALSE | Q39: TRUE | R39: 45582.614 | T39: =_xlfn.IFNA(VLOOKUP(C39,Dashboard!$B$2:$V$1276,21,0),"HAPUS") -> HAPUS
A40: 39 | B40: M. 509/ LABUHAN RATU RAYA | C40: K/23/151024/3 | D40: 45581.348 | E40: David | F40: BN JUAL BELI | G40: Nadian (BT) | H40: SELESAI | I40: 45581.647 | J40: Bu Eva (SU) | K40: SELESAI | L40: 45582.615 | M40: SELESAI | N40: 45582.615 | O40: FALSE | Q40: TRUE | R40: 45582.615 | T40: =_xlfn.IFNA(VLOOKUP(C40,Dashboard!$B$2:$V$1276,21,0),"HAPUS") -> HAPUS
A41: 40 | B41: B. 176/ LABUHAN RATU RAYA | C41: K/47/151024/1 | D41: 45581.349 | E41: David | F41: BN JUAL BELI | G41: Nadian (BT) | H41: SELESAI | I41: 45581.647 | J41: Bu Eva (SU) | K41: SELESAI | L41: 45582.615 | M41: SELESAI | N41: 45582.615 | O41: FALSE | Q41: TRUE | R41: 45582.615 | T41: =_xlfn.IFNA(VLOOKUP(C41,Dashboard!$B$2:$V$1276,21,0),"HAPUS") -> HAPUS
A42: 41 | B42: B.238/BERINGIN RAYA;B.238/BERINGIN JAYA-DAHULU | C42: L/49/151024/1 | D42: 45581.349 | E42: Berry | F42: PERUBAHAN HAK | G42: Nadian (BT) | H42: SELESAI | I42: 45581.647 | J42: Aprill (SU) | K42: SELESAI | L42: 45582.615 | M42: SELESAI | N42: 45582.615 | O42: FALSE | Q42: TRUE | R42: 45582.615 | T42: =_xlfn.IFNA(VLOOKUP(C42,Dashboard!$B$2:$V$1276,21,0),"HAPUS") -> BELUM SPS
A43: 42 | B43: HM 1763/RAJABASA NUNYAI | C43: L/50/151024/1 | D43: 45581.349 | E43: Berry | F43: BN JUAL-BELI | G43: Nadian (BT) | H43: SELESAI | I43: 45581.648 | J43: Bu Eva (SU) | K43: SELESAI | L43: 45582.616 | M43: SELESAI | N43: 45582.616 | O43: FALSE | Q43: TRUE | R43: 45582.616 | T43: =_xlfn.IFNA(VLOOKUP(C43,Dashboard!$B$2:$V$1276,21,0),"HAPUS") -> HAPUS
A44: 43 | B44: M.3814/SUKADANAHAM | C44: K/30/151024/1 | D44: 45581.349 | E44: David | F44: HAPUS BPHTB | G44: Nadian (BT) | H44: SELESAI | I44: 45581.648 | J44: Bu Eva (SU) | K44: SELESAI | L44: 45582.616 | M44: SELESAI | N44: 45582.616 | O44: FALSE | Q44: TRUE | R44: 45582.616 | T44: =_xlfn.IFNA(VLOOKUP(C44,Dashboard!$B$2:$V$1276,21,0),"HAPUS") -> HAPUS
A45: 44 | B45: M.13978/TANJUNG BARU | C45: K/39/151024/1 | D45: 45581.349 | E45: David | F45: PERALIHAN JUAL BELI | G45: Nadian (BT) | H45: SELESAI | I45: 45581.648 | J45: Bu Eva (SU) | K45: SELESAI | L45: 45582.616 | M45: SELESAI | N45: 45582.616 | O45: FALSE | Q45: TRUE | R45: 45582.616 | T45: =_xlfn.IFNA(VLOOKUP(C45,Dashboard!$B$2:$V$1276,21,0),"HAPUS") -> HAPUS
A46: 45 | B46: M. 2732/ KOTA BARU | C46: K/45/151024/1 | D46: 45581.348 | E46: David | F46: PERALIHAN HAK KEWARISAN | G46: Nadian (BT) | H46: SELESAI | I46: 45581.648 | J46: Bu Eva (SU) | K46: SELESAI | L46: 45582.617 | M46: SELESAI | N46: 45582.617 | O46: FALSE | Q46: TRUE | R46: 45582.617 | T46: =_xlfn.IFNA(VLOOKUP(C46,Dashboard!$B$2:$V$1276,21,0),"HAPUS") -> HAPUS
A47: 46 | B47: M. 11294/ Labuhan Ratu | C47: K/41/151024/2 | D47: 45581.349 | E47: David | F47: BN Jual Beli | G47: Nadian (BT) | H47: SELESAI | I47: 45581.648 | J47: Bu Eva (SU) | K47: SELESAI | L47: 45582.614 | M47: SELESAI | N47: 45582.614 | O47: FALSE | Q47: TRUE | R47: 45582.614 | T47: =_xlfn.IFNA(VLOOKUP(C47,Dashboard!$B$2:$V$1276,21,0),"HAPUS") -> BELUM SPS
A48: 47 | B48: HM 479/HARAPAN JAYA (DAHULU)-HM 49/KORPRI JAYA (SEKARANG) | C48: L/35/151024/1 | D48: 45581.348 | E48: David | F48: BN PUTUSAN PENGADILAN (AHLI WARIS) | G48: Nadian (BT) | H48: SELESAI | I48: 45581.649 | J48: Bu Eva (SU) | K48: SELESAI | L48: 45582.613 | M48: SELESAI | N48: 45582.613 | O48: FALSE | Q48: TRUE | R48: 45588.499 | T48: =_xlfn.IFNA(VLOOKUP(C48,Dashboard!$B$2:$V$1276,21,0),"HAPUS") -> BELUM SPS
A49: 48 | B49: M. 288/ Kaliawi | C49: K/12/151024/2 | D49: 45587.642 | E49: David | F49: BN Jual Beli | G49: Afriza (BT) | H49: SELESAI | I49: 45582.488 | J49: Bu Eva (SU) | K49: SELESAI | L49: 45587.668 | M49: SELESAI | N49: 45587.668 | O49: FALSE | Q49: TRUE | R49: 45587.668 | S49: PERBAIKAN | T49: =_xlfn.IFNA(VLOOKUP(C49,Dashboard!$B$2:$V$1276,21,0),"HAPUS") -> BELUM SPS
A50: 49 | B50: M. 16119/ Sukabumi | C50: K/37/161024/1 | D50: 45587.562 | E50: Berry | F50: BN Jual Beli | G50: Afriza (BT) | H50: SELESAI | I50: 45582.613 | J50: Bu Eva (SU) | K50: SELESAI | L50: 45583.71 | M50: SELESAI | N50: 45583.71 | O50: FALSE | Q50: TRUE | R50: 45583.71 | T50: =_xlfn.IFNA(VLOOKUP(C50,Dashboard!$B$2:$V$1276,21,0),"HAPUS") -> HAPUS
A51: 50 | B51: B.522/BERINGIN JAYA | G51: Afriza (BT) | H51: SELESAI | I51: 45582.613 | J51: Bu Eva (SU) | K51: SELESAI | L51: 45583.71 | N51: 45583.71 | O51: FALSE | Q51: TRUE | R51: 45583.71 | T51: =_xlfn.IFNA(VLOOKUP(C51,Dashboard!$B$2:$V$1276,21,0),"HAPUS") -> HAPUS
A52: 51 | B52: M. 1402/ Tanjung Raya | C52: K/55/151024/1 | D52: 45582.586 | E52: David | F52: BN Jual Beli | G52: Afriza (BT) | H52: SELESAI | I52: 45582.613 | J52: Bu Eva (SU) | K52: SELESAI | L52: 45583.71 | M52: SELESAI | N52: 45583.71 | O52: FALSE | Q52: TRUE | R52: 45583.71 | T52: =_xlfn.IFNA(VLOOKUP(C52,Dashboard!$B$2:$V$1276,21,0),"HAPUS") -> HAPUS
A53: 52 | B53: M. 2800/ Sumber Rejo | C53: K/40/151024/1 | D53: 45582.35 | E53: Berry | F53: BN Jual Beli | G53: Afriza (BT) | H53: SELESAI | I53: 45582.613 | J53: Bu Eva (SU) | K53: SELESAI | L53: 45583.71 | M53: SELESAI | N53: 45583.71 | O53: FALSE | Q53: TRUE | R53: 45583.71 | T53: =_xlfn.IFNA(VLOOKUP(C53,Dashboard!$B$2:$V$1276,21,0),"HAPUS") -> HAPUS
A54: 53 | B54: B. 592/ SUMBER AGUNG | C54: K/33/161024/2 | D54: 45582.418 | E54: David | F54: BN JUAL BELI | G54: Afriza (BT) | H54: SELESAI | I54: 45582.614 | J54: Bu Eva (SU) | K54: SELESAI | L54: 45583.71 | M54: SELESAI | N54: 45583.71 | O54: FALSE | Q54: TRUE | R54: 45583.71 | T54: =_xlfn.IFNA(VLOOKUP(C54,Dashboard!$B$2:$V$1276,21,0),"HAPUS") -> HAPUS
A55: 54 | B55: M. 1186/ Enggal | C55: K/13/161024/1 | D55: 45582.586 | E55: David | F55: BN Jual Beli | G55: Nadian (BT) | H55: SELESAI | I55: 45582.618 | J55: Bu Eva (SU) | K55: SELESAI | L55: 45583.71 | M55: SELESAI | N55: 45583.71 | O55: FALSE | Q55: TRUE | R55: 45583.71 | T55: =_xlfn.IFNA(VLOOKUP(C55,Dashboard!$B$2:$V$1276,21,0),"HAPUS") -> BELUM SPS
A56: 55 | B56: M. 579/ KUPANG KOTA | C56: K/52/151024/1 | D56: 45582.586 | E56: David | F56: BN WARIS | G56: Nadian (BT) | H56: SELESAI | I56: 45582.618 | J56: Bu Eva (SU) | K56: SELESAI | L56: 45583.363 | M56: SELESAI | N56: 45583.363 | O56: FALSE | Q56: TRUE | R56: 45583.363 | T56: =_xlfn.IFNA(VLOOKUP(C56,Dashboard!$B$2:$V$1276,21,0),"HAPUS") -> HAPUS
A57: 56 | B57: B. 598/ SUMBER AGUNG | C57: K/32/161024/1 | D57: 45582.417 | E57: David | F57: BN JUAL BELI | G57: Nadian (BT) | H57: SELESAI | I57: 45582.618 | J57: Bu Eva (SU) | K57: SELESAI | L57: 45583.36 | M57: SELESAI | N57: 45583.36 | O57: FALSE | Q57: TRUE | R57: 45583.36 | T57: =_xlfn.IFNA(VLOOKUP(C57,Dashboard!$B$2:$V$1276,21,0),"HAPUS") -> HAPUS
A58: 57 | B58: M. 1535/ KEDAUNG | C58: K/24/161024/2 | D58: 45582.417 | E58: David | F58: BN JUAL BELI | G58: Nadian (BT) | H58: SELESAI | I58: 45582.618 | J58: Bu Eva (SU) | K58: SELESAI | L58: 45583.36 | M58: SELESAI | N58: 45583.36 | O58: FALSE | Q58: TRUE | R58: 45583.36 | T58: =_xlfn.IFNA(VLOOKUP(C58,Dashboard!$B$2:$V$1276,21,0),"HAPUS") -> HAPUS
A59: 58 | B59: HM 3925/BERINGIN RAYA (SEBELUM NYA) HM 1609/SS (SEKARANG) | C59: L/19/161024/1 | D59: 45582.417 | E59: David | F59: BN HIBAH | G59: Nadian (BT) | H59: SELESAI | I59: 45582.618 | J59: Bu Eva (SU) | K59: SELESAI | L59: 45583.356 | M59: SELESAI | N59: 45583.356 | O59: FALSE | Q59: TRUE | R59: 45583.356 | T59: =_xlfn.IFNA(VLOOKUP(C59,Dashboard!$B$2:$V$1276,21,0),"HAPUS") -> HAPUS
A60: 59 | B60: M. 5621/ Langkapura | C60: K/14/161024/2 | D60: 45582.416 | E60: David | F60: BN Jual Beli | G60: Nadian (BT) | H60: SELESAI | I60: 45582.618 | J60: Bu Eva (SU) | K60: SELESAI | L60: 45583.361 | M60: SELESAI | N60: 45583.361 | O60: FALSE | Q60: TRUE | R60: 45583.361 | T60: =_xlfn.IFNA(VLOOKUP(C60,Dashboard!$B$2:$V$1276,21,0),"HAPUS") -> HAPUS
A61: 60 | B61: M.1095/NOG | C61: L/16/161024/1 | D61: 45582.417 | E61: David | F61: ROYA | G61: Nadian (BT) | H61: SELESAI | I61: 45582.619 | J61: Bu Eva (SU) | K61: SELESAI | L61: 45583.71 | M61: SELESAI | N61: 45583.71 | O61: FALSE | Q61: FALSE | T61: =_xlfn.IFNA(VLOOKUP(C61,Dashboard!$B$2:$V$1276,21,0),"HAPUS") -> BELUM SPS
A62: 61 | B62: M. 590/ Pematang Wangi; 382/ Tanjung Senang dahulu | C62: K/57/151024/3 | D62: 45582.586 | E62: David | F62: Roya | G62: Nadian (BT) | H62: SELESAI | I62: 45582.619 | J62: Bu Eva (SU) | K62: SELESAI | L62: 45583.359 | M62: SELESAI | N62: 45583.359 | O62: FALSE | Q62: TRUE | R62: 45583.359 | S62: PLOTING | T62: =_xlfn.IFNA(VLOOKUP(C62,Dashboard!$B$2:$V$1276,21,0),"HAPUS") -> HAPUS
A63: 62 | G63: Nadian (BT) | O63: FALSE | Q63: FALSE | T63: =_xlfn.IFNA(VLOOKUP(C63,Dashboard!$B$2:$V$1276,21,0),"HAPUS") -> HAPUS
A64: 63 | B64: M.48/KALI BALAU KENCANA-SEKARANG;B.46/KALI BALAU KENCANA -DAHULU | C64: K/20/161024/1 | D64: 45582.417 | E64: David | F64: PERALIHAN KEWARISAN | G64: Afriza (BT) | H64: SELESAI | I64: 45582.629 | J64: Bu Eva (SU) | K64: SELESAI | L64: 45594.404 | M64: SELESAI | N64: 45594.404 | O64: FALSE | Q64: FALSE | T64: =_xlfn.IFNA(VLOOKUP(C64,Dashboard!$B$2:$V$1276,21,0),"HAPUS") -> HAPUS
A65: 64 | B65: M. 128/ Kemiling Raya | C65: K/21/171024/2 | D65: 45582.639 | E65: David | F65: BN Jual Beli | G65: Nadian (BT) | H65: SELESAI | I65: 45582.689 | J65: Bu Eva (SU) | K65: SELESAI | L65: 45583.71 | M65: SELESAI | N65: 45583.71 | O65: FALSE | Q65: TRUE | R65: 45583.71 | T65: =_xlfn.IFNA(VLOOKUP(C65,Dashboard!$B$2:$V$1276,21,0),"HAPUS") -> HAPUS
A66: 65 | B66: M. 111/ KEMILING RAYA | C66: K/18/171024/1 | D66: 45582.639 | E66: David | F66: BN JUAL BELI | G66: Nadian (BT) | H66: SELESAI | I66: 45582.689 | J66: Bu Eva (SU) | K66: SELESAI | L66: 45583.71 | M66: SELESAI | N66: 45583.71 | O66: FALSE | Q66: TRUE | R66: 45583.71 | T66: =_xlfn.IFNA(VLOOKUP(C66,Dashboard!$B$2:$V$1276,21,0),"HAPUS") -> HAPUS
A67: 66 | B67: M.13036/SUKABUMI | C67: L/6/171024/1 | D67: 45582.636 | E67: Berry | F67: ROYA | G67: Nadian (BT) | H67: SELESAI | I67: 45582.689 | J67: Bu Eva (SU) | K67: SELESAI | L67: 45583.71 | M67: SELESAI | N67: 45583.71 | O67: FALSE | Q67: TRUE | R67: 45583.71 | T67: =_xlfn.IFNA(VLOOKUP(C67,Dashboard!$B$2:$V$1276,21,0),"HAPUS") -> BELUM SPS
A68: 67 | B68: HGB 416/WAY KANDIS | C68: L/11/171024/1 | D68: 45582.636 | E68: Berry | F68: ROYA | G68: Nadian (BT) | H68: SELESAI | I68: 45582.689 | J68: Bu Eva (SU) | K68: SELESAI | L68: 45583.71 | M68: SELESAI | N68: 45583.71 | O68: FALSE | Q68: TRUE | R68: 45583.71 | T68: =_xlfn.IFNA(VLOOKUP(C68,Dashboard!$B$2:$V$1276,21,0),"HAPUS") -> BELUM SPS
A69: 68 | B69: M. 2465/ Pinang jaya | C69: K/14/171024/5 | D69: 45582.639 | E69: David | F69: BN Jual Beli | G69: Nadian (BT) | H69: SELESAI | I69: 45582.689 | J69: Bu Eva (SU) | K69: SELESAI | L69: 45594.404 | M69: SELESAI | N69: 45594.404 | O69: FALSE | Q69: FALSE | T69: =_xlfn.IFNA(VLOOKUP(C69,Dashboard!$B$2:$V$1276,21,0),"HAPUS") -> BELUM SPS
A70: 69 | B70: M. 2523/ Pinang Jaya | C70: K/13/171024/4 | D70: 45582.639 | E70: David | F70: BN Jual beli | G70: Nadian (BT) | H70: SELESAI | I70: 45582.689 | J70: Bu Eva (SU) | K70: SELESAI | L70: 45583.71 | M70: SELESAI | N70: 45583.71 | O70: FALSE | Q70: TRUE | R70: 45583.71 | T70: =_xlfn.IFNA(VLOOKUP(C70,Dashboard!$B$2:$V$1276,21,0),"HAPUS") -> HAPUS
A71: 70 | B71: B.834/PWK;B.763/WAY KANDIS-DAHULU | C71: L/8/161024/1 | D71: 45582.586 | E71: David | F71: PERUBAHAN HAK | G71: Afriza (BT) | H71: SELESAI | I71: 45583.636 | J71: Bu Eva (SU) | K71: SELESAI | L71: 45587.668 | M71: SELESAI | N71: 45587.668 | O71: FALSE | Q71: TRUE | R71: 45587.668 | T71: =_xlfn.IFNA(VLOOKUP(C71,Dashboard!$B$2:$V$1276,21,0),"HAPUS") -> HAPUS
A72: 71 | B72: M. 651/ Durian Payung | C72: K/21/161024/1 | D72: 45582.417 | E72: David | F72: BN PHB | G72: Afriza (BT) | H72: SELESAI | I72: 45583.636 | J72: Bu Eva (SU) | K72: SELESAI | L72: 45587.668 | M72: SELESAI | N72: 45587.668 | O72: FALSE | Q72: TRUE | R72: 45587.668 | T72: =_xlfn.IFNA(VLOOKUP(C72,Dashboard!$B$2:$V$1276,21,0),"HAPUS") -> HAPUS
A73: 72 | B73: M. 511/ PEMATANG WANGI | C73: K/10/171024/2 | D73: 45582.637 | E73: Berry | F73: BN JUAL BELI | G73: Afriza (BT) | H73: SELESAI | I73: 45583.636 | J73: Bu Eva (SU) | K73: SELESAI | L73: 45587.668 | M73: SELESAI | N73: 45587.668 | O73: FALSE | Q73: TRUE | R73: 45587.668 | T73: =_xlfn.IFNA(VLOOKUP(C73,Dashboard!$B$2:$V$1276,21,0),"HAPUS") -> HAPUS
A74: 73 | B74: M. 2463/ Pinang Jaya | C74: K/12/171024/3 | D74: 45582.635 | E74: Berry | F74: BN Jual beli | G74: Afriza (BT) | H74: SELESAI | I74: 45583.71 | J74: Bu Eva (SU) | K74: SELESAI | L74: 45587.668 | M74: SELESAI | N74: 45587.668 | O74: FALSE | Q74: TRUE | R74: 45587.668 | S74: harusnya 2463 atau salah ketik? | T74: =_xlfn.IFNA(VLOOKUP(C74,Dashboard!$B$2:$V$1276,21,0),"HAPUS") -> BELUM SPS
A75: 74 | B75: M.779/NEGERI OLOK GADING-SEKARANG;B.579/NEGERI OLOK GADING-DAHULU | C75: K/8/171024/1 | D75: 45582.635 | E75: Berry | F75: PERALIHAN JUAL BELI | G75: Afriza (BT) | H75: SELESAI | I75: 45583.71 | J75: Bu Eva (SU) | K75: SELESAI | L75: 45583.711 | M75: SELESAI | N75: 45583.711 | O75: FALSE | Q75: TRUE | R75: 45583.711 | T75: =_xlfn.IFNA(VLOOKUP(C75,Dashboard!$B$2:$V$1276,21,0),"HAPUS") -> HAPUS
A76: 75 | B76: M. 14030/ Tanjung Baru; M. 13709/ Kedamaian-dahulu | C76: K/5/171024/1 | D76: 45582.635 | E76: Berry | F76: BN Waris | G76: Afriza (BT) | H76: SELESAI | I76: 45583.71 | J76: Bu Eva (SU) | K76: SELESAI | L76: 45587.668 | M76: SELESAI | N76: 45587.668 | O76: FALSE | Q76: TRUE | R76: 45587.668 | T76: =_xlfn.IFNA(VLOOKUP(C76,Dashboard!$B$2:$V$1276,21,0),"HAPUS") -> HAPUS
A77: 76 | B77: M. 1812/ Rajabasa Nunyai- | C77: K/39/161024/1 | D77: 45582.637 | E77: Berry | F77: BN Jual Beli | G77: Afriza (BT) | H77: SELESAI | I77: 45583.71 | J77: Bu Eva (SU) | K77: SELESAI | L77: 45587.668 | M77: SELESAI | N77: 45587.668 | O77: FALSE | Q77: TRUE | R77: 45587.668 | T77: =_xlfn.IFNA(VLOOKUP(C77,Dashboard!$B$2:$V$1276,21,0),"HAPUS") -> HAPUS
A78: 77 | B78: M.2892/SUKARAME BARU-SEKARANG;B.3671/SUKARAME I-DAHULU | C78: K/49/181024/4 | D78: 45586.488 | E78: David | F78: PERALIHAN HAK | G78: Afriza (BT) | H78: SELESAI | I78: 45586.59 | J78: Aprill (SU) | K78: SELESAI | L78: 45588.38 | M78: SELESAI | N78: 45588.38 | O78: FALSE | Q78: TRUE | R78: 45588.38 | T78: =_xlfn.IFNA(VLOOKUP(C78,Dashboard!$B$2:$V$1276,21,0),"HAPUS") -> HAPUS
A79: 78 | B79: M.5070/RAJABASA JAYA | C79: K/9/181024/1 | D79: 45586.488 | E79: David | F79: PERALIHAN JUAL BELI | G79: Afriza (BT) | H79: SELESAI | I79: 45586.59 | J79: Bu Eva (SU) | K79: SELESAI | L79: 45587.692 | M79: SELESAI | N79: 45587.692 | O79: FALSE | Q79: TRUE | R79: 45587.692 | T79: =_xlfn.IFNA(VLOOKUP(C79,Dashboard!$B$2:$V$1276,21,0),"HAPUS") -> HAPUS
A80: 79 | B80: M. 3996/ Rajabasa Jaya | C80: K/25/181024/1 | D80: 45586.488 | E80: David | F80: BN Jual Beli | G80: Afriza (BT) | H80: SELESAI | I80: 45586.591 | J80: Aprill (SU) | K80: SELESAI | L80: 45588.383 | M80: SELESAI | N80: 45588.383 | O80: FALSE | Q80: TRUE | R80: 45588.383 | T80: =_xlfn.IFNA(VLOOKUP(C80,Dashboard!$B$2:$V$1276,21,0),"HAPUS") -> HAPUS
A81: 80 | B81: M. 370/ Korpri Raya-sekarang; M. 9602/ Sukarame I-dahulu | C81: K/38/181024/1 | D81: 45586.488 | E81: David | F81: BN Jual Beli | G81: Afriza (BT) | H81: SELESAI | I81: 45586.595 | J81: Aprill (SU) | K81: SELESAI | L81: 45588.367 | M81: SELESAI | N81: 45588.367 | O81: FALSE | Q81: TRUE | R81: 45588.368 | T81: =_xlfn.IFNA(VLOOKUP(C81,Dashboard!$B$2:$V$1276,21,0),"HAPUS") -> HAPUS
A82: 81 | B82: M.1552/PESAWAHAN | C82: K/34/181024/2 | D82: 45586.488 | E82: David | F82: PERALIHAN JUAL BELI | G82: Afriza (BT) | H82: SELESAI | I82: 45586.597 | J82: Bu Eva (SU) | K82: SELESAI | L82: 45587.691 | M82: SELESAI | N82: 45587.691 | O82: FALSE | Q82: TRUE | R82: 45587.691 | T82: =_xlfn.IFNA(VLOOKUP(C82,Dashboard!$B$2:$V$1276,21,0),"HAPUS") -> BELUM SPS
A83: 82 | B83: M. 1371/ Pengajaran | C83: K/24/181024/1 | D83: 45586.488 | E83: David | F83: BN Hibah | G83: Afriza (BT) | H83: SELESAI | I83: 45586.6 | J83: Aprill (SU) | K83: SELESAI | L83: 45588.392 | M83: SELESAI | N83: 45588.392 | O83: FALSE | Q83: TRUE | R83: 45588.392 | T83: =_xlfn.IFNA(VLOOKUP(C83,Dashboard!$B$2:$V$1276,21,0),"HAPUS") -> HAPUS
A84: 83 | B84: B. 653; 654/ Pesawahan dan SHT 1213/2008 dan SHT 3013/2006 | C84: K/6/181024/1 | D84: 45586.488 | E84: David | F84: Roya | G84: Afriza (BT) | H84: SELESAI | I84: 45586.607 | J84: Bu Eva (SU) | K84: SELESAI | L84: 45587.691 | M84: SELESAI | N84: 45587.691 | O84: FALSE | Q84: TRUE | R84: 45587.691 | T84: =_xlfn.IFNA(VLOOKUP(C84,Dashboard!$B$2:$V$1276,21,0),"HAPUS") -> BELUM SPS
A85: 84 | B85: HM 1375/TANJUNG SENENG | C85: L/40/171024/1 | D85: 45586.488 | E85: Berry | F85: ROYA | G85: Nadian (BT) | H85: SELESAI | I85: 45586.631 | J85: Bu Eva (SU) | K85: SELESAI | L85: 45587.668 | M85: SELESAI | N85: 45587.668 | O85: FALSE | Q85: TRUE | R85: 45587.668 | T85: =_xlfn.IFNA(VLOOKUP(C85,Dashboard!$B$2:$V$1276,21,0),"HAPUS") -> BELUM SPS
A86: 85 | B86: M. 11796/ Sukabumi; B. 3316/ Sukabumi-dahulu | C86: K/41/171024/1 | D86: 45586.488 | E86: Berry | F86: Roya | G86: Nadian (BT) | H86: SELESAI | I86: 45586.631 | J86: Bu Eva (SU) | K86: SELESAI | L86: 45587.668 | M86: SELESAI | N86: 45587.668 | O86: FALSE | Q86: TRUE | R86: 45587.668 | T86: =_xlfn.IFNA(VLOOKUP(C86,Dashboard!$B$2:$V$1276,21,0),"HAPUS") -> HAPUS
A87: 86 | B87: HM 16138/SUKARAME I | C87: L/44/171024/1 | D87: 45586.488 | E87: Berry | F87: ROYA | G87: Nadian (BT) | H87: SELESAI | I87: 45586.631 | J87: Bu Eva (SU) | K87: SELESAI | L87: 45587.668 | M87: SELESAI | N87: 45587.668 | O87: FALSE | Q87: TRUE | R87: 45587.668 | S87: masi proses perbaikan sekitar sudah di fotokopi | T87: =_xlfn.IFNA(VLOOKUP(C87,Dashboard!$B$2:$V$1276,21,0),"HAPUS") -> BELUM SPS
A88: 87 | B88: M.9381/SURABAYA | C88: K/46/171024/1 | D88: 45586.488 | E88: Berry | F88: PERALIHAN JUAL BELI | G88: Nadian (BT) | H88: SELESAI | I88: 45586.631 | J88: Bu Eva (SU) | K88: SELESAI | L88: 45587.668 | M88: SELESAI | N88: 45587.668 | O88: FALSE | Q88: TRUE | R88: 45587.668 | T88: =_xlfn.IFNA(VLOOKUP(C88,Dashboard!$B$2:$V$1276,21,0),"HAPUS") -> HAPUS
A89: 88 | B89: M. 377/ ENGGAL | C89: K/56/171024/1 | D89: 45586.488 | E89: Berry | F89: ROYA | G89: Nadian (BT) | H89: SELESAI | I89: 45586.631 | J89: Bu Eva (SU) | K89: SELESAI | L89: 45587.668 | M89: SELESAI | N89: 45587.668 | O89: FALSE | Q89: TRUE | R89: 45587.668 | T89: =_xlfn.IFNA(VLOOKUP(C89,Dashboard!$B$2:$V$1276,21,0),"HAPUS") -> BELUM SPS
A90: 89 | B90: M. 3265/ Gedong Air | C90: K/49/171024/2 | D90: 45586.488 | E90: Berry | F90: BN Jual Beli | G90: Nadian (BT) | H90: SELESAI | I90: 45586.63 | J90: Bu Eva (SU) | K90: SELESAI | L90: 45587.668 | M90: SELESAI | N90: 45587.668 | O90: FALSE | Q90: TRUE | R90: 45587.668 | T90: =_xlfn.IFNA(VLOOKUP(C90,Dashboard!$B$2:$V$1276,21,0),"HAPUS") -> HAPUS
A91: 90 | B91: M. 6466/ Way kandis | C91: K/48/171024/1 | D91: 45586.488 | E91: Berry | F91: BN Jual Beli | G91: Nadian (BT) | H91: SELESAI | I91: 45586.63 | J91: Bu Eva (SU) | K91: SELESAI | L91: 45587.668 | M91: SELESAI | N91: 45587.668 | O91: FALSE | Q91: TRUE | R91: 45587.668 | T91: =_xlfn.IFNA(VLOOKUP(C91,Dashboard!$B$2:$V$1276,21,0),"HAPUS") -> HAPUS
A92: 91 | B92: B. 649/ Sumber Agung | C92: K/42/171024/1 | D92: 45586.488 | E92: Berry | F92: BN Jual Beli | G92: Nadian (BT) | H92: SELESAI | I92: 45586.63 | J92: Bu Eva (SU) | K92: SELESAI | L92: 45587.668 | M92: SELESAI | N92: 45587.668 | O92: FALSE | Q92: TRUE | R92: 45587.668 | T92: =_xlfn.IFNA(VLOOKUP(C92,Dashboard!$B$2:$V$1276,21,0),"HAPUS") -> BELUM SPS
A93: 92 | B93: M. 4522/ Gunung Terang | C93: K/38/171024/2 | D93: 45586.488 | E93: Berry | F93: BN Jual Beli | G93: Nadian (BT) | H93: SELESAI | I93: 45586.63 | J93: Bu Eva (SU) | K93: SELESAI | L93: 45587.668 | M93: SELESAI | N93: 45587.668 | O93: FALSE | Q93: TRUE | R93: 45587.668 | S93: perbaikan sekitar sudah di fc su nya | T93: =_xlfn.IFNA(VLOOKUP(C93,Dashboard!$B$2:$V$1276,21,0),"HAPUS") -> HAPUS
A94: 93 | B94: M. 2924/ Sukarame II | C94: K/34/171024/2 | D94: 45586.488 | E94: Berry | F94: BN Jual Beli | G94: Nadian (BT) | H94: SELESAI | I94: 45586.63 | J94: Bu Eva (SU) | K94: SELESAI | L94: 45587.668 | M94: SELESAI | N94: 45587.668 | O94: FALSE | Q94: TRUE | R94: 45587.668 | T94: =_xlfn.IFNA(VLOOKUP(C94,Dashboard!$B$2:$V$1276,21,0),"HAPUS") -> HAPUS
A95: 94 | B95: M. 2933/ Sukarame II | C95: K/31/171024/1 | D95: 45586.488 | E95: Berry | F95: BN Jual Beli | G95: Nadian (BT) | H95: SELESAI | I95: 45586.63 | J95: Bu Eva (SU) | K95: SELESAI | L95: 45587.668 | M95: SELESAI | N95: 45587.668 | O95: FALSE | Q95: TRUE | R95: 45587.668 | T95: =_xlfn.IFNA(VLOOKUP(C95,Dashboard!$B$2:$V$1276,21,0),"HAPUS") -> HAPUS
A96: 95 | B96: HM 296/RAJABASA RAYA | C96: L/35/171024/1 | D96: 45586.488 | E96: Berry | F96: ROYA | G96: Nadian (BT) | H96: SELESAI | I96: 45586.63 | J96: Bu Eva (SU) | K96: SELESAI | L96: 45587.668 | M96: SELESAI | N96: 45587.668 | O96: FALSE | Q96: TRUE | R96: 45587.668 | T96: =_xlfn.IFNA(VLOOKUP(C96,Dashboard!$B$2:$V$1276,21,0),"HAPUS") -> BELUM SPS
A97: 96 | B97: M. 227/ Sukarame Baru- sekarang; M. 13036/ Sukarame I- dahulu | C97: K/8/181024/1 | D97: 45586.488 | E97: Berry | F97: BN JUAL BELI | G97: Afriza (BT) | H97: SELESAI | I97: 45586.669 | J97: Aprill (SU) | K97: SELESAI | L97: 45588.389 | M97: SELESAI | N97: 45588.389 | O97: FALSE | Q97: TRUE | R97: 45588.389 | T97: =_xlfn.IFNA(VLOOKUP(C97,Dashboard!$B$2:$V$1276,21,0),"HAPUS") -> HAPUS
A98: 97 | B98: B. 538/ SUKARAME BARU | C98: K/3/181024/3 | D98: 45586.488 | E98: Berry | F98: BN JUAL BELI | G98: Afriza (BT) | H98: SELESAI | I98: 45587.412 | J98: Bu Eva (SU) | K98: SELESAI | L98: 45587.69 | M98: SELESAI | N98: 45587.69 | O98: FALSE | Q98: TRUE | R98: 45587.69 | T98: =_xlfn.IFNA(VLOOKUP(C98,Dashboard!$B$2:$V$1276,21,0),"HAPUS") -> HAPUS
A99: 98 | B99: M.13833/RAJABASA | C99: L/57/181024/1 | D99: 45586.488 | E99: Berry | F99: ROYA | G99: Afriza (BT) | H99: SELESAI | I99: 45587.483 | J99: Bu Eva (SU) | K99: SELESAI | L99: 45587.691 | M99: SELESAI | N99: 45587.691 | O99: FALSE | Q99: TRUE | R99: 45587.691 | T99: =_xlfn.IFNA(VLOOKUP(C99,Dashboard!$B$2:$V$1276,21,0),"HAPUS") -> BELUM SPS
A100: 99 | B100: M. 1401/ K B K SHT 3354/2013 dan 590/2017 | C100: K/4/181024/1 | D100: 45586.488 | E100: Berry | F100: Roya | G100: Afriza (BT) | H100: SELESAI | I100: 45587.668 | J100: Aprill (SU) | K100: SELESAI | L100: 45588.378 | M100: SELESAI | N100: 45588.378 | O100: FALSE | Q100: TRUE | R100: 45588.378 | T100: =_xlfn.IFNA(VLOOKUP(C100,Dashboard!$B$2:$V$1276,21,0),"HAPUS") -> HAPUS
...

Sheet Alih Media
A1: No | B1: Nomor Tiket | C1: Nomor Sertipikat | D1: Jenis Permohonan | E1: Tanggal Selesai Validasi | F1: Validator | G1: Nama Petugas Alih Media BT | H1: Status Alih Media BT | I1: Tanggal Selesai Alih Media BT | J1: Nama Petugas Alih Media SU | K1: Status Alih Media SU | L1: Tanggal Selesai Alih Media SU | M1: Kesimupulan Alih Media | N1: Tangal BT SU Selesai | O1: Ceklis Ke Warkah | P1: Pengembalian BT SU Ke Ruang Warkah | Q1: Ceklis Ke Loket u/ SPS | R1: Tanggal Kirim ke Loket U/ SPS | S1: Keterangan Petugas Alih Media (Kendala dan Hambatan) | T1: Cetak Tim Hady | U1: Count Tim Hady | V1: Combine Tim Hady | W1: Count List Hady | X1: Cetak Tim Rendy | Y1: Cek Hapus
A2: 1 | B2: K/23/151024/3 | C2: M. 509/ LABUHAN RATU RAYA | D2: BN JUAL BELI | E2: 45582.615 | F2: Nadian (BT) Bu Eva (SU) | G2: Olla (PHP) | H2: SELESAI | I2: 45595.659 | J2: Sri Sekar | K2: SELESAI | L2: 45594.685 | M2: SELESAI | N2: 45594.685 | O2: FALSE | Q2: FALSE | T2: 45587 | U2: 1 | V2: 45587/1 | W2: 1 | Y2: =_xlfn.IFNA(VLOOKUP(B2,Dashboard!$B$2:$V$1276,21,0),"HAPUS") -> HAPUS
A3: 2 | B3: K/38/141024/1 | C3: M. 3157/ LABUHAN DALAM | D3: PERALIHAN HAK JUAL BELI | E3: 45581.418 | F3: Nadian (BT) Aprill (SU) | G3: Olla (PHP) | H3: SELESAI | I3: 45596.487 | J3: Sri Sekar | K3: SELESAI | L3: 45594.717 | M3: SELESAI | N3: 45594.717 | O3: FALSE | T3: 45587 | U3: 2 | V3: 45587/2 | W3: 1 | Y3: =_xlfn.IFNA(VLOOKUP(B3,Dashboard!$B$2:$V$1276,21,0),"HAPUS") -> HAPUS
A4: 3 | B4: K/34/171024/2 | C4: M. 2924/ Sukarame II | D4: BN Jual Beli | E4: 45587.668 | F4: Nadian (BT) Bu Eva (SU) | G4: Olla (PHP) | H4: SELESAI | I4: 45596.488 | J4: Sri Sekar | K4: SELESAI | L4: 45594.719 | M4: SELESAI | N4: 45594.719 | O4: FALSE | T4: 45587 | U4: 3 | V4: 45587/3 | W4: 1 | Y4: =_xlfn.IFNA(VLOOKUP(B4,Dashboard!$B$2:$V$1276,21,0),"HAPUS") -> HAPUS
A5: 4 | B5: K/17/151024/1 | C5: M. 13602/ SEGALA MIDER | D5: BN JUAL BELI | E5: 45582.614 | F5: Nadian (BT) Bu Eva (SU) | G5: Olla (PHP) | H5: SELESAI | I5: 45622.511 | M5: BT atau SU Belum Alih Media | O5: FALSE | S5: Perlu perbaikan bidang sekitar | T5: 45587 | U5: 4 | V5: 45587/4 | W5: 1 | Y5: =_xlfn.IFNA(VLOOKUP(B5,Dashboard!$B$2:$V$1276,21,0),"HAPUS") -> HAPUS
A6: 5 | B6: K/20/161024/1 | C6: M.48/KALI BALAU KENCANA-SEKARANG;B.46/KALI BALAU KENCANA -DAHULU | D6: PERALIHAN KEWARISAN | F6: Afriza (BT) Bu Eva (SU) | G6: Olla (PHP) | H6: SELESAI | I6: 45596.487 | J6: Sri Sekar | K6: SELESAI | L6: 45594.691 | M6: SELESAI | N6: 45594.691 | O6: FALSE | T6: 45587 | U6: 5 | V6: 45587/5 | W6: 1 | Y6: =_xlfn.IFNA(VLOOKUP(B6,Dashboard!$B$2:$V$1276,21,0),"HAPUS") -> HAPUS
A7: 6 | B7: K/28/141024/1 | C7: B.895/BERINGIN JAYA | D7: PERALIHAN JUAL BELI | E7: 45581.42 | F7: Afriza (BT) Aprill (SU) | G7: Olla (PHP) | H7: SELESAI | I7: 45596.49 | J7: Sri Sekar | K7: SELESAI | L7: 45594.708 | M7: SELESAI | N7: 45594.708 | O7: FALSE | T7: 45587 | U7: 6 | V7: 45587/6 | W7: 1 | Y7: =_xlfn.IFNA(VLOOKUP(B7,Dashboard!$B$2:$V$1276,21,0),"HAPUS") -> BELUM SPS
A8: 7 | B8: K/19/141024/1 | C8: M.16678/SUKABUMI | D8: PERALIHAN JUAL BELI | E8: 45581.42 | F8: Nadian (BT) Aprill (SU) | G8: Olla (PHP) | H8: SELESAI | I8: 45596.484 | J8: Sri Sekar | K8: SELESAI | L8: 45594.702 | M8: SELESAI | N8: 45594.702 | O8: FALSE | T8: 45587 | U8: 7 | V8: 45587/7 | W8: 1 | Y8: =_xlfn.IFNA(VLOOKUP(B8,Dashboard!$B$2:$V$1276,21,0),"HAPUS") -> HAPUS
A9: 8 | B9: K/26/141024/1 | C9: M.2094/CAMPANG JAYA | D9: PERALIHAN JUAL BELI | E9: 45581.418 | F9: Nadian (BT) Aprill (SU) | G9: Olla (PHP) | H9: SELESAI | I9: 45639.683 | J9: Sri Sekar | K9: SELESAI | L9: 45638.239 | M9: SELESAI | N9: 45638.239 | O9: FALSE | S9: Perlu perbaikan bidang sekitar | T9: 45587 | U9: 8 | V9: 45587/8 | W9: 1 | Y9: =_xlfn.IFNA(VLOOKUP(B9,Dashboard!$B$2:$V$1276,21,0),"HAPUS") -> HAPUS
A10: 9 | B10: K/37/161024/1 | C10: M. 16119/ Sukabumi | D10: BN Jual Beli | E10: 45583.71 | F10: Afriza (BT) Bu Eva (SU) | G10: Olla (PHP) | H10: SELESAI | I10: 45596.487 | J10: Sri Sekar | K10: SELESAI | L10: 45594.688 | M10: SELESAI | N10: 45594.688 | O10: FALSE | T10: 45587 | U10: 9 | V10: 45587/9 | W10: 1 | Y10: =_xlfn.IFNA(VLOOKUP(B10,Dashboard!$B$2:$V$1276,21,0),"HAPUS") -> HAPUS
A11: 10 | B11: K/13/151024/3 | C11: M. 41/ Kota Sepang | D11: BN Jual Beli | E11: 45582.613 | F11: Afriza (BT) Bu Eva (SU) | G11: Olla (PHP) | H11: SELESAI | I11: 45596.487 | J11: Sri Sekar | K11: SELESAI | L11: 45594.696 | M11: SELESAI | N11: 45594.696 | O11: FALSE | T11: 45587 | U11: 10 | V11: 45587/10 | W11: 1 | Y11: =_xlfn.IFNA(VLOOKUP(B11,Dashboard!$B$2:$V$1276,21,0),"HAPUS") -> HAPUS
A12: 11 | B12: K/12/151024/2 | C12: M. 288/ Kaliawi | D12: BN Jual Beli | E12: 45587.668 | F12: Afriza (BT) Bu Eva (SU) | J12: Sri Sekar | M12: BT atau SU Belum Alih Media | O12: FALSE | S12: Perlu perbaikan bidang sekitar | T12: 45587 | U12: 11 | V12: 45587/11 | W12: 1 | Y12: =_xlfn.IFNA(VLOOKUP(B12,Dashboard!$B$2:$V$1276,21,0),"HAPUS") -> BELUM SPS
A13: 12 | B13: L/50/151024/1 | C13: HM 1763/RAJABASA NUNYAI | D13: BN JUAL-BELI | E13: 45582.616 | F13: Nadian (BT) Bu Eva (SU) | G13: Olla (PHP) | H13: SELESAI | I13: 45596.488 | J13: Sri Sekar | K13: SELESAI | L13: 45594.724 | M13: SELESAI | N13: 45594.724 | O13: FALSE | T13: 45588 | U13: 1 | V13: 45588/1 | W13: 2 | Y13: =_xlfn.IFNA(VLOOKUP(B13,Dashboard!$B$2:$V$1276,21,0),"HAPUS") -> HAPUS
A14: 13 | B14: K/9/151024/2 | C14: M. 2400/ NOG; M. 811/ Bakung; M. 131/NOG: | D14: BN Jual Beli | E14: 45581.418 | F14: Nadian (BT) Aprill (SU) | G14: Olla (PHP) | H14: SELESAI | I14: 45608.616 | J14: Sri Sekar | M14: BT atau SU Belum Alih Media | O14: FALSE | S14: Perlu perbaikan bidang sekitar | T14: 45588 | U14: 2 | V14: 45588/2 | W14: 2 | Y14: =_xlfn.IFNA(VLOOKUP(B14,Dashboard!$B$2:$V$1276,21,0),"HAPUS") -> HAPUS
A15: 14 | B15: K/12/171024/3 | C15: M. 2463/ Pinang Jaya | D15: BN Jual beli | E15: 45587.668 | F15: Afriza (BT) Bu Eva (SU) | M15: BT atau SU Belum Alih Media | O15: FALSE | T15: 45588 | U15: 3 | V15: 45588/3 | W15: 2 | Y15: =_xlfn.IFNA(VLOOKUP(B15,Dashboard!$B$2:$V$1276,21,0),"HAPUS") -> BELUM SPS
A16: 15 | B16: K/40/151024/1 | C16: M. 2800/ Sumber Rejo | D16: BN Jual Beli | E16: 45583.71 | F16: Afriza (BT) Bu Eva (SU) | G16: Olla (PHP) | H16: SELESAI | I16: 45597.615 | J16: April (SP) | K16: SELESAI | L16: 45596.689 | M16: SELESAI | N16: 45596.689 | O16: FALSE | T16: 45589 | U16: 1 | V16: 45589/1 | W16: 3 | Y16: =_xlfn.IFNA(VLOOKUP(B16,Dashboard!$B$2:$V$1276,21,0),"HAPUS") -> HAPUS
A17: 16 | B17: K/3/181024/3 | C17: B. 538/ SUKARAME BARU | D17: BN JUAL BELI | E17: 45587.69 | F17: Afriza (BT) Bu Eva (SU) | G17: Olla (PHP) | H17: SELESAI | I17: 45596.489 | J17: April (SP) | K17: SELESAI | L17: 45595.688 | M17: SELESAI | N17: 45595.688 | O17: FALSE | T17: 45589 | U17: 2 | V17: 45589/2 | W17: 3 | Y17: =_xlfn.IFNA(VLOOKUP(B17,Dashboard!$B$2:$V$1276,21,0),"HAPUS") -> HAPUS
A18: 17 | B18: K/32/161024/1 | C18: B. 598/ SUMBER AGUNG | D18: BN JUAL BELI | E18: 45583.36 | F18: Nadian (BT) Bu Eva (SU) | G18: Olla (PHP) | H18: SELESAI | I18: 45597.615 | J18: April (SP) | K18: SELESAI | L18: 45596.688 | M18: SELESAI | N18: 45596.688 | O18: FALSE | T18: 45589 | U18: 3 | V18: 45589/3 | W18: 3 | Y18: =_xlfn.IFNA(VLOOKUP(B18,Dashboard!$B$2:$V$1276,21,0),"HAPUS") -> HAPUS
A19: 18 | B19: K/18/171024/1 | C19: M. 111/ KEMILING RAYA | D19: BN JUAL BELI | E19: 45583.71 | F19: Nadian (BT) Bu Eva (SU) | G19: Olla (PHP) | H19: SELESAI | I19: 45597.617 | J19: April (SP) | K19: SELESAI | L19: 45596.686 | M19: SELESAI | N19: 45596.686 | O19: FALSE | T19: 45589 | U19: 4 | V19: 45589/4 | W19: 3 | Y19: =_xlfn.IFNA(VLOOKUP(B19,Dashboard!$B$2:$V$1276,21,0),"HAPUS") -> HAPUS
A20: 19 | B20: K/41/181024/1 | C20: M. 1504/ Batu Putuk | D20: BN Jual Beli | E20: 45589.476 | F20: Afriza (BT) Bu Eva (SU) | G20: Olla (PHP) | H20: SELESAI | I20: 45596.489 | J20: April (SP) | K20: SELESAI | L20: 45595.685 | M20: SELESAI | N20: 45595.685 | O20: FALSE | T20: 45589 | U20: 5 | V20: 45589/5 | W20: 3 | Y20: =_xlfn.IFNA(VLOOKUP(B20,Dashboard!$B$2:$V$1276,21,0),"HAPUS") -> HAPUS
A21: 20 | B21: K/38/181024/1 | C21: M. 370/ Korpri Raya-sekarang; M. 9602/ Sukarame I-dahulu | D21: BN Jual Beli | E21: 45588.368 | F21: Afriza (BT) Aprill (SU) | G21: Olla (PHP) | H21: SELESAI | I21: 45597.614 | J21: April (SP) | K21: SELESAI | L21: 45596.69 | M21: SELESAI | N21: 45596.69 | O21: FALSE | T21: 45589 | U21: 6 | V21: 45589/6 | W21: 3 | Y21: =_xlfn.IFNA(VLOOKUP(B21,Dashboard!$B$2:$V$1276,21,0),"HAPUS") -> HAPUS
A22: 21 | B22: K/52/151024/1 | C22: M. 579/ KUPANG KOTA | D22: BN WARIS | E22: 45583.363 | F22: Nadian (BT) Bu Eva (SU) | G22: Olla (PHP) | H22: SELESAI | I22: 45597.616 | J22: April (SP) | K22: SELESAI | L22: 45596.685 | M22: SELESAI | N22: 45596.685 | O22: FALSE | T22: 45589 | U22: 7 | V22: 45589/7 | W22: 3 | Y22: =_xlfn.IFNA(VLOOKUP(B22,Dashboard!$B$2:$V$1276,21,0),"HAPUS") -> HAPUS
A23: 22 | B23: K/15/151024/1 | C23: M. 2424/ KEDAUNG | D23: BN JUAL BELI | E23: 45582.613 | F23: Afriza (BT) Bu Eva (SU) | G23: Olla (PHP) | H23: SELESAI | I23: 45597.616 | J23: April (SP) | K23: SELESAI | L23: 45596.687 | M23: SELESAI | N23: 45596.687 | O23: FALSE | T23: 45589 | U23: 8 | V23: 45589/8 | W23: 3 | Y23: =_xlfn.IFNA(VLOOKUP(B23,Dashboard!$B$2:$V$1276,21,0),"HAPUS") -> HAPUS
A24: 23 | B24: K/24/161024/2 | C24: M. 1535/ KEDAUNG | D24: BN JUAL BELI | E24: 45583.36 | F24: Nadian (BT) Bu Eva (SU) | G24: Olla (PHP) | H24: SELESAI | I24: 45600.738 | J24: Sri Sekar | K24: SELESAI | L24: 45597.541 | M24: SELESAI | N24: 45597.541 | O24: FALSE | T24: 45590 | U24: 1 | V24: 45590/1 | W24: 4 | Y24: =_xlfn.IFNA(VLOOKUP(B24,Dashboard!$B$2:$V$1276,21,0),"HAPUS") -> HAPUS
A25: 24 | B25: K/55/151024/1 | C25: M. 1402/ Tanjung Raya | D25: BN Jual Beli | E25: 45583.71 | F25: Afriza (BT) Bu Eva (SU) | G25: Olla (PHP) | H25: SELESAI | I25: 45600.64 | J25: Sri Sekar | K25: SELESAI | L25: 45597.56 | M25: SELESAI | N25: 45597.56 | O25: FALSE | T25: 45590 | U25: 2 | V25: 45590/2 | W25: 4 | Y25: =_xlfn.IFNA(VLOOKUP(B25,Dashboard!$B$2:$V$1276,21,0),"HAPUS") -> HAPUS
A26: 25 | B26: K/6/151024/1 | C26: M. 1931/ Campang Jaya | D26: BN Jual Beli | E26: 45581.419 | F26: Afriza (BT) Aprill (SU) | G26: Olla (PHP) | H26: SELESAI | I26: 45639.687 | J26: Sri Sekar | K26: SELESAI | L26: 45638.239 | M26: SELESAI | N26: 45638.239 | O26: FALSE | S26: Perlu perbaikan bidang sekitar | T26: 45590 | U26: 3 | V26: 45590/3 | W26: 4 | Y26: =_xlfn.IFNA(VLOOKUP(B26,Dashboard!$B$2:$V$1276,21,0),"HAPUS") -> HAPUS
A27: 26 | B27: K/48/151024/1 | C27: M.550/KORPRI RAYA-SEKARANG;M.10135/SUKARAME U-DAHULU | D27: PERALIHAN JUAL BELI | E27: 45583.71 | F27: Afriza (BT) Bu Eva (SU) | G27: Olla (PHP) | H27: SELESAI | I27: 45600.739 | J27: Sri Sekar | K27: SELESAI | L27: 45597.548 | M27: SELESAI | N27: 45597.548 | O27: FALSE | T27: 45590 | U27: 4 | V27: 45590/4 | W27: 4 | Y27: =_xlfn.IFNA(VLOOKUP(B27,Dashboard!$B$2:$V$1276,21,0),"HAPUS") -> HAPUS
A28: 27 | B28: K/8/171024/1 | C28: M.779/NEGERI OLOK GADING-SEKARANG;B.579/NEGERI OLOK GADING-DAHULU | D28: PERALIHAN JUAL BELI | E28: 45583.711 | F28: Afriza (BT) Bu Eva (SU) | G28: Olla (PHP) | H28: SELESAI | I28: 45600.64 | J28: Sri Sekar | K28: SELESAI | L28: 45597.563 | M28: SELESAI | N28: 45597.563 | O28: FALSE | T28: 45590 | U28: 5 | V28: 45590/5 | W28: 4 | Y28: =_xlfn.IFNA(VLOOKUP(B28,Dashboard!$B$2:$V$1276,21,0),"HAPUS") -> HAPUS
A29: 28 | B29: K/34/181024/2 | C29: M.1552/PESAWAHAN | D29: PERALIHAN JUAL BELI | E29: 45587.691 | F29: Afriza (BT) Bu Eva (SU) | J29: Sri Sekar | M29: BT atau SU Belum Alih Media | O29: FALSE | S29: Bidang salah plotting | T29: 45590 | U29: 6 | V29: 45590/6 | W29: 4 | Y29: =_xlfn.IFNA(VLOOKUP(B29,Dashboard!$B$2:$V$1276,21,0),"HAPUS") -> BELUM SPS
A30: 29 | B30: K/47/151024/1 | C30: B. 176/ LABUHAN RATU RAYA | D30: BN JUAL BELI | E30: 45582.615 | F30: Nadian (BT) Bu Eva (SU) | G30: Olla (PHP) | H30: SELESAI | I30: 45600.739 | J30: Sri Sekar | K30: SELESAI | L30: 45597.551 | M30: SELESAI | N30: 45597.551 | O30: FALSE | T30: 45590 | U30: 7 | V30: 45590/7 | W30: 4 | Y30: =_xlfn.IFNA(VLOOKUP(B30,Dashboard!$B$2:$V$1276,21,0),"HAPUS") -> HAPUS
A31: 30 | B31: K/3/151024/1 | C31: B. 613/ SUMUR PUTRI | D31: PERALIHAN JUAL BELI | E31: 45581.42 | F31: Nadian (BT) Aprill (SU) | G31: Olla (PHP) | H31: SELESAI | I31: 45611.36 | J31: Sri Sekar | K31: SELESAI | L31: 45597.557 | M31: SELESAI | N31: 45597.557 | O31: FALSE | T31: 45590 | U31: 8 | V31: 45590/8 | W31: 4 | Y31: =_xlfn.IFNA(VLOOKUP(B31,Dashboard!$B$2:$V$1276,21,0),"HAPUS") -> HAPUS
A32: 31 | B32: K/22/141024/1 | C32: M. 6977/ TANJUNG SENANG | D32: PERALIHAN JUAL BELI | E32: 45581.42 | F32: Nadian (BT) Aprill (SU) | G32: Olla (PHP) | H32: SELESAI | I32: 45600.739 | J32: Sri Sekar | K32: SELESAI | L32: 45597.549 | M32: SELESAI | N32: 45597.549 | O32: FALSE | T32: 45590 | U32: 9 | V32: 45590/9 | W32: 4 | Y32: =_xlfn.IFNA(VLOOKUP(B32,Dashboard!$B$2:$V$1276,21,0),"HAPUS") -> HAPUS
A33: 32 | B33: K/48/211024/1 | C33: M. 240/ Kemiling Permai | D33: BN Jual Beli | E33: 45588.461 | F33: Nadian (BT) Bu Eva (SU) | J33: Sri Sekar | M33: BT atau SU Belum Alih Media | O33: FALSE | S33: Perlu perbaikan bidang sekitar | T33: 45590 | U33: 10 | V33: 45590/10 | W33: 4 | Y33: =_xlfn.IFNA(VLOOKUP(B33,Dashboard!$B$2:$V$1276,21,0),"HAPUS") -> BELUM SPS
A34: 33 | B34: K/19/211024/2 | C34: M. 4625/ Sukadana Ham | D34: BN Jual Beli | E34: 45588.62 | F34: Afriza (BT) Bu Eva (SU) | G34: Olla (PHP) | H34: SELESAI | I34: 45600.641 | J34: Sri Sekar | K34: SELESAI | L34: 45597.533 | M34: SELESAI | N34: 45597.533 | O34: FALSE | T34: 45590 | U34: 11 | V34: 45590/11 | W34: 4 | Y34: =_xlfn.IFNA(VLOOKUP(B34,Dashboard!$B$2:$V$1276,21,0),"HAPUS") -> HAPUS
A35: 34 | B35: L/5/141024/1 | C35: M.9974/TANJUNG BARU | D35: ROYA | E35: 45581.419 | F35: Afriza (BT) Aprill (SU) | G35: Aisyah (PHP) | H35: SELESAI | I35: 45593.472 | J35: April (SP) | K35: SELESAI | L35: 45593.717 | M35: SELESAI | N35: 45593.717 | O35: FALSE | U35: 0 | V35: /0 | W35: 5 | Y35: =_xlfn.IFNA(VLOOKUP(B35,Dashboard!$B$2:$V$1276,21,0),"HAPUS") -> HAPUS
A36: 35 | B36: K/49/181024/4 | C36: M.2892/SUKARAME BARU-SEKARANG;B.3671/SUKARAME I-DAHULU | D36: PERALIHAN HAK | E36: 45588.38 | F36: Afriza (BT) Aprill (SU) | G36: Olla (PHP) | H36: SELESAI | I36: 45604.694 | J36: Sri Sekar | K36: SELESAI | L36: 45603.678 | M36: SELESAI | N36: 45603.678 | O36: FALSE | T36: 45593 | U36: 1 | V36: 45593/1 | W36: 6 | Y36: =_xlfn.IFNA(VLOOKUP(B36,Dashboard!$B$2:$V$1276,21,0),"HAPUS") -> HAPUS
A37: 36 | B37: K/24/231024/1 | C37: M.2226/SUKARAME BARU | D37: BN JUAL BELI | E37: 45589.469 | F37: Afriza (BT) Bu Eva (SU) | G37: Olla (PHP) | H37: SELESAI | I37: 45600.641 | J37: Sri Sekar | K37: SELESAI | L37: 45597.537 | M37: SELESAI | N37: 45597.537 | O37: FALSE | T37: 45593 | U37: 2 | V37: 45593/2 | W37: 6 | Y37: =_xlfn.IFNA(VLOOKUP(B37,Dashboard!$B$2:$V$1276,21,0),"HAPUS") -> HAPUS
A38: 37 | B38: K/27/171024/1 | C38: M. 3797/ Keteguhan | D38: BN Jual Beli | E38: 45590.601 | F38: Afriza (BT) Aprill (SU) | G38: Olla (PHP) | H38: SELESAI | I38: 45604.694 | J38: Sri Sekar | M38: BT atau SU Belum Alih Media | O38: FALSE | S38: Lembar pengesahan tidak muncul | T38: 45593 | U38: 3 | V38: 45593/3 | W38: 6 | Y38: =_xlfn.IFNA(VLOOKUP(B38,Dashboard!$B$2:$V$1276,21,0),"HAPUS") -> HAPUS
A39: 38 | B39: K/3/161024/2 | C39: M. 1217/ Campang Jaya | D39: BN Jual Beli | E39: 45590.601 | F39: Afriza (BT) Aprill (SU) | G39: Olla (PHP) | H39: SELESAI | I39: 45622.51 | J39: Sri Sekar | M39: BT atau SU Belum Alih Media | O39: FALSE | S39: bentuk persil fisik SU dan kkp berbeda | T39: 45593 | U39: 4 | V39: 45593/4 | W39: 6 | Y39: =_xlfn.IFNA(VLOOKUP(B39,Dashboard!$B$2:$V$1276,21,0),"HAPUS") -> HAPUS
A40: 39 | B40: K/28/171024/2 | C40: M. 182/ Way Kandis | D40: BN Jual Beli | E40: 45590.602 | F40: Afriza (BT) Aprill (SU) | G40: Olla (PHP) | H40: SELESAI | I40: 45608.615 | J40: Sri Sekar | K40: SELESAI | L40: 45603.667 | M40: SELESAI | N40: 45603.667 | O40: FALSE | T40: 45593 | U40: 5 | V40: 45593/5 | W40: 6 | Y40: =_xlfn.IFNA(VLOOKUP(B40,Dashboard!$B$2:$V$1276,21,0),"HAPUS") -> HAPUS
A41: 40 | B41: K/5/181024/1 | C41: B. 164/ Rawa Laut | D41: BN Jual Beli | E41: 45590.602 | F41: Afriza (BT) Aprill (SU) | G41: Olla (PHP) | H41: SELESAI | I41: 45608.615 | J41: Sri Sekar | K41: SELESAI | L41: 45603.667 | M41: SELESAI | N41: 45603.667 | O41: FALSE | T41: 45593 | U41: 6 | V41: 45593/6 | W41: 6 | Y41: =_xlfn.IFNA(VLOOKUP(B41,Dashboard!$B$2:$V$1276,21,0),"HAPUS") -> HAPUS
A42: 41 | B42: K/37/171024/1 | C42: M. 1305/ KBK; B. 185/KBK-dahulu | D42: BN Jual Beli | E42: 45590.601 | F42: Afriza (BT) Aprill (SU) | G42: Olla (PHP) | H42: SELESAI | I42: 45608.615 | J42: Sri Sekar | M42: BT atau SU Belum Alih Media | O42: FALSE | S42: SU belum valid | T42: 45593 | U42: 7 | V42: 45593/7 | W42: 6 | Y42: =_xlfn.IFNA(VLOOKUP(B42,Dashboard!$B$2:$V$1276,21,0),"HAPUS") -> HAPUS
A43: 42 | B43: K/48/171024/1 | C43: M. 6466/ Way kandis | D43: BN Jual Beli | E43: 45587.668 | F43: Nadian (BT) Bu Eva (SU) | G43: Olla (PHP) | H43: SELESAI | I43: 45600.641 | J43: Sri Sekar | K43: SELESAI | L43: 45597.573 | M43: SELESAI | N43: 45597.573 | O43: FALSE | T43: 45593 | U43: 8 | V43: 45593/8 | W43: 6 | Y43: =_xlfn.IFNA(VLOOKUP(B43,Dashboard!$B$2:$V$1276,21,0),"HAPUS") -> HAPUS
A44: 43 | B44: K/12/231024/1 | C44: M. 10719/ Segala Mider | D44: BN Jual Beli | E44: 45589.473 | F44: Afriza (BT) Bu Eva (SU) | G44: Olla (PHP) | H44: SELESAI | I44: 45600.738 | J44: Sri Sekar | K44: SELESAI | L44: 45597.543 | M44: SELESAI | N44: 45597.543 | O44: FALSE | T44: 45593 | U44: 9 | V44: 45593/9 | W44: 6 | Y44: =_xlfn.IFNA(VLOOKUP(B44,Dashboard!$B$2:$V$1276,21,0),"HAPUS") -> HAPUS
A45: 44 | B45: K/38/171024/2 | C45: M. 4522/ Gunung Terang | D45: BN Jual Beli | E45: 45587.668 | F45: Nadian (BT) Bu Eva (SU) | G45: Olla (PHP) | H45: SELESAI | I45: 45600.64 | J45: Sri Sekar | K45: SELESAI | L45: 45597.571 | M45: SELESAI | N45: 45597.571 | O45: FALSE | T45: 45593 | U45: 10 | V45: 45593/10 | W45: 6 | Y45: =_xlfn.IFNA(VLOOKUP(B45,Dashboard!$B$2:$V$1276,21,0),"HAPUS") -> HAPUS
A46: 45 | B46: K/30/211024/2 | C46: M. 2661/ Sukarame Baru | D46: BN Jual Beli | E46: 45588.458 | F46: Nadian (BT) Aprill (SU) | G46: Olla (PHP) | H46: SELESAI | I46: 45600.738 | J46: Sri Sekar | K46: SELESAI | L46: 45597.546 | M46: SELESAI | N46: 45597.546 | O46: FALSE | T46: 45593 | U46: 11 | V46: 45593/11 | W46: 6 | Y46: =_xlfn.IFNA(VLOOKUP(B46,Dashboard!$B$2:$V$1276,21,0),"HAPUS") -> HAPUS
A47: 46 | B47: K/16/151024/2 | C47: M. 2418/ KEDAUNG | D47: BN JUAL BELI | E47: 45582.613 | F47: Afriza (BT) Bu Eva (SU) | G47: Olla (PHP) | H47: SELESAI | I47: 45600.641 | J47: Sri Sekar | K47: SELESAI | L47: 45597.574 | M47: SELESAI | N47: 45597.574 | O47: FALSE | T47: 45593 | U47: 12 | V47: 45593/12 | W47: 6 | Y47: =_xlfn.IFNA(VLOOKUP(B47,Dashboard!$B$2:$V$1276,21,0),"HAPUS") -> HAPUS
A48: 47 | B48: K/25/181024/1 | C48: M. 3996/ Rajabasa Jaya | D48: BN Jual Beli | E48: 45588.383 | F48: Afriza (BT) Aprill (SU) | G48: Olla (PHP) | H48: SELESAI | I48: 45600.739 | J48: Sri Sekar | K48: SELESAI | L48: 45597.544 | M48: SELESAI | N48: 45597.544 | O48: FALSE | T48: 45593 | U48: 13 | V48: 45593/13 | W48: 6 | Y48: =_xlfn.IFNA(VLOOKUP(B48,Dashboard!$B$2:$V$1276,21,0),"HAPUS") -> HAPUS
A49: 48 | B49: K/10/171024/2 | C49: M. 511/ PEMATANG WANGI | D49: BN JUAL BELI | E49: 45587.668 | F49: Afriza (BT) Bu Eva (SU) | G49: Olla (PHP) | H49: SELESAI | I49: 45600.641 | J49: Sri Sekar | K49: SELESAI | L49: 45597.483 | M49: SELESAI | N49: 45597.483 | O49: FALSE | T49: 45593 | U49: 14 | V49: 45593/14 | W49: 6 | Y49: =_xlfn.IFNA(VLOOKUP(B49,Dashboard!$B$2:$V$1276,21,0),"HAPUS") -> HAPUS
A50: 49 | B50: L/35/141024/1 | C50: M.676/SAWAH BREBES | D50: ROYA LELANG | E50: 45581.418 | F50: Nadian (BT) Aprill (SU) | J50: April (SP) | K50: SELESAI | L50: 45593.717 | M50: BT atau SU Belum Alih Media | O50: FALSE | U50: 0 | V50: /0 | W50: 7 | Y50: =_xlfn.IFNA(VLOOKUP(B50,Dashboard!$B$2:$V$1276,21,0),"HAPUS") -> HAPUS
A51: 50 | B51: K/3/211024/1 | C51: B.530/CAMPANG JAYA | D51: PENINGKATAN HAK | E51: 45588.621 | F51: Afriza (BT) Bu Eva (SU) | G51: Rina (PHP) | H51: PROSES | J51: April (SP) | K51: SELESAI | L51: 45593.717 | M51: BT atau SU Belum Alih Media | O51: FALSE | U51: 0 | V51: /0 | W51: 7 | Y51: =_xlfn.IFNA(VLOOKUP(B51,Dashboard!$B$2:$V$1276,21,0),"HAPUS") -> HAPUS
A52: 51 | B52: K/41/211024/1 | C52: B.569/NUSANTARA PERMAI-SEKARANG;B.336/CAMPANG RAYA-DAHULU | D52: PENINGKATAN HAK | E52: 45588.458 | F52: Nadian (BT) Aprill (SU) | G52: Lisca (PHP) | H52: SELESAI | I52: 45594.4 | J52: April (SP) | K52: SELESAI | L52: 45593.728 | M52: SELESAI | N52: 45593.728 | O52: FALSE | U52: 0 | V52: /0 | W52: 7 | Y52: =_xlfn.IFNA(VLOOKUP(B52,Dashboard!$B$2:$V$1276,21,0),"HAPUS") -> HAPUS
A53: 52 | B53: L/10/151024/1 | C53: B.561/NUSANTARA PERMAI;B.329/CAMPANG RAYA-DAHULU | D53: PERUBAHAN HAK | E53: 45581.419 | F53: Afriza (BT) Aprill (SU) | G53: Rina (PHP) | H53: PROSES | J53: April (SP) | K53: SELESAI | L53: 45593.717 | M53: BT atau SU Belum Alih Media | O53: FALSE | U53: 0 | V53: /0 | W53: 7 | Y53: =_xlfn.IFNA(VLOOKUP(B53,Dashboard!$B$2:$V$1276,21,0),"HAPUS") -> BELUM SPS
A54: 53 | B54: L/49/151024/1 | C54: B.238/BERINGIN RAYA;B.238/BERINGIN JAYA-DAHULU | D54: PERUBAHAN HAK | E54: 45582.615 | F54: Nadian (BT) Aprill (SU) | G54: Lisca (PHP) | H54: SELESAI | I54: 45650.574 | J54: April (SP) | K54: SELESAI | L54: 45650.574 | M54: SELESAI | N54: 45650.574 | O54: FALSE | U54: 0 | V54: /0 | W54: 7 | Y54: =_xlfn.IFNA(VLOOKUP(B54,Dashboard!$B$2:$V$1276,21,0),"HAPUS") -> BELUM SPS
A55: 54 | B55: L/23/211024/1 | C55: HGB 3764/BERINGIN RAYA | D55: PH | E55: 45588.459 | F55: Nadian (BT) Aprill (SU) | G55: Rina (PHP) | H55: PROSES | M55: BT atau SU Belum Alih Media | O55: FALSE | U55: 0 | V55: /0 | W55: 7 | Y55: =_xlfn.IFNA(VLOOKUP(B55,Dashboard!$B$2:$V$1276,21,0),"HAPUS") -> BELUM SPS
A56: 55 | B56: K/56/171024/1 | C56: M. 377/ ENGGAL | D56: ROYA | E56: 45587.668 | F56: Nadian (BT) Bu Eva (SU) | G56: Aisyah (PHP) | H56: SELESAI | I56: 45593.723 | M56: BT atau SU Belum Alih Media | O56: FALSE | U56: 0 | V56: /0 | W56: 7 | Y56: =_xlfn.IFNA(VLOOKUP(B56,Dashboard!$B$2:$V$1276,21,0),"HAPUS") -> BELUM SPS
A57: 56 | B57: L/40/231024/1 | C57: B.1044/KEMILING PERMAI | D57: ROYA | E57: 45589.71 | F57: Nadian (BT) Bu Eva (SU) | G57: Aisyah (PHP) | H57: SELESAI | I57: 45593.717 | J57: April (SP) | K57: SELESAI | L57: 45593.717 | M57: SELESAI | N57: 45593.717 | O57: FALSE | U57: 0 | V57: /0 | W57: 7 | Y57: =_xlfn.IFNA(VLOOKUP(B57,Dashboard!$B$2:$V$1276,21,0),"HAPUS") -> HAPUS
A58: 57 | B58: L/24/141024/1 | C58: M.2064/GUNUNG TERANG | D58: ROYA | E58: 45581.418 | F58: Nadian (BT) Aprill (SU) | G58: Aisyah (PHP) | H58: SELESAI | I58: 45593.717 | M58: BT atau SU Belum Alih Media | O58: FALSE | U58: 0 | V58: /0 | W58: 7 | Y58: =_xlfn.IFNA(VLOOKUP(B58,Dashboard!$B$2:$V$1276,21,0),"HAPUS") -> HAPUS
A59: 58 | B59: K/41/171024/1 | C59: M. 11796/ Sukabumi; B. 3316/ Sukabumi-dahulu | D59: Roya | E59: 45587.668 | F59: Nadian (BT) Bu Eva (SU) | G59: Aisyah (PHP) | H59: SELESAI | I59: 45594.346 | J59: April (SP) | K59: SELESAI | L59: 45594.346 | M59: SELESAI | N59: 45594.346 | O59: FALSE | U59: 0 | V59: /0 | W59: 7 | Y59: =_xlfn.IFNA(VLOOKUP(B59,Dashboard!$B$2:$V$1276,21,0),"HAPUS") -> HAPUS
A60: 59 | B60: L/26/211024/1 | C60: B.97/BILABONG JAYA;B.28/SUSUNAN BARU-DAHULU | D60: PERUBAHAN HAK | E60: 45589.475 | F60: Afriza (BT) Bu Eva (SU) | G60: Lisca (PHP) | H60: SELESAI | I60: 45594.411 | J60: April (SP) | K60: SELESAI | L60: 45594.399 | M60: SELESAI | N60: 45594.399 | O60: FALSE | U60: 0 | V60: /0 | W60: 7 | Y60: =_xlfn.IFNA(VLOOKUP(B60,Dashboard!$B$2:$V$1276,21,0),"HAPUS") -> HAPUS
A61: 60 | B61: L/8/161024/1 | C61: B.834/PWK;B.763/WAY KANDIS-DAHULU | D61: PERUBAHAN HAK | E61: 45587.668 | F61: Afriza (BT) Bu Eva (SU) | G61: Lisca (PHP) | H61: SELESAI | I61: 45594.426 | J61: April (SP) | K61: SELESAI | L61: 45594.426 | M61: SELESAI | N61: 45594.426 | O61: FALSE | U61: 0 | V61: /0 | W61: 7 | Y61: =_xlfn.IFNA(VLOOKUP(B61,Dashboard!$B$2:$V$1276,21,0),"HAPUS") -> HAPUS
A62: 61 | B62: K/47/211024/1 | C62: M.2704/SUKARAME BARU-SEKARANG;B.986/SUKARAME -DAHULU | D62: PERALIHAN JUAL BELI | E62: 45588.461 | F62: Nadian (BT) Bu Eva (SU) | G62: Olla (PHP) | H62: SELESAI | I62: 45595.485 | J62: April (SP) | K62: SELESAI | L62: 45595.485 | M62: SELESAI | N62: 45595.485 | O62: FALSE | T62: 45594 | U62: 1 | V62: 45594/1 | W62: 8 | Y62: =_xlfn.IFNA(VLOOKUP(B62,Dashboard!$B$2:$V$1276,21,0),"HAPUS") -> BELUM SPS
A63: 62 | B63: K/36/151024/1 | C63: M.4791/BERINGIN RAYA-SEKARANG;B.1135/SUMBERREJO-DAHULU | D63: PERALIHAN LELANG | F63: Nadian (BT) Aprill (SU) | M63: BT atau SU Belum Alih Media | O63: FALSE | T63: 45594 | U63: 2 | V63: 45594/2 | W63: 8 | Y63: =_xlfn.IFNA(VLOOKUP(B63,Dashboard!$B$2:$V$1276,21,0),"HAPUS") -> BELUM SPS
A64: 63 | B64: K/51/211024/2 | C64: M. 923/ Gunung Sulah | D64: BN Jual Beli | F64: Nadian (BT) Aprill (SU) | G64: Olla (PHP) | H64: SELESAI | I64: 45614.623 | J64: Sri Sekar | K64: SELESAI | L64: 45609.561 | M64: SELESAI | N64: 45609.561 | O64: FALSE | T64: 45594 | U64: 3 | V64: 45594/3 | W64: 8 | Y64: =_xlfn.IFNA(VLOOKUP(B64,Dashboard!$B$2:$V$1276,21,0),"HAPUS") -> HAPUS
A65: 64 | B65: K/42/231024/1 | C65: M.1878/KEDAUNG | D65: BN JUAL BELI | E65: 45589.709 | F65: Nadian (BT) Bu Eva (SU) | M65: BT atau SU Belum Alih Media | O65: FALSE | T65: 45594 | U65: 4 | V65: 45594/4 | W65: 8 | Y65: =_xlfn.IFNA(VLOOKUP(B65,Dashboard!$B$2:$V$1276,21,0),"HAPUS") -> BELUM SPS
A66: 65 | B66: K/40/221024/2 | C66: M. 2152/ Sepang Jaya | D66: BN Jual Beli | E66: 45589.471 | F66: Afriza (BT) Bu Eva (SU) | G66: Olla (PHP) | H66: SELESAI | I66: 45601.602 | M66: BT atau SU Belum Alih Media | O66: FALSE | T66: 45594 | U66: 5 | V66: 45594/5 | W66: 8 | Y66: =_xlfn.IFNA(VLOOKUP(B66,Dashboard!$B$2:$V$1276,21,0),"HAPUS") -> HAPUS
A67: 66 | B67: K/53/221024/3 | C67: M. 1992/ L R R | D67: BN Jual Beli | E67: 45589.476 | F67: Afriza (BT) Bu Eva (SU) | G67: Olla (PHP) | H67: SELESAI | I67: 45601.602 | M67: BT atau SU Belum Alih Media | O67: FALSE | T67: 45594 | U67: 6 | V67: 45594/6 | W67: 8 | Y67: =_xlfn.IFNA(VLOOKUP(B67,Dashboard!$B$2:$V$1276,21,0),"HAPUS") -> HAPUS
A68: 67 | B68: K/23/181024/1 | C68: M. 224/ Kampung Baru Raya | D68: BN Jual Beli | F68: Nadian (BT) Aprill (SU) | M68: BT atau SU Belum Alih Media | O68: FALSE | T68: 45594 | U68: 7 | V68: 45594/7 | W68: 8 | Y68: =_xlfn.IFNA(VLOOKUP(B68,Dashboard!$B$2:$V$1276,21,0),"HAPUS") -> BELUM SPS
A69: 68 | B69: K/2/181024/2 | C69: M. 596/ Gunung Terang | D69: BN JUAL BELI | E69: 45593.655 | F69: Afriza (BT) Aprill (SU) | G69: Olla (PHP) | H69: SELESAI | I69: 45607.638 | J69: Sri Sekar | K69: SELESAI | L69: 45603.722 | M69: SELESAI | N69: 45603.722 | O69: FALSE | T69: 45594 | U69: 8 | V69: 45594/8 | W69: 8 | Y69: =_xlfn.IFNA(VLOOKUP(B69,Dashboard!$B$2:$V$1276,21,0),"HAPUS") -> HAPUS
A70: 69 | B70: K/12/141024/1 | C70: M.3326/LANGKAPURA | D70: ROYA | E70: 45581.418 | F70: Nadian (BT) Aprill (SU) | G70: Ai (PHP) | H70: PROSES | J70: April (SP) | K70: SELESAI | L70: 45595.579 | M70: BT atau SU Belum Alih Media | O70: FALSE | U70: 0 | V70: /0 | W70: 9 | Y70: =_xlfn.IFNA(VLOOKUP(B70,Dashboard!$B$2:$V$1276,21,0),"HAPUS") -> HAPUS
A71: 70 | B71: L/35/141024/1 | C71: M.676/SAWAH BREBES | D71: ROYA LELANG | E71: 45581.418 | F71: Nadian (BT) Aprill (SU) | G71: Ai (PHP) | H71: SELESAI | I71: 45594.486 | J71: April (SP) | K71: SELESAI | L71: 45594.486 | M71: SELESAI | N71: 45594.486 | O71: FALSE | U71: 0 | V71: /0 | W71: 9 | Y71: =_xlfn.IFNA(VLOOKUP(B71,Dashboard!$B$2:$V$1276,21,0),"HAPUS") -> HAPUS
A72: 71 | B72: L/33/141024/1 | C72: M.1540/GUNUNG TERANG;B.17/GU TERANG-DAHULU | D72: ROYA | E72: 45581.42 | F72: Nadian (BT) Aprill (SU) | G72: Ai (PHP) | H72: SELESAI | I72: 45594.491 | J72: Sri Sekar | K72: SELESAI | L72: 45594.491 | M72: SELESAI | N72: 45594.491 | O72: FALSE | U72: 0 | V72: /0 | W72: 9 | Y72: =_xlfn.IFNA(VLOOKUP(B72,Dashboard!$B$2:$V$1276,21,0),"HAPUS") -> HAPUS
A73: 72 | B73: L/31/151024/1 | C73: B.91/GUNUNG TERANG | D73: PERUBAHAN HAK | F73: Afriza (BT) Aprill (SU) | G73: Lisca (PHP) | H73: SELESAI | I73: 45594.566 | J73: April (SP) | K73: SELESAI | L73: 45594.566 | M73: SELESAI | N73: 45594.566 | O73: FALSE | U73: 0 | V73: /0 | W73: 9 | Y73: =_xlfn.IFNA(VLOOKUP(B73,Dashboard!$B$2:$V$1276,21,0),"HAPUS") -> HAPUS
A74: 73 | B74: K/35/181024/1 | C74: B.936/JAGABAYA III-SEKARANG;B.1342/JAGABAYA II-DAHULU | D74: PENINGKATAN | F74: Nadian (BT) Aprill (SU) | G74: Lisca (PHP) | H74: SELESAI | I74: 45594.566 | J74: April (SP) | K74: SELESAI | L74: 45594.566 | M74: SELESAI | N74: 45594.566 | O74: FALSE | U74: 0 | V74: /0 | W74: 9 | Y74: =_xlfn.IFNA(VLOOKUP(B74,Dashboard!$B$2:$V$1276,21,0),"HAPUS") -> HAPUS
A75: 74 | B75: K/39/181024/2 | C75: M. 37/ KUPANG TEBA | D75: ROYA | E75: 45588.375 | F75: Afriza (BT) Aprill (SU) | G75: Ai (PHP) | H75: SELESAI | I75: 45596.623 | J75: April (SP) | K75: SELESAI | L75: 45594.533 | M75: SELESAI | N75: 45594.533 | O75: FALSE | U75: 0 | V75: /0 | W75: 9 | Y75: =_xlfn.IFNA(VLOOKUP(B75,Dashboard!$B$2:$V$1276,21,0),"HAPUS") -> HAPUS
A76: 75 | B76: K/7/181024/2 | C76: B. 696/ Peswahan dan SHT 3014/2006 | D76: Roya | E76: 45588.461 | F76: Nadian (BT) Bu Eva (SU) | G76: Ai (PHP) | H76: SELESAI | I76: 45596.615 | J76: April (SP) | K76: SELESAI | L76: 45594.534 | M76: SELESAI | N76: 45594.534 | O76: FALSE | U76: 0 | V76: /0 | W76: 9 | Y76: =_xlfn.IFNA(VLOOKUP(B76,Dashboard!$B$2:$V$1276,21,0),"HAPUS") -> HAPUS
A77: 76 | B77: K/5/151024/2 | C77: M. 1952/ Langkapura | D77: Roya | E77: 45581.419 | F77: Afriza (BT) Aprill (SU) | J77: April (SP) | K77: SELESAI | L77: 45594.536 | M77: BT atau SU Belum Alih Media | O77: FALSE | U77: 0 | V77: /0 | W77: 9 | Y77: =_xlfn.IFNA(VLOOKUP(B77,Dashboard!$B$2:$V$1276,21,0),"HAPUS") -> HAPUS
A78: 77 | B78: L/16/161024/1 | C78: M.1095/NOG | D78: ROYA | F78: Nadian (BT) Bu Eva (SU) | J78: April (SP) | K78: SELESAI | L78: 45594.538 | M78: BT atau SU Belum Alih Media | O78: FALSE | U78: 0 | V78: /0 | W78: 9 | Y78: =_xlfn.IFNA(VLOOKUP(B78,Dashboard!$B$2:$V$1276,21,0),"HAPUS") -> BELUM SPS
A79: 78 | B79: L/33/211024/1 | C79: HM 180/PINANG JAYA | D79: ROYA | E79: 45588.461 | F79: Nadian (BT) Bu Eva (SU) | G79: Ai (PHP) | H79: SELESAI | I79: 45602.45 | J79: April (SP) | K79: SELESAI | L79: 45594.54 | M79: SELESAI | N79: 45594.54 | O79: FALSE | U79: 0 | V79: /0 | W79: 9 | Y79: =_xlfn.IFNA(VLOOKUP(B79,Dashboard!$B$2:$V$1276,21,0),"HAPUS") -> BELUM SPS
A80: 79 | B80: L/35/171024/1 | C80: HM 296/RAJABASA RAYA | D80: ROYA | E80: 45587.668 | F80: Nadian (BT) Bu Eva (SU) | G80: Ai (PHP) | H80: SELESAI | I80: 45594.639 | J80: April (SP) | K80: SELESAI | L80: 45594.625 | M80: SELESAI | N80: 45594.625 | O80: FALSE | U80: 0 | V80: /0 | W80: 9 | Y80: =_xlfn.IFNA(VLOOKUP(B80,Dashboard!$B$2:$V$1276,21,0),"HAPUS") -> BELUM SPS
A81: 80 | B81: K/57/151024/3 | C81: M. 590/ Pematang Wangi; 382/ Tanjung Senang dahulu | D81: Roya | E81: 45583.359 | F81: Nadian (BT) Bu Eva (SU) | G81: Ai (PHP) | H81: SELESAI | I81: 45594.635 | J81: April (SP) | K81: SELESAI | L81: 45594.635 | M81: SELESAI | N81: 45594.635 | O81: FALSE | U81: 0 | V81: /0 | W81: 9 | Y81: =_xlfn.IFNA(VLOOKUP(B81,Dashboard!$B$2:$V$1276,21,0),"HAPUS") -> HAPUS
A82: 81 | B82: L/44/171024/1 | C82: HM 16138/SUKARAME I | D82: ROYA | E82: 45587.668 | F82: Nadian (BT) Bu Eva (SU) | G82: Ai (PHP) | H82: SELESAI | I82: 45595.463 | J82: April (SP) | K82: SELESAI | L82: 45595.447 | M82: SELESAI | N82: 45595.447 | O82: FALSE | U82: 0 | V82: /0 | W82: 9 | Y82: =_xlfn.IFNA(VLOOKUP(B82,Dashboard!$B$2:$V$1276,21,0),"HAPUS") -> BELUM SPS
A83: 82 | B83: L/40/171024/1 | C83: HM 1375/TANJUNG SENENG | D83: ROYA | E83: 45587.668 | F83: Nadian (BT) Bu Eva (SU) | G83: Ai (PHP) | H83: SELESAI | I83: 45595.453 | J83: April (SP) | K83: SELESAI | L83: 45595.453 | M83: SELESAI | N83: 45595.453 | O83: FALSE | U83: 0 | V83: /0 | W83: 9 | Y83: =_xlfn.IFNA(VLOOKUP(B83,Dashboard!$B$2:$V$1276,21,0),"HAPUS") -> BELUM SPS
A84: 83 | B84: L/21/141024/1 | C84: HM 1812/TANJUNG SENANG | D84: ROYA | E84: 45581.418 | F84: Nadian (BT) Aprill (SU) | G84: Ai (PHP) | H84: SELESAI | I84: 45595.454 | J84: April (SP) | K84: SELESAI | L84: 45595.454 | M84: SELESAI | N84: 45595.454 | O84: FALSE | U84: 0 | V84: /0 | W84: 9 | Y84: =_xlfn.IFNA(VLOOKUP(B84,Dashboard!$B$2:$V$1276,21,0),"HAPUS") -> HAPUS
A85: 84 | B85: K/14/141024/3 | C85: M.988/NEGERI OLOK GADING-SEKARANG;B.1050/NEGERI OLOK GADING-DAHULU | D85: ROYA | E85: 45581.42 | F85: Afriza (BT) Aprill (SU) | G85: Ai (PHP) | H85: SELESAI | I85: 45595.454 | J85: April (SP) | K85: SELESAI | L85: 45595.454 | M85: SELESAI | N85: 45595.454 | O85: FALSE | U85: 0 | V85: /0 | W85: 9 | Y85: =_xlfn.IFNA(VLOOKUP(B85,Dashboard!$B$2:$V$1276,21,0),"HAPUS") -> HAPUS
A86: 85 | B86: K/41/141024/1 | C86: M. 2283/ GEDONG AIR | D86: ROYA | E86: 45581.419 | F86: Afriza (BT) Aprill (SU) | G86: Ai (PHP) | H86: SELESAI | I86: 45595.648 | J86: April (SP) | K86: SELESAI | L86: 45595.648 | M86: SELESAI | N86: 45595.648 | O86: FALSE | U86: 0 | V86: /0 | W86: 9 | Y86: =_xlfn.IFNA(VLOOKUP(B86,Dashboard!$B$2:$V$1276,21,0),"HAPUS") -> HAPUS
A87: 86 | B87: L/16/161024/1 | C87: M.1095/NOG | D87: ROYA | F87: Nadian (BT) Bu Eva (SU) | G87: Ai (PHP) | H87: SELESAI | I87: 45595.648 | J87: April (SP) | K87: SELESAI | L87: 45595.648 | M87: SELESAI | N87: 45595.648 | O87: FALSE | U87: 0 | V87: /0 | W87: 9 | Y87: =_xlfn.IFNA(VLOOKUP(B87,Dashboard!$B$2:$V$1276,21,0),"HAPUS") -> BELUM SPS
A88: 87 | B88: K/55/221024/1 | C88: M.671/ENGGAL | D88: PERALIHAN JUAL BELI | E88: 45594.388 | F88: Afriza (BT) Bu Eva (SU) | G88: Olla (PHP) | H88: SELESAI | I88: 45608.375 | M88: BT atau SU Belum Alih Media | O88: FALSE | T88: 45595 | U88: 1 | V88: 45595/1 | W88: 10 | Y88: =_xlfn.IFNA(VLOOKUP(B88,Dashboard!$B$2:$V$1276,21,0),"HAPUS") -> HAPUS
A89: 88 | B89: K/49/181024/4 | C89: M.2892/SUKARAME BARU-SEKARANG;B.3671/SUKARAME I-DAHULU | D89: PERALIHAN HAK | E89: 45588.38 | F89: Afriza (BT) Aprill (SU) | M89: BT atau SU Belum Alih Media | O89: FALSE | T89: 45595 | U89: 2 | V89: 45595/2 | W89: 10 | Y89: =_xlfn.IFNA(VLOOKUP(B89,Dashboard!$B$2:$V$1276,21,0),"HAPUS") -> HAPUS
A90: 89 | B90: K/52/221024/2 | C90: M. 1991/ L R R | D90: BN Jual Beli | E90: 45589.475 | F90: Afriza (BT) Bu Eva (SU) | G90: Olla (PHP) | H90: SELESAI | I90: 45614.632 | J90: Sri Sekar | K90: SELESAI | L90: 45609.584 | M90: SELESAI | N90: 45609.584 | O90: FALSE | S90: Bentuk persil pada fisik SU dan KKP berbeda | T90: 45595 | U90: 3 | V90: 45595/3 | W90: 10 | Y90: =_xlfn.IFNA(VLOOKUP(B90,Dashboard!$B$2:$V$1276,21,0),"HAPUS") -> HAPUS
A91: 90 | B91: K/34/151024/2 | C91: M. 1311/ Beringin Jaya; dahulu B. 2093/ Beringin Raya | D91: BN Hibah | E91: 45582.613 | F91: Afriza (BT) Bu Eva (SU) | G91: Olla (PHP) | H91: SELESAI | I91: 45604.692 | J91: Sri Sekar | K91: SELESAI | L91: 45603.667 | M91: SELESAI | N91: 45603.667 | O91: FALSE | T91: 45595 | U91: 4 | V91: 45595/4 | W91: 10 | Y91: =_xlfn.IFNA(VLOOKUP(B91,Dashboard!$B$2:$V$1276,21,0),"HAPUS") -> HAPUS
A92: 91 | B92: K/5/241024/2 | G92: Olla (PHP) | H92: SELESAI | I92: 45628.771 | J92: Sri Sekar | K92: SELESAI | L92: 45622.38 | N92: 45622.38 | O92: FALSE | T92: 45595 | U92: 5 | V92: 45595/5 | W92: 10 | Y92: =_xlfn.IFNA(VLOOKUP(B92,Dashboard!$B$2:$V$1276,21,0),"HAPUS") -> HAPUS
A93: 92 | B93: K/5/171024/1 | C93: M. 14030/ Tanjung Baru; M. 13709/ Kedamaian-dahulu | D93: BN Waris | E93: 45587.668 | F93: Afriza (BT) Bu Eva (SU) | G93: Olla (PHP) | H93: SELESAI | I93: 45608.615 | M93: BT atau SU Belum Alih Media | O93: FALSE | T93: 45595 | U93: 6 | V93: 45595/6 | W93: 10 | Y93: =_xlfn.IFNA(VLOOKUP(B93,Dashboard!$B$2:$V$1276,21,0),"HAPUS") -> HAPUS
A94: 93 | B94: K/48/221024/1 | C94: B.578/KEMILING PERMAI | D94: PERALIHAN JUAL BELI | E94: 45594.381 | F94: Afriza (BT) Bu Eva (SU) | G94: Olla (PHP) | H94: SELESAI | I94: 45628.771 | J94: Sri Sekar | K94: SELESAI | L94: 45622.38 | M94: SELESAI | N94: 45622.38 | O94: FALSE | T94: 45595 | U94: 7 | V94: 45595/7 | W94: 10 | Y94: =_xlfn.IFNA(VLOOKUP(B94,Dashboard!$B$2:$V$1276,21,0),"HAPUS") -> HAPUS
A95: 94 | B95: K/47/181024/3 | C95: M.1297/GUNUNG TERANG | D95: KEWARISAN | E95: 45587.691 | F95: Afriza (BT) Bu Eva (SU) | G95: Olla (PHP) | H95: SELESAI | I95: 45602.56 | J95: Sri Sekar | K95: SELESAI | L95: 45603.667 | M95: SELESAI | N95: 45603.667 | O95: FALSE | T95: 45595 | U95: 8 | V95: 45595/8 | W95: 10 | Y95: =_xlfn.IFNA(VLOOKUP(B95,Dashboard!$B$2:$V$1276,21,0),"HAPUS") -> HAPUS
A96: 95 | B96: K/46/181024/2 | C96: M.598/GUNUNG TERANG | D96: KEWARISAN | E96: 45588.391 | F96: Afriza (BT) Aprill (SU) | G96: Olla (PHP) | H96: SELESAI | I96: 45602.559 | J96: Sri Sekar | K96: SELESAI | L96: 45603.667 | M96: SELESAI | N96: 45603.667 | O96: FALSE | T96: 45595 | U96: 9 | V96: 45595/9 | W96: 10 | Y96: =_xlfn.IFNA(VLOOKUP(B96,Dashboard!$B$2:$V$1276,21,0),"HAPUS") -> BELUM SPS
A97: 96 | B97: K/19/281024/1 | C97: M.231/CAMPANG JAYA-SEKARANG;M.231/NUSANTARA PERMAI-DAHULU | D97: BN JUAL BELI | E97: 45595.491 | F97: Nadian (BT) Aprill (SU) | J97: Sri Sekar | M97: BT atau SU Belum Alih Media | O97: FALSE | S97: SU Panjang | T97: 45595 | U97: 10 | V97: 45595/10 | W97: 10 | Y97: =_xlfn.IFNA(VLOOKUP(B97,Dashboard!$B$2:$V$1276,21,0),"HAPUS") -> BELUM SPS
A98: 97 | B98: K/25/231024/2 | C98: M.2225/SUKARAME BARU | D98: BN JUAL BELI | E98: 45589.469 | F98: Afriza (BT) Bu Eva (SU) | G98: Olla (PHP) | H98: SELESAI | I98: 45607.638 | J98: Sri Sekar | K98: SELESAI | L98: 45603.667 | M98: SELESAI | N98: 45603.667 | O98: FALSE | T98: 45595 | U98: 11 | V98: 45595/11 | W98: 10 | Y98: =_xlfn.IFNA(VLOOKUP(B98,Dashboard!$B$2:$V$1276,21,0),"HAPUS") -> HAPUS
A99: 98 | B99: K/50/231024/1 | C99: M.4449/SUKADANAHAM | D99: BN JUAL BELI | E99: 45589.71 | F99: Nadian (BT) Bu Eva (SU) | G99: Olla (PHP) | H99: SELESAI | I99: 45607.638 | J99: Sri Sekar | K99: SELESAI | L99: 45603.667 | M99: SELESAI | N99: 45603.667 | O99: FALSE | T99: 45595 | U99: 12 | V99: 45595/12 | W99: 10 | Y99: =_xlfn.IFNA(VLOOKUP(B99,Dashboard!$B$2:$V$1276,21,0),"HAPUS") -> HAPUS
A100: 99 | B100: K/65/221024/2 | C100: M. 16640/ Sukabumi | D100: BN Jual Beli | E100: 45589.476 | F100: Afriza (BT) Bu Eva (SU) | G100: Olla (PHP) | H100: SELESAI | I100: 45625.59 | M100: BT atau SU Belum Alih Media | O100: FALSE | T100: 45595 | U100: 13 | V100: 45595/13 | W100: 10 | Y100: =_xlfn.IFNA(VLOOKUP(B100,Dashboard!$B$2:$V$1276,21,0),"HAPUS") -> HAPUS
...
